customer_id,transaction_count,avg_transaction_amount,max_transaction_amount,min_transaction_amount,total_transaction_amount,total_credit_transactions,total_debit_transactions,fraud_transactions,fraud_ratio
3984,2,3547.655,4281.39,2813.92,7095.31,1,1,1,0.5
2850,1,1616.03,1616.03,1616.03,1616.03,0,0,0,0.0
1798,2,3709.95,4409.01,3010.89,7419.9,0,1,0,0.0
1489,1,790.27,790.27,790.27,790.27,0,0,0,0.0
1269,1,1617.18,1617.18,1617.18,1617.18,1,0,0,0.0
2335,3,3305.423333333333,4379.05,1516.1,9916.27,0,0,0,0.0
4790,1,4215.37,4215.37,4215.37,4215.37,0,0,0,0.0
1560,1,4259.62,4259.62,4259.62,4259.62,0,1,0,0.0
3936,2,3246.315,3870.75,2621.88,6492.63,0,1,0,0.0
2574,2,1504.7,2649.91,359.49,3009.4,1,1,0,0.0
1898,2,2550.71,4130.99,970.43,5101.42,1,1,0,0.0
3817,1,4286.33,4286.33,4286.33,4286.33,0,1,0,0.0
3407,1,3702.03,3702.03,3702.03,3702.03,1,0,0,0.0
4326,1,1706.47,1706.47,1706.47,1706.47,0,0,0,0.0
2614,2,2749.46,4624.38,874.54,5498.92,1,0,0,0.0
2196,2,2710.49,4892.6,528.38,5420.98,0,2,0,0.0
1750,3,2599.516666666667,2797.83,2343.8,7798.55,1,2,0,0.0
4321,2,2069.305,3234.65,903.96,4138.61,2,0,0,0.0
1136,2,2588.275,4045.71,1130.84,5176.55,1,0,0,0.0
4056,1,1880.48,1880.48,1880.48,1880.48,1,0,0,0.0
4683,3,2733.4933333333333,4779.74,279.5,8200.48,0,2,1,0.3333
4741,1,4505.44,4505.44,4505.44,4505.44,0,1,0,0.0
3935,3,3273.173333333333,4746.35,1884.03,9819.52,1,1,1,0.3333
1831,3,1941.0333333333333,3949.71,870.55,5823.1,1,2,0,0.0
1331,1,4931.05,4931.05,4931.05,4931.05,0,0,0,0.0
2784,3,4073.286666666667,4596.13,3526.03,12219.86,2,0,0,0.0
3793,1,2119.2,2119.2,2119.2,2119.2,0,0,0,0.0
1552,3,2016.29,3814.5,1033.7,6048.87,3,0,0,0.0
1589,4,2645.6275,4146.99,558.88,10582.51,0,1,0,0.0
3725,1,4938.15,4938.15,4938.15,4938.15,0,0,0,0.0
1811,2,2149.48,2231.19,2067.77,4298.96,1,1,0,0.0
2125,3,859.4933333333333,1020.79,675.11,2578.48,0,3,0,0.0
2204,1,774.23,774.23,774.23,774.23,0,1,0,0.0
1373,1,1616.69,1616.69,1616.69,1616.69,0,0,0,0.0
3762,2,4044.98,4836.24,3253.72,8089.96,0,1,0,0.0
3641,2,928.53,1517.47,339.59,1857.06,1,1,0,0.0
1963,1,1175.28,1175.28,1175.28,1175.28,0,1,0,0.0
2855,1,4225.95,4225.95,4225.95,4225.95,1,0,1,1.0
2276,3,2918.443333333333,4658.48,1642.81,8755.33,1,1,0,0.0
4968,1,4793.66,4793.66,4793.66,4793.66,1,0,0,0.0
2631,4,3782.8825,4159.05,3283.93,15131.53,3,0,0,0.0
4813,1,2854.4,2854.4,2854.4,2854.4,0,0,0,0.0
3202,1,1033.27,1033.27,1033.27,1033.27,1,0,0,0.0
4188,1,848.13,848.13,848.13,848.13,1,0,0,0.0
4791,1,3029.29,3029.29,3029.29,3029.29,0,0,0,0.0
4407,1,428.9,428.9,428.9,428.9,0,0,0,0.0
1742,2,1924.065,3112.21,735.92,3848.13,1,1,0,0.0
2420,1,3487.91,3487.91,3487.91,3487.91,1,0,0,0.0
2983,2,3285.88,4550.96,2020.8,6571.76,1,1,0,0.0
1372,1,1411.11,1411.11,1411.11,1411.11,0,1,0,0.0
4095,1,4736.53,4736.53,4736.53,4736.53,0,1,0,0.0
4611,3,3025.4533333333334,4100.5,1812.96,9076.36,0,2,0,0.0
2990,3,2748.7466666666664,3440.81,1879.92,8246.24,0,1,0,0.0
4417,4,2766.445,4924.27,286.4,11065.78,3,0,0,0.0
2054,1,3441.95,3441.95,3441.95,3441.95,0,1,0,0.0
1004,1,3561.83,3561.83,3561.83,3561.83,0,1,0,0.0
2702,1,2392.31,2392.31,2392.31,2392.31,0,1,0,0.0
3854,1,3419.42,3419.42,3419.42,3419.42,1,0,0,0.0
3837,1,321.93,321.93,321.93,321.93,1,0,0,0.0
3071,2,3624.24,4430.23,2818.25,7248.48,1,0,0,0.0
2404,2,3313.625,4194.22,2433.03,6627.25,1,0,1,0.5
1313,2,2420.135,2695.92,2144.35,4840.27,1,1,0,0.0
4452,1,274.15,274.15,274.15,274.15,0,0,1,1.0
2721,3,2176.1433333333334,3002.69,1388.56,6528.43,0,1,0,0.0
3140,2,1733.98,1999.69,1468.27,3467.96,0,1,0,0.0
3093,1,2196.59,2196.59,2196.59,2196.59,0,0,0,0.0
3700,1,175.59,175.59,175.59,175.59,0,1,0,0.0
4841,2,718.355,951.46,485.25,1436.71,0,2,0,0.0
1857,2,2575.685,4895.51,255.86,5151.37,1,1,0,0.0
3997,1,2101.65,2101.65,2101.65,2101.65,0,1,0,0.0
1262,2,3501.34,4070.56,2932.12,7002.68,0,0,0,0.0
1143,1,3660.47,3660.47,3660.47,3660.47,0,1,0,0.0
4634,2,2615.235,3524.86,1705.61,5230.47,1,1,1,0.5
1782,1,3872.67,3872.67,3872.67,3872.67,0,0,1,1.0
4066,2,3230.83,4551.34,1910.32,6461.66,1,1,0,0.0
4669,1,4159.01,4159.01,4159.01,4159.01,0,0,0,0.0
1550,3,1885.4533333333334,3915.96,125.96,5656.36,2,1,0,0.0
3855,1,2961.49,2961.49,2961.49,2961.49,1,0,0,0.0
3199,1,1736.29,1736.29,1736.29,1736.29,1,0,0,0.0
1644,1,2709.61,2709.61,2709.61,2709.61,1,0,0,0.0
2352,1,3719.2,3719.2,3719.2,3719.2,1,0,0,0.0
4884,1,1107.15,1107.15,1107.15,1107.15,0,1,0,0.0
4078,1,3188.08,3188.08,3188.08,3188.08,0,1,0,0.0
4696,2,2214.75,4127.0,302.5,4429.5,1,0,0,0.0
2764,1,4564.42,4564.42,4564.42,4564.42,0,0,0,0.0
1606,3,4046.633333333333,4646.01,2968.52,12139.9,0,1,0,0.0
3476,1,2469.16,2469.16,2469.16,2469.16,0,1,0,0.0
1312,3,1867.9033333333334,4304.55,640.74,5603.71,0,1,0,0.0
2684,1,2830.16,2830.16,2830.16,2830.16,0,0,0,0.0
1484,1,1829.31,1829.31,1829.31,1829.31,0,1,0,0.0
3986,3,4618.543333333333,4918.05,4095.7,13855.63,2,0,0,0.0
3561,1,2430.93,2430.93,2430.93,2430.93,0,0,0,0.0
3824,3,1828.4333333333334,4654.52,66.36,5485.3,0,3,0,0.0
1940,1,4677.12,4677.12,4677.12,4677.12,0,0,0,0.0
1984,1,2390.68,2390.68,2390.68,2390.68,0,1,0,0.0
4271,2,3949.015,4180.63,3717.4,7898.03,1,1,0,0.0
3761,4,3630.0825,3882.3,3017.16,14520.33,4,0,0,0.0
3068,2,2255.115,3417.49,1092.74,4510.23,1,0,0,0.0
2168,1,4048.65,4048.65,4048.65,4048.65,0,1,0,0.0
3582,2,3300.32,4121.07,2479.57,6600.64,0,1,0,0.0
2636,1,193.25,193.25,193.25,193.25,0,1,0,0.0
2773,2,1084.615,1883.65,285.58,2169.23,1,0,0,0.0
1662,1,4005.27,4005.27,4005.27,4005.27,0,0,0,0.0
2825,1,4549.13,4549.13,4549.13,4549.13,0,1,0,0.0
3494,1,2734.09,2734.09,2734.09,2734.09,0,1,0,0.0
3078,1,3072.74,3072.74,3072.74,3072.74,0,0,0,0.0
1118,1,3240.18,3240.18,3240.18,3240.18,0,1,0,0.0
4356,1,1595.87,1595.87,1595.87,1595.87,0,1,0,0.0
1990,2,2692.475,3889.87,1495.08,5384.95,1,1,0,0.0
1025,2,3099.09,3273.73,2924.45,6198.18,2,0,0,0.0
4298,2,1663.51,2802.74,524.28,3327.02,0,2,0,0.0
3732,1,394.36,394.36,394.36,394.36,1,0,0,0.0
4754,1,4397.93,4397.93,4397.93,4397.93,0,1,0,0.0
2891,3,1531.2066666666667,3505.51,408.42,4593.62,0,3,0,0.0
4332,1,4272.57,4272.57,4272.57,4272.57,1,0,0,0.0
3769,4,2153.8025,4606.04,1145.18,8615.21,2,0,0,0.0
4750,1,2466.38,2466.38,2466.38,2466.38,1,0,0,0.0
3282,1,3692.37,3692.37,3692.37,3692.37,0,0,0,0.0
4689,2,3742.655,4175.82,3309.49,7485.31,0,1,0,0.0
1776,1,1473.7,1473.7,1473.7,1473.7,1,0,0,0.0
2890,2,1287.125,2081.78,492.47,2574.25,1,1,0,0.0
4579,1,1595.94,1595.94,1595.94,1595.94,0,0,0,0.0
1975,1,4498.47,4498.47,4498.47,4498.47,0,0,0,0.0
3735,1,4670.32,4670.32,4670.32,4670.32,0,1,0,0.0
1942,3,3986.94,4778.63,3221.68,11960.82,1,0,0,0.0
4474,1,39.45,39.45,39.45,39.45,1,0,0,0.0
1992,1,2131.55,2131.55,2131.55,2131.55,1,0,0,0.0
2275,3,2525.23,2745.29,2367.32,7575.69,1,1,0,0.0
1078,1,70.17,70.17,70.17,70.17,1,0,0,0.0
3253,1,311.22,311.22,311.22,311.22,0,0,0,0.0
2857,5,2951.272,4430.83,182.05,14756.36,2,1,0,0.0
3497,1,4979.16,4979.16,4979.16,4979.16,0,1,0,0.0
1522,1,2570.93,2570.93,2570.93,2570.93,0,0,0,0.0
1967,1,1014.09,1014.09,1014.09,1014.09,1,0,0,0.0
2575,1,2247.62,2247.62,2247.62,2247.62,1,0,0,0.0
1279,2,3234.08,3406.3,3061.86,6468.16,0,0,0,0.0
1403,1,2131.83,2131.83,2131.83,2131.83,0,0,0,0.0
2528,1,428.05,428.05,428.05,428.05,1,0,0,0.0
3442,1,3535.75,3535.75,3535.75,3535.75,1,0,0,0.0
2952,1,3733.75,3733.75,3733.75,3733.75,0,0,0,0.0
2599,1,2794.0,2794.0,2794.0,2794.0,1,0,1,1.0
1006,1,353.76,353.76,353.76,353.76,1,0,0,0.0
2742,1,4512.06,4512.06,4512.06,4512.06,1,0,0,0.0
4738,4,2467.4875,3641.87,1091.82,9869.95,0,2,0,0.0
4773,2,2919.47,2929.46,2909.48,5838.94,0,1,0,0.0
2683,2,2411.05,2472.17,2349.93,4822.1,2,0,0,0.0
4610,1,2531.74,2531.74,2531.74,2531.74,0,0,0,0.0
2791,3,2195.1866666666665,3839.67,1227.45,6585.56,3,0,1,0.3333
3046,1,3494.01,3494.01,3494.01,3494.01,0,0,0,0.0
3635,3,1931.4466666666667,3590.61,1057.69,5794.34,2,0,0,0.0
3462,1,2784.65,2784.65,2784.65,2784.65,1,0,0,0.0
2555,1,381.35,381.35,381.35,381.35,1,0,0,0.0
2920,2,1739.355,3368.02,110.69,3478.71,1,1,0,0.0
3176,1,4935.62,4935.62,4935.62,4935.62,1,0,0,0.0
3362,1,2521.04,2521.04,2521.04,2521.04,1,0,0,0.0
1950,1,2886.66,2886.66,2886.66,2886.66,1,0,0,0.0
4892,1,149.28,149.28,149.28,149.28,0,1,0,0.0
4737,1,3792.4,3792.4,3792.4,3792.4,0,0,0,0.0
4351,2,1292.15,1951.06,633.24,2584.3,0,1,0,0.0
3422,1,2839.06,2839.06,2839.06,2839.06,1,0,0,0.0
1549,2,2146.13,2506.46,1785.8,4292.26,1,1,0,0.0
3047,4,2690.885,4485.52,976.81,10763.54,2,1,0,0.0
3463,1,1361.14,1361.14,1361.14,1361.14,0,1,0,0.0
1474,1,258.37,258.37,258.37,258.37,0,1,0,0.0
1616,4,3836.0325,4745.16,2172.22,15344.13,2,0,1,0.25
4102,1,4386.55,4386.55,4386.55,4386.55,0,1,1,1.0
3981,1,4018.6,4018.6,4018.6,4018.6,1,0,0,0.0
3417,2,4206.395,4937.3,3475.49,8412.79,0,2,0,0.0
1828,2,372.03,704.18,39.88,744.06,0,2,0,0.0
1779,1,3429.21,3429.21,3429.21,3429.21,1,0,0,0.0
4003,1,3612.08,3612.08,3612.08,3612.08,0,1,0,0.0
4645,1,3000.33,3000.33,3000.33,3000.33,1,0,0,0.0
1804,3,3065.286666666667,4751.78,1470.31,9195.86,1,1,1,0.3333
2675,3,2946.63,4507.22,754.42,8839.89,1,0,0,0.0
2579,2,988.345,1566.75,409.94,1976.69,1,0,0,0.0
2073,2,2090.505,2155.03,2025.98,4181.01,1,0,0,0.0
1050,1,3100.06,3100.06,3100.06,3100.06,0,0,0,0.0
4274,1,2052.9,2052.9,2052.9,2052.9,0,1,0,0.0
4031,1,3171.38,3171.38,3171.38,3171.38,0,0,0,0.0
4199,3,1240.7166666666667,1720.98,673.69,3722.15,1,1,0,0.0
4590,1,2139.64,2139.64,2139.64,2139.64,0,1,0,0.0
4140,1,978.11,978.11,978.11,978.11,0,1,0,0.0
3378,1,4629.59,4629.59,4629.59,4629.59,0,1,0,0.0
1788,2,2437.97,4638.73,237.21,4875.94,0,1,0,0.0
1523,1,1249.49,1249.49,1249.49,1249.49,1,0,0,0.0
4808,3,3390.923333333333,4666.27,2391.93,10172.77,1,0,0,0.0
4081,3,2894.2,4807.65,1738.46,8682.6,0,2,0,0.0
4893,2,2721.78,4662.51,781.05,5443.56,1,0,0,0.0
4967,2,3283.745,4247.15,2320.34,6567.49,0,1,0,0.0
4903,1,2330.95,2330.95,2330.95,2330.95,1,0,0,0.0
1823,2,2738.755,2906.51,2571.0,5477.51,0,2,1,0.5
3786,1,2446.06,2446.06,2446.06,2446.06,1,0,0,0.0
3671,1,4613.89,4613.89,4613.89,4613.89,0,0,0,0.0
4147,1,2664.27,2664.27,2664.27,2664.27,1,0,0,0.0
1848,3,2874.11,3765.44,1385.29,8622.33,0,1,0,0.0
3527,2,1839.745,2692.65,986.84,3679.49,1,0,0,0.0
2925,1,565.24,565.24,565.24,565.24,1,0,0,0.0
4133,5,1969.272,3826.45,357.43,9846.36,2,1,0,0.0
3998,1,2103.31,2103.31,2103.31,2103.31,0,0,0,0.0
4150,1,1181.55,1181.55,1181.55,1181.55,1,0,0,0.0
2388,1,601.54,601.54,601.54,601.54,0,1,0,0.0
3702,2,3320.12,3636.0,3004.24,6640.24,2,0,0,0.0
4949,1,1390.97,1390.97,1390.97,1390.97,0,1,0,0.0
3054,1,2194.03,2194.03,2194.03,2194.03,0,0,0,0.0
1583,1,2533.86,2533.86,2533.86,2533.86,0,1,0,0.0
4719,1,4697.01,4697.01,4697.01,4697.01,0,0,0,0.0
2150,1,1798.91,1798.91,1798.91,1798.91,1,0,0,0.0
3991,2,1344.76,2663.65,25.87,2689.52,0,0,0,0.0
3523,4,3315.48,4991.75,764.49,13261.92,2,1,0,0.0
1585,2,2582.985,3593.96,1572.01,5165.97,0,1,0,0.0
2598,1,141.17,141.17,141.17,141.17,0,1,0,0.0
2391,1,2163.06,2163.06,2163.06,2163.06,0,0,0,0.0
3950,2,3214.555,4418.91,2010.2,6429.11,0,0,0,0.0
1398,1,3156.88,3156.88,3156.88,3156.88,0,0,0,0.0
1646,1,3147.9,3147.9,3147.9,3147.9,1,0,0,0.0
1987,1,41.74,41.74,41.74,41.74,1,0,0,0.0
2951,1,477.54,477.54,477.54,477.54,0,1,0,0.0
3289,1,2872.28,2872.28,2872.28,2872.28,0,0,0,0.0
1336,2,2253.37,4120.91,385.83,4506.74,0,0,0,0.0
3992,3,2141.2266666666665,3318.24,1546.06,6423.68,0,1,0,0.0
3035,1,690.48,690.48,690.48,690.48,0,1,0,0.0
2601,1,13.33,13.33,13.33,13.33,1,0,0,0.0
4371,1,1454.09,1454.09,1454.09,1454.09,0,1,0,0.0
4921,3,1387.54,2404.09,717.38,4162.62,0,1,0,0.0
2235,2,3096.925,3584.53,2609.32,6193.85,0,2,0,0.0
2214,1,464.46,464.46,464.46,464.46,1,0,0,0.0
4429,3,1565.7333333333333,2984.5,494.57,4697.2,1,2,0,0.0
4028,1,172.55,172.55,172.55,172.55,1,0,0,0.0
1540,3,2173.7633333333333,3030.78,685.36,6521.29,2,1,0,0.0
4148,1,2672.6,2672.6,2672.6,2672.6,0,1,0,0.0
2540,1,3844.51,3844.51,3844.51,3844.51,0,0,0,0.0
1434,2,1520.58,2617.2,423.96,3041.16,1,1,0,0.0
3107,1,3620.26,3620.26,3620.26,3620.26,0,1,0,0.0
3357,1,4916.7,4916.7,4916.7,4916.7,0,1,0,0.0
1966,2,3788.145,4033.69,3542.6,7576.29,1,0,0,0.0
4533,1,888.52,888.52,888.52,888.52,0,1,0,0.0
2345,1,4378.22,4378.22,4378.22,4378.22,1,0,0,0.0
3660,1,198.13,198.13,198.13,198.13,1,0,0,0.0
3101,2,2790.77,2881.85,2699.69,5581.54,0,2,0,0.0
3646,3,2462.5066666666667,4523.84,637.95,7387.52,0,1,0,0.0
4084,1,2747.17,2747.17,2747.17,2747.17,0,0,0,0.0
2605,1,4600.72,4600.72,4600.72,4600.72,0,0,0,0.0
3808,1,4302.77,4302.77,4302.77,4302.77,1,0,0,0.0
1561,1,4345.47,4345.47,4345.47,4345.47,1,0,0,0.0
4101,2,1648.665,1688.1,1609.23,3297.33,1,1,0,0.0
2149,3,2702.7933333333335,4615.65,889.0,8108.38,2,1,0,0.0
1334,1,505.36,505.36,505.36,505.36,1,0,0,0.0
1221,1,4352.55,4352.55,4352.55,4352.55,0,1,0,0.0
2465,3,2558.5,3670.2,1382.35,7675.5,2,1,0,0.0
3944,1,2787.27,2787.27,2787.27,2787.27,0,1,0,0.0
3589,2,1273.66,1997.87,549.45,2547.32,0,1,0,0.0
4901,1,1977.46,1977.46,1977.46,1977.46,1,0,0,0.0
3308,1,3939.18,3939.18,3939.18,3939.18,0,0,0,0.0
1678,1,1302.81,1302.81,1302.81,1302.81,1,0,0,0.0
3229,1,2936.08,2936.08,2936.08,2936.08,0,1,0,0.0
1747,3,1714.3466666666666,4163.06,162.31,5143.04,3,0,0,0.0
4776,1,2220.02,2220.02,2220.02,2220.02,0,1,0,0.0
1411,1,4276.17,4276.17,4276.17,4276.17,1,0,0,0.0
4510,1,4173.89,4173.89,4173.89,4173.89,1,0,0,0.0
1084,2,2516.885,3515.45,1518.32,5033.77,0,0,1,0.5
2864,1,3077.3,3077.3,3077.3,3077.3,0,0,0,0.0
3374,1,1054.64,1054.64,1054.64,1054.64,1,0,0,0.0
1956,1,2098.33,2098.33,2098.33,2098.33,1,0,0,0.0
2872,1,1688.83,1688.83,1688.83,1688.83,0,1,0,0.0
2130,2,2782.0,2984.76,2579.24,5564.0,1,0,0,0.0
4702,2,2820.675,4152.41,1488.94,5641.35,0,0,0,0.0
3682,1,2664.36,2664.36,2664.36,2664.36,1,0,0,0.0
2900,2,2415.2,3581.12,1249.28,4830.4,1,1,0,0.0
4343,1,2696.2,2696.2,2696.2,2696.2,0,0,0,0.0
4200,1,1055.14,1055.14,1055.14,1055.14,1,0,0,0.0
3032,2,2020.17,3564.02,476.32,4040.34,0,1,0,0.0
3133,1,4000.31,4000.31,4000.31,4000.31,1,0,0,0.0
4086,2,87.025,137.97,36.08,174.05,0,2,0,0.0
3957,4,985.47,2533.28,221.73,3941.88,1,2,1,0.25
4515,2,4321.45,4612.12,4030.78,8642.9,1,1,0,0.0
2060,2,2490.425,3771.45,1209.4,4980.85,1,1,1,0.5
3608,1,4833.13,4833.13,4833.13,4833.13,0,0,0,0.0
4527,1,2251.14,2251.14,2251.14,2251.14,0,1,0,0.0
4829,2,811.23,1459.73,162.73,1622.46,2,0,0,0.0
2594,1,3792.48,3792.48,3792.48,3792.48,1,0,0,0.0
4948,1,4298.11,4298.11,4298.11,4298.11,1,0,0,0.0
4322,1,1115.16,1115.16,1115.16,1115.16,1,0,0,0.0
4096,1,3093.03,3093.03,3093.03,3093.03,0,0,0,0.0
4620,1,1278.68,1278.68,1278.68,1278.68,0,1,0,0.0
1151,1,1574.69,1574.69,1574.69,1574.69,0,1,0,0.0
3809,2,3014.265,3180.24,2848.29,6028.53,1,1,0,0.0
4959,3,3542.85,4948.53,2004.26,10628.55,2,0,0,0.0
3300,1,4014.11,4014.11,4014.11,4014.11,1,0,0,0.0
3689,1,489.03,489.03,489.03,489.03,0,0,0,0.0
3860,2,2043.325,2155.16,1931.49,4086.65,0,1,0,0.0
4587,3,1025.2333333333333,1096.91,906.84,3075.7,0,1,0,0.0
1265,2,2969.6,3148.32,2790.88,5939.2,0,2,0,0.0
2879,1,2359.7,2359.7,2359.7,2359.7,0,1,0,0.0
1986,1,4037.6,4037.6,4037.6,4037.6,0,0,0,0.0
2255,1,1911.38,1911.38,1911.38,1911.38,1,0,0,0.0
1048,1,3359.92,3359.92,3359.92,3359.92,0,1,0,0.0
4705,2,3475.01,4843.09,2106.93,6950.02,1,1,0,0.0
1995,3,3688.96,4497.52,2727.17,11066.88,0,2,0,0.0
3979,2,2039.465,3540.69,538.24,4078.93,1,0,0,0.0
4143,1,4397.78,4397.78,4397.78,4397.78,0,1,0,0.0
1770,3,1734.3333333333333,2634.23,18.6,5203.0,1,2,0,0.0
4049,1,3873.19,3873.19,3873.19,3873.19,1,0,0,0.0
3057,2,3155.69,4031.27,2280.11,6311.38,1,1,0,0.0
3912,1,2836.15,2836.15,2836.15,2836.15,0,0,0,0.0
1215,8,2672.8925,4769.83,496.83,21383.14,0,2,0,0.0
3688,2,814.915,959.08,670.75,1629.83,1,0,0,0.0
4225,3,2211.2166666666667,2498.99,1948.02,6633.65,0,2,0,0.0
4194,3,1631.0433333333333,2853.53,251.74,4893.13,1,0,0,0.0
3499,1,2996.25,2996.25,2996.25,2996.25,1,0,0,0.0
2999,2,656.08,847.03,465.13,1312.16,1,0,0,0.0
2591,1,3324.48,3324.48,3324.48,3324.48,1,0,0,0.0
4911,3,1857.01,4179.22,80.73,5571.03,0,2,0,0.0
3405,2,1668.695,2614.38,723.01,3337.39,1,0,0,0.0
2736,1,1877.92,1877.92,1877.92,1877.92,1,0,0,0.0
2250,1,3856.94,3856.94,3856.94,3856.94,0,1,0,0.0
3210,3,1004.3366666666667,2110.23,116.07,3013.01,2,1,0,0.0
2105,3,1397.0766666666666,2057.13,1021.49,4191.23,1,1,0,0.0
1727,1,2744.56,2744.56,2744.56,2744.56,0,1,0,0.0
2410,1,509.65,509.65,509.65,509.65,0,0,0,0.0
1238,2,2738.535,4969.95,507.12,5477.07,1,0,0,0.0
2866,1,3975.08,3975.08,3975.08,3975.08,0,1,0,0.0
1792,4,1131.045,2569.18,146.38,4524.18,0,1,0,0.0
4054,1,4668.63,4668.63,4668.63,4668.63,1,0,0,0.0
2513,2,2840.9,2978.04,2703.76,5681.8,0,1,0,0.0
1354,1,1974.61,1974.61,1974.61,1974.61,0,1,0,0.0
4082,2,2285.02,4448.76,121.28,4570.04,0,1,0,0.0
2948,1,355.07,355.07,355.07,355.07,0,0,0,0.0
1976,1,2244.64,2244.64,2244.64,2244.64,0,1,0,0.0
1574,4,3106.495,4145.38,722.16,12425.98,3,0,0,0.0
2486,1,226.26,226.26,226.26,226.26,0,1,0,0.0
1283,1,2798.06,2798.06,2798.06,2798.06,1,0,0,0.0
3030,4,3006.21,4129.74,819.47,12024.84,3,1,1,0.25
1503,2,2486.165,4565.82,406.51,4972.33,1,1,0,0.0
2494,2,3469.03,4202.01,2736.05,6938.06,1,0,0,0.0
2892,2,2600.485,4413.5,787.47,5200.97,0,1,0,0.0
2477,1,1041.78,1041.78,1041.78,1041.78,0,0,0,0.0
4743,2,3894.24,4051.75,3736.73,7788.48,0,2,0,0.0
2782,4,2572.5875,4839.15,1096.73,10290.35,2,1,0,0.0
2498,3,2362.48,3650.31,480.49,7087.44,1,1,0,0.0
3495,2,3550.835,4463.72,2637.95,7101.67,0,2,0,0.0
4768,3,2751.8333333333335,4211.17,501.86,8255.5,0,1,1,0.3333
4173,3,3443.6833333333334,4765.52,1527.84,10331.05,1,1,0,0.0
4416,4,3672.02,4111.43,3050.3,14688.08,1,1,0,0.0
1253,1,1826.5,1826.5,1826.5,1826.5,1,0,0,0.0
4151,1,2106.06,2106.06,2106.06,2106.06,0,1,0,0.0
4313,3,2888.0133333333333,4400.54,271.07,8664.04,1,0,1,0.3333
1145,3,1550.1133333333332,2267.23,997.12,4650.34,1,1,0,0.0
1713,1,3792.94,3792.94,3792.94,3792.94,1,0,0,0.0
4785,1,410.84,410.84,410.84,410.84,0,1,0,0.0
2447,3,3065.443333333333,4462.29,1404.09,9196.33,1,1,0,0.0
2577,2,1055.415,1932.95,177.88,2110.83,1,1,0,0.0
3274,1,235.99,235.99,235.99,235.99,0,1,0,0.0
4537,3,1887.5866666666666,2101.0,1607.33,5662.76,1,2,0,0.0
3659,1,4300.34,4300.34,4300.34,4300.34,1,0,0,0.0
4668,4,2868.4525,3859.51,2067.68,11473.81,2,2,0,0.0
3675,3,3667.53,4048.7,2970.73,11002.59,1,2,1,0.3333
4094,1,492.81,492.81,492.81,492.81,0,1,0,0.0
3236,5,2119.51,2915.57,905.99,10597.55,1,2,0,0.0
2535,3,1075.5233333333333,2049.92,548.55,3226.57,2,1,0,0.0
3583,6,2609.7516666666666,4039.4,1508.96,15658.51,1,2,0,0.0
2737,3,1375.57,2478.22,189.55,4126.71,0,1,0,0.0
4897,3,2362.2633333333333,2492.75,2252.21,7086.79,1,1,0,0.0
2654,1,4404.91,4404.91,4404.91,4404.91,1,0,0,0.0
4652,3,2088.0833333333335,4921.98,35.86,6264.25,1,2,0,0.0
2114,2,4018.315,4134.43,3902.2,8036.63,1,0,0,0.0
2961,3,1044.2266666666667,1989.27,182.02,3132.68,1,0,0,0.0
1226,2,1967.045,3722.84,211.25,3934.09,0,2,0,0.0
3505,2,1322.135,2573.02,71.25,2644.27,1,1,0,0.0
2297,1,3376.1,3376.1,3376.1,3376.1,1,0,0,0.0
3339,1,2028.09,2028.09,2028.09,2028.09,1,0,0,0.0
4581,2,2753.68,3443.16,2064.2,5507.36,1,1,0,0.0
4995,4,2410.76,3642.42,1048.08,9643.04,3,1,0,0.0
1615,1,2194.85,2194.85,2194.85,2194.85,0,0,0,0.0
4975,2,2496.095,3130.9,1861.29,4992.19,0,2,0,0.0
1248,2,1769.47,2853.78,685.16,3538.94,1,0,0,0.0
4815,1,2764.25,2764.25,2764.25,2764.25,0,0,0,0.0
4725,1,3730.21,3730.21,3730.21,3730.21,0,1,0,0.0
3780,2,1032.12,1759.65,304.59,2064.24,0,2,0,0.0
4291,1,1423.4,1423.4,1423.4,1423.4,1,0,0,0.0
1564,2,1152.01,1798.9,505.12,2304.02,0,2,0,0.0
4570,2,2918.45,4631.61,1205.29,5836.9,1,1,0,0.0
2160,1,2871.04,2871.04,2871.04,2871.04,1,0,0,0.0
2126,1,2078.15,2078.15,2078.15,2078.15,1,0,0,0.0
3290,2,2786.65,3441.16,2132.14,5573.3,1,0,0,0.0
3664,1,2456.13,2456.13,2456.13,2456.13,1,0,0,0.0
4032,1,2841.47,2841.47,2841.47,2841.47,0,1,0,0.0
3987,2,3173.93,4633.53,1714.33,6347.86,2,0,0,0.0
2243,1,3805.94,3805.94,3805.94,3805.94,0,0,0,0.0
1036,3,1802.0833333333333,2771.24,670.51,5406.25,1,2,1,0.3333
3905,3,2116.2366666666667,4517.07,202.8,6348.71,1,1,0,0.0
2292,1,2483.63,2483.63,2483.63,2483.63,1,0,0,0.0
3130,2,3720.415,4897.95,2542.88,7440.83,0,2,0,0.0
2089,2,1542.775,2278.17,807.38,3085.55,0,0,0,0.0
1928,1,4455.17,4455.17,4455.17,4455.17,0,0,0,0.0
3686,1,3546.12,3546.12,3546.12,3546.12,1,0,0,0.0
4295,2,2834.345,4524.15,1144.54,5668.69,0,0,0,0.0
3243,2,2322.55,4164.3,480.8,4645.1,0,2,0,0.0
3653,1,190.89,190.89,190.89,190.89,0,0,0,0.0
1878,2,2716.59,3545.75,1887.43,5433.18,0,1,0,0.0
1467,1,4877.98,4877.98,4877.98,4877.98,1,0,0,0.0
3871,1,2697.52,2697.52,2697.52,2697.52,1,0,0,0.0
4232,4,2182.435,4838.91,726.73,8729.74,0,1,0,0.0
1046,1,2786.43,2786.43,2786.43,2786.43,0,0,0,0.0
2155,3,1043.5833333333333,2565.16,263.99,3130.75,2,1,0,0.0
3048,1,2996.84,2996.84,2996.84,2996.84,0,0,0,0.0
1328,1,3652.74,3652.74,3652.74,3652.74,0,1,0,0.0
4723,2,2441.6,3987.15,896.05,4883.2,0,1,0,0.0
1932,1,3150.0,3150.0,3150.0,3150.0,1,0,0,0.0
2536,3,2532.8966666666665,2931.66,2329.32,7598.69,1,0,0,0.0
2792,1,2672.82,2672.82,2672.82,2672.82,1,0,0,0.0
3549,1,1775.66,1775.66,1775.66,1775.66,0,1,0,0.0
3853,1,2275.74,2275.74,2275.74,2275.74,1,0,1,1.0
2700,1,2704.29,2704.29,2704.29,2704.29,0,0,0,0.0
2413,3,2673.4,4396.23,424.28,8020.2,2,0,0,0.0
3541,1,2190.35,2190.35,2190.35,2190.35,1,0,0,0.0
3137,2,4088.365,4790.13,3386.6,8176.73,1,0,0,0.0
4405,1,611.8,611.8,611.8,611.8,1,0,0,0.0
4260,2,2719.42,4086.33,1352.51,5438.84,0,1,0,0.0
3969,2,2646.7,4989.94,303.46,5293.4,0,2,0,0.0
1944,1,1833.73,1833.73,1833.73,1833.73,0,1,0,0.0
2129,1,2105.13,2105.13,2105.13,2105.13,0,1,0,0.0
1639,2,2805.735,3640.96,1970.51,5611.47,1,0,0,0.0
4033,3,2616.37,4040.33,353.86,7849.11,1,0,0,0.0
4021,1,3880.76,3880.76,3880.76,3880.76,0,1,0,0.0
1495,1,3680.09,3680.09,3680.09,3680.09,1,0,0,0.0
3012,4,2755.6325,4336.78,868.0,11022.53,4,0,1,0.25
1021,1,4989.29,4989.29,4989.29,4989.29,0,0,0,0.0
4396,1,2793.38,2793.38,2793.38,2793.38,0,1,0,0.0
1165,1,2500.6,2500.6,2500.6,2500.6,1,0,0,0.0
3259,3,4177.21,4744.84,3857.33,12531.63,2,1,0,0.0
3406,1,4277.76,4277.76,4277.76,4277.76,0,1,0,0.0
3753,1,2276.4,2276.4,2276.4,2276.4,0,1,0,0.0
4902,2,2381.48,2428.47,2334.49,4762.96,1,0,0,0.0
2322,1,4283.13,4283.13,4283.13,4283.13,0,0,0,0.0
1608,2,2317.92,3932.63,703.21,4635.84,1,0,0,0.0
3342,2,2589.355,4174.78,1003.93,5178.71,2,0,0,0.0
4923,1,3697.76,3697.76,3697.76,3697.76,1,0,0,0.0
1429,1,4908.23,4908.23,4908.23,4908.23,0,1,0,0.0
3846,2,2103.025,2314.11,1891.94,4206.05,0,0,0,0.0
3131,2,2381.19,3692.33,1070.05,4762.38,2,0,0,0.0
4279,2,923.355,1383.76,462.95,1846.71,0,1,0,0.0
4098,1,122.73,122.73,122.73,122.73,0,1,0,0.0
4440,2,2362.995,2585.42,2140.57,4725.99,1,1,0,0.0
3800,1,3107.05,3107.05,3107.05,3107.05,0,0,0,0.0
4254,1,4026.46,4026.46,4026.46,4026.46,1,0,0,0.0
4935,3,1393.2566666666667,3045.66,186.73,4179.77,1,1,0,0.0
2971,2,2018.17,3897.07,139.27,4036.34,1,1,0,0.0
1508,1,1718.09,1718.09,1718.09,1718.09,1,0,0,0.0
1557,1,4985.63,4985.63,4985.63,4985.63,0,0,0,0.0
3306,1,1189.14,1189.14,1189.14,1189.14,1,0,0,0.0
4607,2,2519.705,2895.73,2143.68,5039.41,1,0,0,0.0
2865,2,2753.56,3905.43,1601.69,5507.12,1,0,0,0.0
3517,2,1950.695,2537.35,1364.04,3901.39,1,0,0,0.0
2074,3,3085.12,4702.49,806.02,9255.36,0,3,0,0.0
3029,2,1235.83,1337.03,1134.63,2471.66,0,2,2,1.0
1401,2,3699.845,3907.63,3492.06,7399.69,2,0,0,0.0
4106,2,3791.165,4085.29,3497.04,7582.33,0,1,0,0.0
1316,1,4495.98,4495.98,4495.98,4495.98,0,1,0,0.0
2534,1,2029.31,2029.31,2029.31,2029.31,0,1,0,0.0
4700,1,2576.59,2576.59,2576.59,2576.59,0,1,0,0.0
4516,1,3819.82,3819.82,3819.82,3819.82,1,0,1,1.0
3246,5,2857.554,4530.45,891.66,14287.77,2,1,0,0.0
4733,1,660.07,660.07,660.07,660.07,1,0,0,0.0
3880,3,3031.0,4523.68,2214.81,9093.0,1,2,0,0.0
3876,3,2004.4566666666667,4645.5,306.55,6013.37,1,1,0,0.0
4212,2,4324.08,4869.62,3778.54,8648.16,2,0,0,0.0
4245,1,2816.17,2816.17,2816.17,2816.17,1,0,0,0.0
2695,1,3090.53,3090.53,3090.53,3090.53,0,1,0,0.0
1086,2,1760.535,3434.71,86.36,3521.07,0,2,0,0.0
3714,1,2695.94,2695.94,2695.94,2695.94,0,1,0,0.0
2474,2,740.215,1191.98,288.45,1480.43,0,1,0,0.0
1757,2,2312.41,3487.37,1137.45,4624.82,0,1,0,0.0
3396,2,1154.56,1390.26,918.86,2309.12,0,0,0,0.0
4997,2,2533.67,4660.61,406.73,5067.34,1,1,0,0.0
1097,1,3770.76,3770.76,3770.76,3770.76,1,0,0,0.0
1374,1,2765.85,2765.85,2765.85,2765.85,1,0,0,0.0
4477,1,4489.9,4489.9,4489.9,4489.9,0,0,0,0.0
4338,2,2952.96,4154.14,1751.78,5905.92,1,0,0,0.0
4198,3,3272.2233333333334,4907.23,966.98,9816.67,0,2,0,0.0
2412,2,4441.595,4968.67,3914.52,8883.19,1,0,0,0.0
2010,2,3121.145,3669.4,2572.89,6242.29,0,0,0,0.0
3632,3,2232.46,3716.18,422.64,6697.38,2,0,0,0.0
3350,2,2761.18,3643.94,1878.42,5522.36,1,0,0,0.0
1309,1,2262.76,2262.76,2262.76,2262.76,0,1,0,0.0
1142,1,3586.81,3586.81,3586.81,3586.81,1,0,0,0.0
3693,1,1424.15,1424.15,1424.15,1424.15,1,0,0,0.0
2166,2,1462.29,1780.09,1144.49,2924.58,1,1,0,0.0
2986,1,1764.96,1764.96,1764.96,1764.96,0,1,0,0.0
1864,1,1445.73,1445.73,1445.73,1445.73,0,0,0,0.0
4618,1,2087.14,2087.14,2087.14,2087.14,1,0,0,0.0
3600,2,2150.415,3413.25,887.58,4300.83,1,0,0,0.0
1663,2,1406.78,2719.28,94.28,2813.56,1,0,0,0.0
1917,2,833.215,1585.63,80.8,1666.43,1,1,0,0.0
4933,1,407.17,407.17,407.17,407.17,0,1,0,0.0
3792,2,2208.87,3150.17,1267.57,4417.74,0,1,0,0.0
1998,2,1422.02,1660.5,1183.54,2844.04,0,1,0,0.0
3865,2,2990.845,4648.82,1332.87,5981.69,1,1,0,0.0
4029,1,169.9,169.9,169.9,169.9,1,0,0,0.0
4483,2,2850.515,4007.77,1693.26,5701.03,0,1,1,0.5
1451,1,1818.58,1818.58,1818.58,1818.58,0,1,0,0.0
4169,1,1754.33,1754.33,1754.33,1754.33,0,0,0,0.0
2602,2,2859.825,4968.87,750.78,5719.65,0,1,0,0.0
2816,5,3499.124,4985.24,2139.0,17495.62,2,1,1,0.2
2007,2,2890.13,4153.49,1626.77,5780.26,2,0,1,0.5
2881,2,3815.445,4406.46,3224.43,7630.89,0,0,0,0.0
2199,2,1907.385,2449.59,1365.18,3814.77,1,1,0,0.0
4414,3,3351.2566666666667,4310.04,2152.38,10053.77,1,0,0,0.0
2354,4,2470.73,3950.88,913.99,9882.92,2,0,0,0.0
1246,2,3138.48,4837.21,1439.75,6276.96,0,1,0,0.0
3623,3,3039.9066666666668,3978.37,1211.0,9119.72,1,2,0,0.0
2175,2,2587.35,2918.78,2255.92,5174.7,0,2,0,0.0
4460,1,4126.99,4126.99,4126.99,4126.99,1,0,0,0.0
4538,1,4902.54,4902.54,4902.54,4902.54,0,1,0,0.0
4597,1,1208.58,1208.58,1208.58,1208.58,1,0,0,0.0
1206,2,4679.88,4747.78,4611.98,9359.76,0,2,0,0.0
1852,1,290.94,290.94,290.94,290.94,0,0,0,0.0
4734,3,3621.7966666666666,4204.57,3250.29,10865.39,0,2,0,0.0
1937,2,3609.09,3964.99,3253.19,7218.18,1,0,0,0.0
4292,1,1486.61,1486.61,1486.61,1486.61,1,0,0,0.0
3427,1,2962.85,2962.85,2962.85,2962.85,0,1,0,0.0
4613,1,3097.86,3097.86,3097.86,3097.86,0,1,0,0.0
3899,1,4974.34,4974.34,4974.34,4974.34,1,0,0,0.0
4083,1,2507.24,2507.24,2507.24,2507.24,1,0,0,0.0
2387,2,1438.705,2292.38,585.03,2877.41,0,0,0,0.0
2479,1,3241.93,3241.93,3241.93,3241.93,0,1,1,1.0
2653,4,2643.2325,4279.98,1015.1,10572.93,1,0,0,0.0
1310,2,1870.385,3031.11,709.66,3740.77,0,1,0,0.0
4774,2,4305.52,4447.52,4163.52,8611.04,1,1,0,0.0
1630,4,1985.1275,2886.08,1105.72,7940.51,3,1,0,0.0
1693,3,3169.653333333333,4129.45,2196.71,9508.96,2,0,0,0.0
1592,5,3662.944,4863.89,1812.08,18314.72,2,0,0,0.0
3403,1,4815.14,4815.14,4815.14,4815.14,0,1,0,0.0
3331,1,4066.6,4066.6,4066.6,4066.6,1,0,0,0.0
1205,2,1324.135,2071.22,577.05,2648.27,0,0,0,0.0
2545,3,3534.6966666666667,4956.56,777.52,10604.09,2,1,0,0.0
2776,1,2109.73,2109.73,2109.73,2109.73,0,0,0,0.0
4000,1,1996.41,1996.41,1996.41,1996.41,1,0,0,0.0
1861,2,1259.715,1710.94,808.49,2519.43,0,2,0,0.0
4919,1,665.52,665.52,665.52,665.52,1,0,0,0.0
1092,1,2535.67,2535.67,2535.67,2535.67,0,0,0,0.0
3449,2,1652.57,1995.15,1309.99,3305.14,1,1,0,0.0
3953,4,2985.01,4088.14,1923.92,11940.04,2,1,0,0.0
2757,1,4079.93,4079.93,4079.93,4079.93,0,1,0,0.0
1414,2,3611.35,4248.65,2974.05,7222.7,0,1,0,0.0
3886,2,3271.32,4692.05,1850.59,6542.64,0,2,0,0.0
2835,4,2234.5025,4145.93,1334.62,8938.01,1,3,1,0.25
3820,1,2595.83,2595.83,2595.83,2595.83,1,0,0,0.0
2600,1,2227.03,2227.03,2227.03,2227.03,1,0,1,1.0
4963,1,2854.65,2854.65,2854.65,2854.65,0,1,0,0.0
1953,3,1006.16,1274.94,504.64,3018.48,0,1,0,0.0
3082,1,4926.24,4926.24,4926.24,4926.24,0,1,0,0.0
3784,2,2314.29,3554.39,1074.19,4628.58,1,1,0,0.0
2688,1,1197.45,1197.45,1197.45,1197.45,0,0,0,0.0
3654,2,3502.78,3979.69,3025.87,7005.56,1,1,0,0.0
1106,3,2731.6766666666667,3533.62,1569.61,8195.03,0,2,0,0.0
4168,1,2648.14,2648.14,2648.14,2648.14,1,0,0,0.0
1886,1,953.67,953.67,953.67,953.67,1,0,0,0.0
1052,1,3633.35,3633.35,3633.35,3633.35,1,0,0,0.0
1413,1,4655.56,4655.56,4655.56,4655.56,1,0,0,0.0
3288,3,2838.3433333333332,3244.03,2268.93,8515.03,1,1,0,0.0
2938,1,294.45,294.45,294.45,294.45,1,0,0,0.0
4766,3,3829.6433333333334,4430.6,2815.52,11488.93,2,1,0,0.0
1400,2,3890.635,4942.38,2838.89,7781.27,0,1,0,0.0
2762,1,3058.03,3058.03,3058.03,3058.03,0,1,0,0.0
1462,1,4803.18,4803.18,4803.18,4803.18,0,1,0,0.0
3852,1,3970.86,3970.86,3970.86,3970.86,0,1,0,0.0
3391,3,1515.9766666666667,2415.53,705.28,4547.93,2,0,0,0.0
4639,3,1159.1766666666667,1666.79,423.92,3477.53,0,3,0,0.0
4998,1,1433.28,1433.28,1433.28,1433.28,0,0,0,0.0
2067,3,2308.9766666666665,4398.9,900.48,6926.93,2,1,0,0.0
1834,1,964.29,964.29,964.29,964.29,1,0,0,0.0
2711,3,3540.77,4323.14,2957.95,10622.31,1,0,1,0.3333
2608,2,1989.835,2342.89,1636.78,3979.67,0,1,0,0.0
1941,5,1423.404,3317.7,388.12,7117.02,1,0,1,0.2
4370,2,2359.645,2668.84,2050.45,4719.29,2,0,0,0.0
3019,1,2015.93,2015.93,2015.93,2015.93,0,1,0,0.0
2432,1,2976.95,2976.95,2976.95,2976.95,0,0,0,0.0
1470,1,1185.14,1185.14,1185.14,1185.14,1,0,0,0.0
2278,1,2039.42,2039.42,2039.42,2039.42,1,0,0,0.0
3676,2,2378.395,4368.2,388.59,4756.79,1,1,0,0.0
4882,1,3110.59,3110.59,3110.59,3110.59,1,0,0,0.0
3720,1,4352.91,4352.91,4352.91,4352.91,1,0,0,0.0
4335,1,1992.83,1992.83,1992.83,1992.83,1,0,0,0.0
4301,2,3050.18,4989.15,1111.21,6100.36,0,1,0,0.0
2117,2,3468.68,4214.66,2722.7,6937.36,0,0,0,0.0
4832,3,2918.85,4304.01,1892.88,8756.55,0,3,0,0.0
4117,1,1946.27,1946.27,1946.27,1946.27,1,0,0,0.0
4826,1,2778.53,2778.53,2778.53,2778.53,0,1,0,0.0
4374,3,2049.036666666667,4932.55,18.82,6147.11,2,0,0,0.0
3771,1,144.22,144.22,144.22,144.22,1,0,0,0.0
3117,1,1577.22,1577.22,1577.22,1577.22,0,1,0,0.0
3275,1,524.77,524.77,524.77,524.77,1,0,0,0.0
1784,3,2196.4066666666668,3660.67,400.59,6589.22,1,2,0,0.0
1766,1,3348.54,3348.54,3348.54,3348.54,0,1,0,0.0
1001,3,2144.65,3218.57,417.7,6433.95,2,1,0,0.0
4286,2,2516.09,3419.22,1612.96,5032.18,1,1,0,0.0
3751,1,355.25,355.25,355.25,355.25,0,0,0,0.0
3847,2,3864.995,4475.14,3254.85,7729.99,1,1,0,0.0
1469,2,3941.77,4976.38,2907.16,7883.54,1,1,0,0.0
4615,3,1114.0366666666666,2477.35,324.58,3342.11,1,1,0,0.0
3690,1,4469.42,4469.42,4469.42,4469.42,1,0,0,0.0
4521,1,1653.62,1653.62,1653.62,1653.62,0,0,0,0.0
2942,2,1032.26,1405.29,659.23,2064.52,0,1,0,0.0
4042,1,3334.06,3334.06,3334.06,3334.06,1,0,0,0.0
1820,2,3086.105,4175.24,1996.97,6172.21,2,0,0,0.0
2024,4,2757.9,4785.98,1295.22,11031.6,0,3,0,0.0
1863,1,1143.95,1143.95,1143.95,1143.95,0,0,0,0.0
4529,2,888.855,1021.0,756.71,1777.71,1,1,1,0.5
4710,3,3112.31,4600.05,1682.28,9336.93,1,1,0,0.0
3645,3,2303.54,4007.86,357.35,6910.62,0,1,1,0.3333
4636,1,630.05,630.05,630.05,630.05,0,1,0,0.0
1335,1,1621.95,1621.95,1621.95,1621.95,1,0,0,0.0
1305,3,2300.2966666666666,3327.38,1436.19,6900.89,2,0,0,0.0
2679,1,1003.9,1003.9,1003.9,1003.9,0,1,0,0.0
3055,3,928.1833333333333,1561.1,329.68,2784.55,0,0,0,0.0
1943,2,2927.745,4478.22,1377.27,5855.49,0,1,0,0.0
4420,1,366.8,366.8,366.8,366.8,0,1,0,0.0
2940,2,2667.08,3050.19,2283.97,5334.16,0,1,0,0.0
1568,1,632.22,632.22,632.22,632.22,0,1,0,0.0
2319,1,3572.63,3572.63,3572.63,3572.63,0,0,0,0.0
4057,1,3202.21,3202.21,3202.21,3202.21,1,0,0,0.0
4388,1,414.94,414.94,414.94,414.94,1,0,0,0.0
1297,3,1530.7133333333334,3815.69,318.98,4592.14,0,1,0,0.0
1869,2,1901.96,3339.73,464.19,3803.92,0,1,0,0.0
4222,1,3573.66,3573.66,3573.66,3573.66,1,0,0,0.0
2527,2,3382.805,3455.79,3309.82,6765.61,1,0,0,0.0
3157,1,3160.09,3160.09,3160.09,3160.09,0,1,0,0.0
3812,2,1355.775,2192.21,519.34,2711.55,1,0,0,0.0
2050,2,4286.55,4650.31,3922.79,8573.1,2,0,0,0.0
4009,2,2540.065,4216.65,863.48,5080.13,1,0,0,0.0
1303,3,2522.2466666666664,3552.81,1948.54,7566.74,1,1,0,0.0
3766,4,1320.8325,3407.7,39.98,5283.33,2,2,0,0.0
2133,4,2192.3375,3061.55,1457.6,8769.35,1,1,0,0.0
3079,1,1186.38,1186.38,1186.38,1186.38,1,0,0,0.0
2918,1,2522.5,2522.5,2522.5,2522.5,0,1,0,0.0
2943,4,2046.9925,4218.21,539.76,8187.97,3,1,0,0.0
3796,1,2367.84,2367.84,2367.84,2367.84,1,0,0,0.0
1588,2,2704.61,4591.64,817.58,5409.22,0,1,0,0.0
2051,1,2314.91,2314.91,2314.91,2314.91,0,0,1,1.0
2305,3,1657.94,3421.71,317.04,4973.82,1,1,0,0.0
2135,4,3658.9925,4704.3,2005.08,14635.97,4,0,0,0.0
1418,1,3406.48,3406.48,3406.48,3406.48,0,1,0,0.0
1180,1,1179.21,1179.21,1179.21,1179.21,1,0,0,0.0
3305,2,2942.685,3029.75,2855.62,5885.37,2,0,0,0.0
4658,1,3462.65,3462.65,3462.65,3462.65,0,0,0,0.0
4444,2,1686.315,1835.39,1537.24,3372.63,0,1,0,0.0
3094,3,2099.0233333333335,4900.91,556.9,6297.07,0,3,0,0.0
3596,2,2805.105,3320.98,2289.23,5610.21,0,2,0,0.0
4262,1,796.1,796.1,796.1,796.1,0,0,0,0.0
1631,1,4091.32,4091.32,4091.32,4091.32,0,1,0,0.0
2120,2,3152.44,4355.28,1949.6,6304.88,1,0,0,0.0
2163,3,3237.36,4868.95,2384.49,9712.08,2,1,0,0.0
4061,2,3830.845,4964.27,2697.42,7661.69,1,0,0,0.0
1680,1,4062.49,4062.49,4062.49,4062.49,1,0,0,0.0
2134,2,2441.07,3346.43,1535.71,4882.14,1,0,0,0.0
2755,1,1216.2,1216.2,1216.2,1216.2,1,0,0,0.0
1072,2,3004.95,3587.52,2422.38,6009.9,1,0,0,0.0
1586,1,441.49,441.49,441.49,441.49,0,1,0,0.0
3781,1,1181.56,1181.56,1181.56,1181.56,1,0,0,0.0
1918,2,2636.39,3413.28,1859.5,5272.78,0,0,0,0.0
4421,2,1817.24,3309.65,324.83,3634.48,1,1,0,0.0
2712,6,3728.78,4860.04,1301.99,22372.68,2,3,0,0.0
4514,3,2891.0533333333333,3314.16,2392.0,8673.16,0,3,0,0.0
1055,1,150.83,150.83,150.83,150.83,1,0,0,0.0
4986,1,1033.04,1033.04,1033.04,1033.04,1,0,0,0.0
3929,3,1970.7166666666667,2478.27,1151.31,5912.15,1,0,1,0.3333
1188,2,4528.89,4879.58,4178.2,9057.78,1,0,0,0.0
3823,1,3365.37,3365.37,3365.37,3365.37,0,0,0,0.0
2069,1,1051.89,1051.89,1051.89,1051.89,1,0,0,0.0
2148,2,3793.665,4981.9,2605.43,7587.33,0,1,0,0.0
4353,2,2076.965,4029.47,124.46,4153.93,1,1,0,0.0
4132,2,3625.33,4810.54,2440.12,7250.66,0,0,0,0.0
2110,2,1002.105,1534.4,469.81,2004.21,1,1,0,0.0
1955,4,1347.6,3382.12,32.76,5390.4,2,0,0,0.0
4158,1,4846.31,4846.31,4846.31,4846.31,1,0,0,0.0
1502,2,1345.71,1402.81,1288.61,2691.42,1,1,0,0.0
1752,3,1603.77,2564.62,457.82,4811.31,0,2,0,0.0
2982,2,4153.495,4696.98,3610.01,8306.99,1,0,1,0.5
2021,2,1004.665,1379.0,630.33,2009.33,0,1,0,0.0
1969,2,3233.51,4382.33,2084.69,6467.02,1,1,0,0.0
1642,1,4831.87,4831.87,4831.87,4831.87,1,0,0,0.0
1580,1,1480.05,1480.05,1480.05,1480.05,0,0,0,0.0
3925,1,4735.99,4735.99,4735.99,4735.99,0,0,0,0.0
3344,2,3120.6,4264.78,1976.42,6241.2,0,2,1,0.5
2907,1,1596.2,1596.2,1596.2,1596.2,0,1,0,0.0
4844,4,2181.4175,4221.29,681.74,8725.67,0,0,0,0.0
2431,1,3475.43,3475.43,3475.43,3475.43,0,0,0,0.0
4299,3,2529.18,4600.75,664.85,7587.54,1,0,0,0.0
1362,3,2382.26,4989.14,489.73,7146.78,1,0,0,0.0
4554,2,1410.785,2380.34,441.23,2821.57,1,0,0,0.0
4504,1,758.71,758.71,758.71,758.71,0,1,0,0.0
3239,1,4593.61,4593.61,4593.61,4593.61,0,0,0,0.0
1509,1,2461.81,2461.81,2461.81,2461.81,0,0,0,0.0
4288,4,3524.08,4879.03,2021.23,14096.32,2,2,0,0.0
3377,1,4986.59,4986.59,4986.59,4986.59,0,1,0,0.0
2743,2,1116.8,2140.82,92.78,2233.6,1,1,0,0.0
2075,2,1998.615,3367.32,629.91,3997.23,1,1,0,0.0
4044,1,713.23,713.23,713.23,713.23,0,1,0,0.0
2124,2,1409.18,2210.76,607.6,2818.36,1,1,0,0.0
3778,1,673.52,673.52,673.52,673.52,0,1,0,0.0
3765,1,3091.18,3091.18,3091.18,3091.18,0,0,0,0.0
2228,1,3676.63,3676.63,3676.63,3676.63,0,1,0,0.0
1573,2,1508.225,2491.39,525.06,3016.45,1,1,0,0.0
4849,2,3328.55,3874.09,2783.01,6657.1,2,0,0,0.0
2365,1,4948.72,4948.72,4948.72,4948.72,0,1,0,0.0
2055,1,753.94,753.94,753.94,753.94,0,0,0,0.0
1905,1,3599.2,3599.2,3599.2,3599.2,0,1,0,0.0
1698,2,1946.965,3259.82,634.11,3893.93,0,1,0,0.0
2956,2,2016.41,2454.88,1577.94,4032.82,0,1,0,0.0
4255,2,1800.54,1926.93,1674.15,3601.08,0,1,0,0.0
1096,1,1015.95,1015.95,1015.95,1015.95,0,0,0,0.0
2841,2,3279.985,4305.04,2254.93,6559.97,1,0,0,0.0
1894,2,3061.115,3765.12,2357.11,6122.23,0,1,0,0.0
4138,1,626.57,626.57,626.57,626.57,0,0,0,0.0
1673,1,1016.82,1016.82,1016.82,1016.82,1,0,0,0.0
2572,3,1823.53,2658.2,300.58,5470.59,1,1,0,0.0
3170,1,4195.38,4195.38,4195.38,4195.38,0,1,0,0.0
4977,1,315.53,315.53,315.53,315.53,0,1,0,0.0
2532,2,1881.75,3142.8,620.7,3763.5,1,1,0,0.0
4677,1,566.57,566.57,566.57,566.57,0,0,0,0.0
2403,3,2490.423333333333,2994.39,1802.6,7471.27,0,1,0,0.0
1781,1,1762.99,1762.99,1762.99,1762.99,0,1,0,0.0
2311,3,1920.3133333333333,4979.18,209.43,5760.94,0,3,0,0.0
1728,1,2722.57,2722.57,2722.57,2722.57,0,0,0,0.0
1594,1,251.45,251.45,251.45,251.45,1,0,0,0.0
4038,2,3358.85,4806.29,1911.41,6717.7,1,0,0,0.0
4446,2,2154.3,4024.03,284.57,4308.6,1,0,0,0.0
3507,2,2281.75,3147.85,1415.65,4563.5,0,1,0,0.0
3585,2,3956.44,4558.45,3354.43,7912.88,1,0,0,0.0
4546,4,2708.2475,3857.84,633.4,10832.99,1,3,1,0.25
3146,1,2879.19,2879.19,2879.19,2879.19,0,1,0,0.0
3985,2,2270.41,2359.3,2181.52,4540.82,0,0,0,0.0
1426,1,1075.41,1075.41,1075.41,1075.41,1,0,0,0.0
1308,1,960.62,960.62,960.62,960.62,0,0,0,0.0
2592,1,2250.14,2250.14,2250.14,2250.14,0,1,0,0.0
1908,1,2212.97,2212.97,2212.97,2212.97,0,1,0,0.0
3191,2,1467.085,2266.44,667.73,2934.17,1,1,0,0.0
1649,1,1450.61,1450.61,1450.61,1450.61,0,0,0,0.0
1444,2,2810.755,4311.52,1309.99,5621.51,1,0,0,0.0
1090,2,3008.31,4291.38,1725.24,6016.62,1,1,0,0.0
1687,2,2635.805,4627.0,644.61,5271.61,1,0,0,0.0
3619,2,3155.015,4530.71,1779.32,6310.03,0,2,0,0.0
3175,2,2549.22,2595.2,2503.24,5098.44,0,2,0,0.0
2756,3,1174.38,2263.02,286.99,3523.14,1,0,0,0.0
3836,1,1096.81,1096.81,1096.81,1096.81,1,0,0,0.0
1978,1,3092.76,3092.76,3092.76,3092.76,0,1,0,0.0
1789,1,560.23,560.23,560.23,560.23,1,0,0,0.0
1416,1,4717.38,4717.38,4717.38,4717.38,0,0,0,0.0
2065,3,3224.0666666666666,3569.75,2823.49,9672.2,1,1,0,0.0
2644,3,3540.713333333333,3892.39,3255.06,10622.14,0,1,0,0.0
3426,1,3216.03,3216.03,3216.03,3216.03,1,0,0,0.0
4051,2,4331.83,4935.43,3728.23,8663.66,1,1,0,0.0
3712,1,1791.36,1791.36,1791.36,1791.36,0,0,0,0.0
1024,1,3433.82,3433.82,3433.82,3433.82,0,0,0,0.0
2991,1,917.85,917.85,917.85,917.85,0,0,0,0.0
2633,2,2218.96,4060.74,377.18,4437.92,0,1,0,0.0
3849,1,1771.7,1771.7,1771.7,1771.7,1,0,0,0.0
4464,1,966.1,966.1,966.1,966.1,1,0,0,0.0
3773,1,3910.96,3910.96,3910.96,3910.96,0,1,0,0.0
1954,1,970.97,970.97,970.97,970.97,0,1,0,0.0
3453,1,2117.5,2117.5,2117.5,2117.5,0,0,0,0.0
4142,2,2009.87,2143.41,1876.33,4019.74,1,0,0,0.0
4614,3,2782.8633333333332,4220.82,683.35,8348.59,0,1,0,0.0
1232,1,3605.2,3605.2,3605.2,3605.2,0,1,0,0.0
1543,2,4137.395,4595.27,3679.52,8274.79,0,0,0,0.0
1028,5,2899.212,4572.72,426.95,14496.06,1,2,0,0.0
3457,1,863.86,863.86,863.86,863.86,1,0,0,0.0
3318,1,4387.22,4387.22,4387.22,4387.22,0,0,0,0.0
4872,1,3387.21,3387.21,3387.21,3387.21,1,0,0,0.0
2301,1,1163.57,1163.57,1163.57,1163.57,1,0,0,0.0
4917,1,2815.09,2815.09,2815.09,2815.09,1,0,0,0.0
1787,2,2449.875,4797.43,102.32,4899.75,0,0,0,0.0
1890,2,2841.865,3408.77,2274.96,5683.73,2,0,0,0.0
1039,4,2349.98,4916.48,49.07,9399.92,1,0,0,0.0
2028,1,1681.06,1681.06,1681.06,1681.06,0,1,0,0.0
3568,1,2704.95,2704.95,2704.95,2704.95,0,0,0,0.0
2831,4,2460.61,3616.38,1814.58,9842.44,1,2,0,0.0
3473,2,2749.19,4535.01,963.37,5498.38,1,0,0,0.0
1148,1,2177.42,2177.42,2177.42,2177.42,0,1,0,0.0
4800,1,4784.98,4784.98,4784.98,4784.98,1,0,0,0.0
4317,2,3409.405,4416.68,2402.13,6818.81,2,0,0,0.0
4929,1,1399.68,1399.68,1399.68,1399.68,0,0,0,0.0
4058,3,1622.7066666666667,3371.53,257.72,4868.12,0,2,0,0.0
1641,1,2405.58,2405.58,2405.58,2405.58,1,0,0,0.0
3642,2,3391.34,4774.08,2008.6,6782.68,1,0,1,0.5
2200,3,2922.5866666666666,3610.97,2381.42,8767.76,2,0,0,0.0
4123,4,2864.43,4975.86,1868.74,11457.72,1,1,0,0.0
1628,1,3088.38,3088.38,3088.38,3088.38,0,0,0,0.0
3509,1,2776.58,2776.58,2776.58,2776.58,0,1,0,0.0
4161,2,1953.285,3347.34,559.23,3906.57,1,0,0,0.0
1979,3,2384.2966666666666,3102.63,1689.83,7152.89,1,1,0,0.0
1432,1,3652.7,3652.7,3652.7,3652.7,0,1,0,0.0
2351,3,2517.233333333333,3656.33,1603.3,7551.7,1,1,0,0.0
1650,3,1476.15,3957.54,73.93,4428.45,0,2,0,0.0
1653,2,3140.895,4846.27,1435.52,6281.79,1,0,0,0.0
4989,1,4319.43,4319.43,4319.43,4319.43,1,0,0,0.0
3801,2,2335.345,4154.72,515.97,4670.69,1,0,0,0.0
3940,2,1488.65,2742.56,234.74,2977.3,2,0,0,0.0
3501,1,652.61,652.61,652.61,652.61,0,0,0,0.0
2911,1,980.26,980.26,980.26,980.26,1,0,0,0.0
1919,1,519.84,519.84,519.84,519.84,1,0,0,0.0
3988,1,2027.86,2027.86,2027.86,2027.86,0,0,0,0.0
4079,4,2797.7275,4555.24,309.94,11190.91,1,0,0,0.0
1572,5,2141.79,4821.65,29.39,10708.95,4,1,1,0.2
1970,1,2824.76,2824.76,2824.76,2824.76,1,0,0,0.0
1982,1,1880.01,1880.01,1880.01,1880.01,0,1,0,0.0
3364,2,1771.68,2007.07,1536.29,3543.36,1,0,0,0.0
4786,1,3406.28,3406.28,3406.28,3406.28,0,0,0,0.0
4333,1,2497.16,2497.16,2497.16,2497.16,0,0,0,0.0
4369,3,1702.6666666666667,2610.21,1213.84,5108.0,1,1,0,0.0
2470,2,2624.525,4302.83,946.22,5249.05,1,0,0,0.0
3050,1,4837.4,4837.4,4837.4,4837.4,1,0,0,0.0
2023,4,4167.145,4964.83,2552.44,16668.58,1,1,0,0.0
2167,1,4909.66,4909.66,4909.66,4909.66,1,0,0,0.0
2998,3,956.6966666666667,1758.03,508.06,2870.09,2,0,0,0.0
2815,2,4890.095,4912.13,4868.06,9780.19,1,1,0,0.0
4934,3,2315.713333333333,3197.7,631.98,6947.14,0,1,0,0.0
3058,1,1337.49,1337.49,1337.49,1337.49,0,1,0,0.0
1140,3,1381.97,3209.98,228.82,4145.91,1,1,0,0.0
1054,1,3165.21,3165.21,3165.21,3165.21,0,0,0,0.0
3461,1,1276.46,1276.46,1276.46,1276.46,0,1,0,0.0
3741,1,2128.77,2128.77,2128.77,2128.77,0,1,0,0.0
1005,2,2447.165,4714.67,179.66,4894.33,2,0,0,0.0
1449,3,2740.9733333333334,4300.62,331.63,8222.92,3,0,0,0.0
2488,6,2113.0133333333333,4072.21,366.08,12678.08,1,2,1,0.1667
4772,3,1276.3166666666666,1808.21,893.96,3828.95,1,1,0,0.0
3537,2,3186.585,4914.7,1458.47,6373.17,0,2,0,0.0
1212,1,2358.93,2358.93,2358.93,2358.93,0,0,0,0.0
4202,1,3586.01,3586.01,3586.01,3586.01,0,0,0,0.0
3678,3,1483.7466666666667,2079.74,792.13,4451.24,1,1,0,0.0
4576,1,2821.99,2821.99,2821.99,2821.99,1,0,0,0.0
4156,1,1516.92,1516.92,1516.92,1516.92,1,0,0,0.0
4638,2,4273.18,4356.05,4190.31,8546.36,1,0,0,0.0
3490,2,2907.245,4116.14,1698.35,5814.49,1,1,0,0.0
3520,1,1915.83,1915.83,1915.83,1915.83,0,0,0,0.0
3248,2,3016.115,3933.33,2098.9,6032.23,0,1,0,0.0
2877,1,4494.74,4494.74,4494.74,4494.74,0,0,0,0.0
3328,2,4013.575,4623.44,3403.71,8027.15,0,2,0,0.0
1601,1,775.88,775.88,775.88,775.88,0,0,0,0.0
3870,1,992.71,992.71,992.71,992.71,0,0,0,0.0
1737,1,2296.79,2296.79,2296.79,2296.79,0,1,0,0.0
2658,2,2824.86,3770.79,1878.93,5649.72,1,0,0,0.0
1251,2,2122.69,2306.91,1938.47,4245.38,1,0,0,0.0
2845,2,1354.835,1829.29,880.38,2709.67,1,1,0,0.0
3125,1,845.01,845.01,845.01,845.01,0,1,0,0.0
1706,1,4994.56,4994.56,4994.56,4994.56,0,1,0,0.0
4068,1,385.93,385.93,385.93,385.93,1,0,0,0.0
1189,3,2154.883333333333,3219.27,379.04,6464.65,1,1,0,0.0
2896,1,4135.69,4135.69,4135.69,4135.69,1,0,0,0.0
1712,2,3987.435,4717.72,3257.15,7974.87,1,0,0,0.0
2777,1,4772.2,4772.2,4772.2,4772.2,0,1,0,0.0
1654,1,4080.19,4080.19,4080.19,4080.19,0,1,0,0.0
1364,2,2659.235,3591.38,1727.09,5318.47,0,2,0,0.0
2551,4,3537.3325,4899.11,2472.62,14149.33,2,2,1,0.25
3590,2,2899.13,3037.46,2760.8,5798.26,0,1,0,0.0
1889,1,3867.96,3867.96,3867.96,3867.96,1,0,0,0.0
1991,2,1750.52,3048.47,452.57,3501.04,2,0,0,0.0
1112,1,1070.31,1070.31,1070.31,1070.31,0,1,0,0.0
3668,5,1991.998,3588.6,234.15,9959.99,2,1,0,0.0
4717,1,4603.35,4603.35,4603.35,4603.35,0,1,0,0.0
3483,1,4927.95,4927.95,4927.95,4927.95,1,0,0,0.0
2234,2,655.605,796.81,514.4,1311.21,1,0,0,0.0
2190,1,1489.18,1489.18,1489.18,1489.18,1,0,0,0.0
4588,2,959.41,988.3,930.52,1918.82,1,1,0,0.0
4016,1,1059.91,1059.91,1059.91,1059.91,1,0,0,0.0
2344,4,2581.7275,4670.83,1518.56,10326.91,1,0,0,0.0
4010,1,1666.25,1666.25,1666.25,1666.25,1,0,0,0.0
4229,2,2901.615,4981.4,821.83,5803.23,1,0,0,0.0
2246,3,1021.41,1559.49,474.33,3064.23,2,1,0,0.0
2617,5,3821.076,4994.55,2377.37,19105.38,1,1,0,0.0
2369,1,3014.96,3014.96,3014.96,3014.96,0,1,0,0.0
4794,4,1806.7375,3254.56,534.13,7226.95,1,1,0,0.0
4426,1,4589.28,4589.28,4589.28,4589.28,1,0,0,0.0
4385,1,4187.11,4187.11,4187.11,4187.11,0,0,0,0.0
2546,2,3373.16,3852.66,2893.66,6746.32,1,0,0,0.0
2264,1,2161.87,2161.87,2161.87,2161.87,0,0,0,0.0
4070,1,1445.91,1445.91,1445.91,1445.91,0,1,0,0.0
2823,4,3865.2925,4834.98,1841.81,15461.17,1,1,0,0.0
4263,1,2911.21,2911.21,2911.21,2911.21,0,1,0,0.0
3587,1,2984.31,2984.31,2984.31,2984.31,1,0,0,0.0
1514,1,2216.64,2216.64,2216.64,2216.64,0,0,0,0.0
1338,1,87.9,87.9,87.9,87.9,0,0,0,0.0
4193,4,2173.615,3963.74,1222.99,8694.46,1,2,0,0.0
4134,1,620.75,620.75,620.75,620.75,1,0,0,0.0
2611,2,1134.24,1190.43,1078.05,2268.48,0,2,0,0.0
4680,1,3426.04,3426.04,3426.04,3426.04,0,1,0,0.0
3100,2,3687.68,4424.27,2951.09,7375.36,1,0,0,0.0
1079,1,1564.76,1564.76,1564.76,1564.76,1,0,1,1.0
1445,2,1605.505,2030.14,1180.87,3211.01,0,1,0,0.0
4360,1,525.79,525.79,525.79,525.79,0,0,0,0.0
1152,1,213.69,213.69,213.69,213.69,0,1,0,0.0
1330,2,2659.31,3497.36,1821.26,5318.62,0,1,0,0.0
1826,2,1262.115,1542.12,982.11,2524.23,1,1,1,0.5
3701,1,4740.95,4740.95,4740.95,4740.95,1,0,0,0.0
4691,2,1964.155,2143.42,1784.89,3928.31,1,1,0,0.0
4482,2,1224.235,2238.58,209.89,2448.47,0,0,0,0.0
2806,2,1854.84,2878.31,831.37,3709.68,1,0,0,0.0
2238,2,3393.895,4190.57,2597.22,6787.79,1,1,0,0.0
2233,1,492.41,492.41,492.41,492.41,1,0,0,0.0
3588,2,1553.9,2590.98,516.82,3107.8,2,0,0,0.0
4806,1,1994.52,1994.52,1994.52,1994.52,1,0,0,0.0
1481,2,2816.03,3057.79,2574.27,5632.06,1,0,0,0.0
1480,1,4836.1,4836.1,4836.1,4836.1,1,0,0,0.0
4807,2,2576.155,4587.52,564.79,5152.31,1,0,0,0.0
4926,4,2031.3175,3168.35,491.21,8125.27,2,2,0,0.0
3698,2,1758.075,2953.01,563.14,3516.15,1,0,0,0.0
3291,2,2225.46,3949.91,501.01,4450.92,0,0,0,0.0
4087,3,1578.25,2318.42,502.6,4734.75,1,0,0,0.0
4880,1,3554.33,3554.33,3554.33,3554.33,0,0,0,0.0
3943,2,514.185,929.28,99.09,1028.37,2,0,0,0.0
4113,1,3479.23,3479.23,3479.23,3479.23,1,0,0,0.0
1041,2,2512.255,4851.78,172.73,5024.51,1,0,0,0.0
4334,1,2802.57,2802.57,2802.57,2802.57,0,0,0,0.0
4438,2,2655.75,4495.62,815.88,5311.5,0,2,0,0.0
3424,3,2759.0666666666666,2934.16,2506.47,8277.2,2,1,0,0.0
1640,3,2634.0,4214.44,512.21,7902.0,1,0,0,0.0
1968,1,1722.99,1722.99,1722.99,1722.99,1,0,0,0.0
3367,1,2479.51,2479.51,2479.51,2479.51,0,1,0,0.0
3370,1,671.04,671.04,671.04,671.04,1,0,0,0.0
3284,2,3575.205,4619.85,2530.56,7150.41,0,0,0,0.0
2989,1,2715.52,2715.52,2715.52,2715.52,1,0,0,0.0
3315,2,2384.32,2765.48,2003.16,4768.64,0,0,0,0.0
3844,3,2789.4266666666667,4361.94,562.16,8368.28,0,2,0,0.0
1385,1,2840.68,2840.68,2840.68,2840.68,0,1,0,0.0
2519,1,1611.66,1611.66,1611.66,1611.66,1,0,0,0.0
4387,1,91.27,91.27,91.27,91.27,0,1,0,0.0
2510,3,2470.8166666666666,3099.03,1725.5,7412.45,1,1,0,0.0
4820,3,3013.06,4956.49,716.85,9039.18,0,1,1,0.3333
1233,1,1377.58,1377.58,1377.58,1377.58,0,0,0,0.0
2641,3,1717.8066666666666,2462.44,1269.64,5153.42,1,0,0,0.0
4230,2,2642.695,2964.27,2321.12,5285.39,1,0,1,0.5
2162,4,2636.03,4722.34,1704.3,10544.12,0,1,0,0.0
2645,2,2439.305,3686.77,1191.84,4878.61,1,1,0,0.0
2266,1,1627.84,1627.84,1627.84,1627.84,0,1,0,0.0
4237,1,2514.58,2514.58,2514.58,2514.58,0,1,0,0.0
4745,1,3190.33,3190.33,3190.33,3190.33,0,0,0,0.0
3226,3,2565.5933333333332,4225.18,1273.94,7696.78,1,1,0,0.0
4281,3,3686.7766666666666,4388.0,2896.21,11060.33,2,0,0,0.0
3059,1,3934.68,3934.68,3934.68,3934.68,0,0,0,0.0
2231,2,3578.615,4721.41,2435.82,7157.23,1,1,1,0.5
4530,1,4868.25,4868.25,4868.25,4868.25,0,1,0,0.0
4178,1,3676.06,3676.06,3676.06,3676.06,0,0,0,0.0
4759,2,2428.765,2691.36,2166.17,4857.53,1,1,0,0.0
2427,3,2244.8,4633.11,401.43,6734.4,2,0,0,0.0
3522,1,2509.69,2509.69,2509.69,2509.69,1,0,0,0.0
2615,2,1311.325,1334.25,1288.4,2622.65,2,0,0,0.0
4843,1,1784.16,1784.16,1784.16,1784.16,1,0,0,0.0
3431,3,2288.8733333333334,3193.78,1749.87,6866.62,2,0,0,0.0
4475,1,4290.15,4290.15,4290.15,4290.15,0,0,0,0.0
2901,1,4886.96,4886.96,4886.96,4886.96,1,0,0,0.0
1326,1,2855.21,2855.21,2855.21,2855.21,1,0,0,0.0
3016,1,2044.67,2044.67,2044.67,2044.67,0,1,0,0.0
1060,4,3008.2625,4786.96,829.21,12033.05,1,2,0,0.0
2670,3,1992.88,3525.15,486.52,5978.64,0,1,0,0.0
2348,1,2696.93,2696.93,2696.93,2696.93,0,1,0,0.0
1017,1,3637.55,3637.55,3637.55,3637.55,0,1,0,0.0
4492,2,4534.785,4658.49,4411.08,9069.57,1,1,0,0.0
2216,2,1233.895,1521.92,945.87,2467.79,0,1,1,0.5
3898,1,3843.66,3843.66,3843.66,3843.66,0,0,0,0.0
3558,1,926.51,926.51,926.51,926.51,0,0,0,0.0
1720,2,1299.25,2222.34,376.16,2598.5,0,2,0,0.0
1754,2,3175.475,4049.02,2301.93,6350.95,1,0,0,0.0
1224,2,2019.72,3350.42,689.02,4039.44,1,0,0,0.0
4280,1,3743.5,3743.5,3743.5,3743.5,1,0,0,0.0
3975,1,3175.92,3175.92,3175.92,3175.92,0,0,0,0.0
3222,1,3183.59,3183.59,3183.59,3183.59,1,0,0,0.0
2169,2,4613.56,4742.67,4484.45,9227.12,1,1,0,0.0
2221,1,2181.99,2181.99,2181.99,2181.99,1,0,0,0.0
2505,3,2579.8166666666666,4377.88,953.34,7739.45,1,2,0,0.0
1051,3,1840.77,3267.52,1065.32,5522.31,2,1,0,0.0
2511,1,856.04,856.04,856.04,856.04,0,1,0,0.0
4938,3,2937.5,4652.59,1730.37,8812.5,0,2,0,0.0
2868,1,962.57,962.57,962.57,962.57,0,1,0,0.0
3747,1,759.96,759.96,759.96,759.96,0,1,0,0.0
2499,1,4308.55,4308.55,4308.55,4308.55,0,1,0,0.0
4261,1,3287.35,3287.35,3287.35,3287.35,1,0,0,0.0
3169,1,1310.05,1310.05,1310.05,1310.05,0,0,0,0.0
4534,2,4091.715,4108.0,4075.43,8183.43,0,1,0,0.0
2886,1,1254.7,1254.7,1254.7,1254.7,0,0,0,0.0
1716,1,4006.95,4006.95,4006.95,4006.95,0,1,0,0.0
1859,1,1824.43,1824.43,1824.43,1824.43,0,1,0,0.0
3444,5,1807.236,4090.72,589.67,9036.18,1,3,0,0.0
3887,1,2917.68,2917.68,2917.68,2917.68,1,0,0,0.0
2729,1,4552.48,4552.48,4552.48,4552.48,0,1,0,0.0
2058,1,4573.98,4573.98,4573.98,4573.98,0,1,0,0.0
2694,1,3349.33,3349.33,3349.33,3349.33,0,0,0,0.0
3238,1,4458.07,4458.07,4458.07,4458.07,0,1,0,0.0
4121,2,4149.02,4542.75,3755.29,8298.04,0,0,0,0.0
3414,4,2719.175,4785.32,1997.67,10876.7,2,1,1,0.25
1441,1,4915.71,4915.71,4915.71,4915.71,1,0,0,0.0
3980,1,3066.52,3066.52,3066.52,3066.52,1,0,0,0.0
3902,1,319.97,319.97,319.97,319.97,0,0,0,0.0
3763,1,1090.29,1090.29,1090.29,1090.29,0,1,0,0.0
2718,1,775.34,775.34,775.34,775.34,0,1,0,0.0
2217,2,1815.275,2590.19,1040.36,3630.55,0,1,0,0.0
1035,3,1247.33,1815.44,269.71,3741.99,1,1,0,0.0
3531,1,1162.24,1162.24,1162.24,1162.24,0,0,0,0.0
2091,1,1597.52,1597.52,1597.52,1597.52,0,0,0,0.0
3361,1,4928.94,4928.94,4928.94,4928.94,1,0,0,0.0
4718,1,4681.51,4681.51,4681.51,4681.51,1,0,0,0.0
1389,3,2003.3366666666666,3512.29,831.66,6010.01,1,1,0,0.0
4969,3,3268.483333333333,4701.54,1966.04,9805.45,2,0,0,0.0
3184,2,1913.77,2003.86,1823.68,3827.54,0,1,0,0.0
4293,1,2626.23,2626.23,2626.23,2626.23,0,1,0,0.0
3662,1,49.03,49.03,49.03,49.03,0,1,0,0.0
3027,3,2178.8533333333335,3510.03,786.98,6536.56,2,0,0,0.0
3333,2,2097.35,2616.42,1578.28,4194.7,0,0,0,0.0
3329,1,3537.5,3537.5,3537.5,3537.5,1,0,0,0.0
4005,1,3014.2,3014.2,3014.2,3014.2,0,0,0,0.0
1240,2,3933.375,4887.35,2979.4,7866.75,1,0,0,0.0
3349,2,1274.3,2220.61,327.99,2548.6,0,2,0,0.0
1881,1,744.83,744.83,744.83,744.83,0,0,0,0.0
2649,2,2586.83,2729.51,2444.15,5173.66,2,0,0,0.0
4560,1,3582.2,3582.2,3582.2,3582.2,0,1,0,0.0
1182,4,3009.4925,4257.3,875.94,12037.97,1,2,0,0.0
4685,1,2731.97,2731.97,2731.97,2731.97,0,1,0,0.0
1946,3,4052.9466666666667,4927.65,3327.19,12158.84,2,1,0,0.0
2905,3,1535.6033333333332,2610.82,549.04,4606.81,0,1,0,0.0
3087,2,2059.155,2452.44,1665.87,4118.31,0,2,0,0.0
2186,1,673.45,673.45,673.45,673.45,1,0,0,0.0
4050,5,2551.73,4070.9,29.17,12758.65,5,0,0,0.0
2083,3,2186.9166666666665,4137.89,716.12,6560.75,1,1,0,0.0
4972,1,3759.22,3759.22,3759.22,3759.22,0,1,0,0.0
4779,1,4147.86,4147.86,4147.86,4147.86,0,1,0,0.0
4633,6,2327.508333333333,4773.11,67.27,13965.05,2,0,0,0.0
1454,2,2498.11,3867.6,1128.62,4996.22,0,1,0,0.0
1584,2,1347.385,1560.27,1134.5,2694.77,0,1,0,0.0
4030,1,3754.27,3754.27,3754.27,3754.27,0,1,0,0.0
3065,1,3298.31,3298.31,3298.31,3298.31,0,0,0,0.0
2805,2,2171.17,2469.89,1872.45,4342.34,0,1,0,0.0
2639,1,2474.41,2474.41,2474.41,2474.41,0,0,0,0.0
1282,1,2393.09,2393.09,2393.09,2393.09,0,1,0,0.0
1812,2,3235.57,3389.06,3082.08,6471.14,1,1,0,0.0
3145,2,3599.255,3972.82,3225.69,7198.51,1,1,0,0.0
3281,1,3455.72,3455.72,3455.72,3455.72,0,0,0,0.0
3337,2,3399.01,4507.14,2290.88,6798.02,2,0,0,0.0
1860,2,1923.135,2925.96,920.31,3846.27,1,1,0,0.0
4868,1,3130.88,3130.88,3130.88,3130.88,1,0,1,1.0
4415,2,2883.76,4486.27,1281.25,5767.52,1,1,0,0.0
3108,2,2658.17,4846.21,470.13,5316.34,0,0,0,0.0
2095,1,1205.2,1205.2,1205.2,1205.2,0,1,0,0.0
4812,3,1755.6733333333334,2615.3,1014.15,5267.02,0,1,0,0.0
4663,1,4463.25,4463.25,4463.25,4463.25,0,1,0,0.0
3268,2,2891.6,4343.34,1439.86,5783.2,1,0,0,0.0
4242,1,2166.46,2166.46,2166.46,2166.46,1,0,0,0.0
2554,2,2046.025,3507.58,584.47,4092.05,0,1,0,0.0
1157,1,2865.08,2865.08,2865.08,2865.08,1,0,0,0.0
1465,1,240.29,240.29,240.29,240.29,0,0,0,0.0
3993,2,4625.97,4821.02,4430.92,9251.94,0,0,0,0.0
3148,1,76.54,76.54,76.54,76.54,0,0,0,0.0
3502,1,3177.96,3177.96,3177.96,3177.96,1,0,0,0.0
1155,3,3240.45,4997.48,37.05,9721.35,2,0,0,0.0
4793,1,492.45,492.45,492.45,492.45,0,1,0,0.0
3581,2,2127.22,3773.71,480.73,4254.44,0,1,0,0.0
3850,1,1714.64,1714.64,1714.64,1714.64,1,0,0,0.0
3106,1,1376.02,1376.02,1376.02,1376.02,0,0,0,0.0
2759,2,3418.105,4157.13,2679.08,6836.21,1,1,0,0.0
3173,1,667.08,667.08,667.08,667.08,1,0,0,0.0
4757,1,1645.98,1645.98,1645.98,1645.98,1,0,0,0.0
3014,2,1526.015,2538.73,513.3,3052.03,0,1,0,0.0
1541,1,3767.58,3767.58,3767.58,3767.58,0,1,0,0.0
3709,2,3797.775,4563.21,3032.34,7595.55,1,1,0,0.0
3181,1,1986.53,1986.53,1986.53,1986.53,1,0,0,0.0
3797,1,3758.05,3758.05,3758.05,3758.05,0,1,0,0.0
2022,1,461.89,461.89,461.89,461.89,0,0,0,0.0
2607,1,3379.08,3379.08,3379.08,3379.08,0,1,0,0.0
1671,2,3117.695,4345.8,1889.59,6235.39,0,0,0,0.0
3296,2,2233.51,3409.14,1057.88,4467.02,0,0,0,0.0
2522,1,2388.47,2388.47,2388.47,2388.47,0,0,0,0.0
1274,3,1728.2833333333333,2007.72,1248.52,5184.85,0,1,1,0.3333
3999,1,2915.53,2915.53,2915.53,2915.53,1,0,0,0.0
2808,1,299.8,299.8,299.8,299.8,1,0,0,0.0
1891,1,4058.26,4058.26,4058.26,4058.26,0,1,0,0.0
1840,2,2008.775,3003.33,1014.22,4017.55,1,1,0,0.0
4552,1,3515.84,3515.84,3515.84,3515.84,0,0,0,0.0
4690,1,4995.38,4995.38,4995.38,4995.38,0,1,0,0.0
4441,2,2920.93,3195.89,2645.97,5841.86,0,0,0,0.0
3477,1,655.33,655.33,655.33,655.33,0,1,0,0.0
2822,2,1208.81,1228.1,1189.52,2417.62,1,1,0,0.0
1317,1,2565.88,2565.88,2565.88,2565.88,1,0,0,0.0
4257,2,3324.535,4087.3,2561.77,6649.07,1,0,0,0.0
3135,1,3615.29,3615.29,3615.29,3615.29,0,0,0,0.0
3452,5,2236.104,3843.74,41.39,11180.52,2,1,0,0.0
1825,1,3108.0,3108.0,3108.0,3108.0,0,1,0,0.0
2871,1,2028.72,2028.72,2028.72,2028.72,0,1,0,0.0
1759,2,2833.525,4783.22,883.83,5667.05,0,0,0,0.0
3266,3,1196.22,2728.91,175.19,3588.66,1,1,0,0.0
4819,2,1461.635,1622.48,1300.79,2923.27,1,0,0,0.0
3397,3,1938.2533333333333,4123.38,559.48,5814.76,1,1,1,0.3333
2761,1,3411.14,3411.14,3411.14,3411.14,0,0,1,1.0
4450,1,1521.8,1521.8,1521.8,1521.8,1,0,0,0.0
2707,2,1342.295,1405.64,1278.95,2684.59,0,1,0,0.0
3515,1,3072.79,3072.79,3072.79,3072.79,1,0,0,0.0
2433,1,3529.14,3529.14,3529.14,3529.14,0,1,0,0.0
3516,1,4394.15,4394.15,4394.15,4394.15,0,1,0,0.0
4110,1,3470.04,3470.04,3470.04,3470.04,0,0,0,0.0
2334,3,2912.9533333333334,3014.86,2804.62,8738.86,2,1,0,0.0
4752,1,3045.24,3045.24,3045.24,3045.24,0,1,0,0.0
4267,2,806.725,1371.61,241.84,1613.45,2,0,0,0.0
1626,2,3102.42,4338.98,1865.86,6204.84,2,0,0,0.0
1193,1,4328.04,4328.04,4328.04,4328.04,0,0,0,0.0
3359,2,1786.195,3396.23,176.16,3572.39,1,1,0,0.0
3143,2,1745.955,3250.03,241.88,3491.91,1,1,0,0.0
2795,1,1465.86,1465.86,1465.86,1465.86,0,0,0,0.0
1169,1,4822.61,4822.61,4822.61,4822.61,0,1,0,0.0
3440,1,4632.45,4632.45,4632.45,4632.45,0,0,0,0.0
2646,2,3526.975,3880.39,3173.56,7053.95,0,2,0,0.0
2179,2,3756.81,3935.97,3577.65,7513.62,1,0,0,0.0
1994,1,2143.12,2143.12,2143.12,2143.12,1,0,0,0.0
2980,3,3896.17,4599.24,3096.73,11688.51,2,1,0,0.0
1874,1,87.96,87.96,87.96,87.96,0,1,0,0.0
1171,2,3744.27,4875.51,2613.03,7488.54,1,1,1,0.5
1138,1,1520.87,1520.87,1520.87,1520.87,0,1,0,0.0
1085,2,2499.785,3963.07,1036.5,4999.57,1,0,0,0.0
2769,2,3658.555,4688.81,2628.3,7317.11,1,0,0,0.0
1353,1,1327.68,1327.68,1327.68,1327.68,0,0,0,0.0
3915,1,384.96,384.96,384.96,384.96,0,0,0,0.0
3436,2,2005.91,2768.42,1243.4,4011.82,0,1,1,0.5
3188,1,1352.11,1352.11,1352.11,1352.11,1,0,0,0.0
3752,2,1680.19,3297.0,63.38,3360.38,0,2,0,0.0
4978,3,2222.85,3887.33,353.04,6668.55,2,1,0,0.0
1438,2,3308.635,4749.56,1867.71,6617.27,1,0,0,0.0
3813,1,2001.36,2001.36,2001.36,2001.36,0,0,0,0.0
2418,1,1173.92,1173.92,1173.92,1173.92,1,0,0,0.0
1688,2,3237.04,4691.62,1782.46,6474.08,0,1,0,0.0
2495,4,3395.325,4741.05,1899.32,13581.3,2,1,0,0.0
2937,1,4615.43,4615.43,4615.43,4615.43,0,1,0,0.0
2946,1,1499.57,1499.57,1499.57,1499.57,1,0,0,0.0
1184,1,4932.42,4932.42,4932.42,4932.42,0,1,0,0.0
1031,2,3720.59,4806.16,2635.02,7441.18,0,0,0,0.0
4236,1,1907.84,1907.84,1907.84,1907.84,0,0,0,0.0
3013,2,1111.71,1717.41,506.01,2223.42,1,0,0,0.0
3914,4,3140.0,4064.47,2075.59,12560.0,0,2,0,0.0
1865,2,3408.92,4026.13,2791.71,6817.84,2,0,0,0.0
2062,1,3950.48,3950.48,3950.48,3950.48,0,1,1,1.0
1367,1,2876.1,2876.1,2876.1,2876.1,0,0,0,0.0
2627,3,1832.85,4326.32,139.01,5498.55,0,1,0,0.0
1088,3,3020.6266666666666,4555.47,530.16,9061.88,1,0,0,0.0
2206,2,865.035,1556.07,174.0,1730.07,1,1,0,0.0
1124,3,2408.483333333333,4795.3,521.7,7225.45,1,1,0,0.0
3323,3,1481.7366666666667,2320.91,1004.83,4445.21,2,1,0,0.0
1725,2,1293.01,1735.2,850.82,2586.02,0,2,0,0.0
1243,3,2604.77,4770.13,604.66,7814.31,1,1,0,0.0
2584,2,3924.9,4529.41,3320.39,7849.8,1,1,0,0.0
4413,3,2085.45,3965.78,761.52,6256.35,3,0,1,0.3333
4163,2,1411.22,2624.91,197.53,2822.44,0,1,0,0.0
1100,2,2335.105,3473.8,1196.41,4670.21,0,0,0,0.0
2842,1,3052.74,3052.74,3052.74,3052.74,0,0,0,0.0
1270,1,995.1,995.1,995.1,995.1,0,1,0,0.0
1436,1,1225.35,1225.35,1225.35,1225.35,1,0,0,0.0
2379,1,491.62,491.62,491.62,491.62,1,0,0,0.0
4580,2,1960.44,2229.12,1691.76,3920.88,0,1,0,0.0
1516,3,1792.8433333333332,2769.7,1223.41,5378.53,0,0,0,0.0
2464,1,2155.64,2155.64,2155.64,2155.64,0,1,0,0.0
4960,1,4486.95,4486.95,4486.95,4486.95,0,0,0,0.0
2008,1,3260.05,3260.05,3260.05,3260.05,0,0,0,0.0
3681,1,4231.03,4231.03,4231.03,4231.03,0,0,0,0.0
3242,1,3682.76,3682.76,3682.76,3682.76,0,1,0,0.0
4758,2,4635.3,4909.65,4360.95,9270.6,1,0,0,0.0
3346,2,2794.1,2922.37,2665.83,5588.2,0,1,0,0.0
3695,2,1128.33,1752.92,503.74,2256.66,1,1,0,0.0
4594,2,3272.73,3576.96,2968.5,6545.46,1,0,0,0.0
2210,2,4075.94,4180.56,3971.32,8151.88,0,0,0,0.0
1455,1,1764.26,1764.26,1764.26,1764.26,1,0,0,0.0
1945,1,3802.71,3802.71,3802.71,3802.71,1,0,0,0.0
2223,1,551.66,551.66,551.66,551.66,0,0,0,0.0
3831,3,3784.6666666666665,4600.72,2736.98,11354.0,2,0,0,0.0
2456,3,2705.4466666666667,4747.6,1535.59,8116.34,2,1,0,0.0
2622,1,2348.8,2348.8,2348.8,2348.8,0,1,0,0.0
4709,2,2708.13,4799.96,616.3,5416.26,1,0,0,0.0
4621,1,2508.62,2508.62,2508.62,2508.62,0,1,0,0.0
3187,3,4021.016666666667,4932.89,3162.39,12063.05,1,2,0,0.0
3410,2,3034.77,4734.34,1335.2,6069.54,1,0,0,0.0
1934,1,637.87,637.87,637.87,637.87,1,0,0,0.0
2947,1,3189.7,3189.7,3189.7,3189.7,1,0,0,0.0
2047,2,1958.36,3125.65,791.07,3916.72,0,2,0,0.0
1542,1,1337.01,1337.01,1337.01,1337.01,0,0,0,0.0
4240,2,3508.695,4148.59,2868.8,7017.39,0,1,0,0.0
2932,2,3261.11,3750.79,2771.43,6522.22,0,1,0,0.0
2104,1,2312.86,2312.86,2312.86,2312.86,0,1,0,0.0
2844,1,570.8,570.8,570.8,570.8,1,0,0,0.0
4172,1,609.62,609.62,609.62,609.62,0,0,0,0.0
1391,2,3741.82,4598.13,2885.51,7483.64,1,1,0,0.0
4801,2,1987.88,2031.1,1944.66,3975.76,0,0,0,0.0
3332,1,4246.23,4246.23,4246.23,4246.23,1,0,0,0.0
3348,3,3243.5633333333335,4785.14,787.93,9730.69,3,0,0,0.0
1636,1,4169.44,4169.44,4169.44,4169.44,1,0,0,0.0
2026,2,2474.97,2692.5,2257.44,4949.94,0,2,0,0.0
1177,1,4676.27,4676.27,4676.27,4676.27,1,0,0,0.0
2493,3,2320.48,4116.4,101.22,6961.44,1,2,0,0.0
2262,1,2699.98,2699.98,2699.98,2699.98,1,0,0,0.0
4895,2,3735.36,4273.29,3197.43,7470.72,1,1,0,0.0
1566,3,2243.2166666666667,3532.63,1115.84,6729.65,1,1,0,0.0
4310,1,2165.95,2165.95,2165.95,2165.95,1,0,0,0.0
1343,2,969.47,1818.82,120.12,1938.94,0,2,0,0.0
3219,1,1377.62,1377.62,1377.62,1377.62,1,0,0,0.0
1222,3,4572.986666666667,4952.08,4273.54,13718.96,0,2,0,0.0
1323,1,61.77,61.77,61.77,61.77,0,1,0,0.0
1921,2,4175.875,4642.81,3708.94,8351.75,1,0,0,0.0
2405,2,1354.875,1401.1,1308.65,2709.75,1,0,0,0.0
1358,1,4982.09,4982.09,4982.09,4982.09,0,1,0,0.0
2978,2,4137.38,4390.21,3884.55,8274.76,2,0,0,0.0
2041,3,2119.213333333333,4042.5,859.36,6357.64,1,0,0,0.0
4672,2,2537.835,3945.55,1130.12,5075.67,0,0,0,0.0
2647,1,926.59,926.59,926.59,926.59,1,0,0,0.0
2287,1,3666.52,3666.52,3666.52,3666.52,0,1,0,0.0
4472,1,585.1,585.1,585.1,585.1,1,0,0,0.0
3090,1,4949.54,4949.54,4949.54,4949.54,0,0,0,0.0
1931,1,4604.24,4604.24,4604.24,4604.24,0,1,0,0.0
4662,1,4741.71,4741.71,4741.71,4741.71,0,0,0,0.0
1695,1,1025.03,1025.03,1025.03,1025.03,0,1,0,0.0
3799,1,2697.22,2697.22,2697.22,2697.22,1,0,1,1.0
3470,2,2268.405,3219.46,1317.35,4536.81,1,1,0,0.0
1768,2,2287.255,3867.08,707.43,4574.51,0,1,1,0.5
4707,2,4435.25,4516.86,4353.64,8870.5,0,1,0,0.0
4203,2,3160.315,3249.6,3071.03,6320.63,2,0,0,0.0
1360,5,1659.024,3724.28,21.39,8295.12,3,0,0,0.0
3156,1,4543.7,4543.7,4543.7,4543.7,1,0,0,0.0
3704,2,996.595,1199.94,793.25,1993.19,0,0,0,0.0
4023,1,4831.81,4831.81,4831.81,4831.81,1,0,0,0.0
1399,1,1717.39,1717.39,1717.39,1717.39,0,0,0,0.0
4562,1,2871.54,2871.54,2871.54,2871.54,0,0,0,0.0
4092,1,1925.2,1925.2,1925.2,1925.2,0,0,0,0.0
2732,2,1648.9,2435.42,862.38,3297.8,0,2,0,0.0
4956,1,2864.79,2864.79,2864.79,2864.79,0,0,0,0.0
2107,1,4070.49,4070.49,4070.49,4070.49,1,0,0,0.0
1214,5,2295.204,4647.02,417.65,11476.02,1,4,0,0.0
4489,3,1868.3233333333333,4406.85,598.35,5604.97,0,2,0,0.0
1074,1,3136.38,3136.38,3136.38,3136.38,0,0,0,0.0
1873,2,3623.395,4878.91,2367.88,7246.79,2,0,0,0.0
1999,4,903.89,2036.89,54.89,3615.56,2,0,1,0.25
2840,2,1113.385,1145.12,1081.65,2226.77,0,1,0,0.0
2482,1,935.12,935.12,935.12,935.12,0,0,0,0.0
1111,3,3578.5266666666666,4452.2,2652.01,10735.58,1,2,0,0.0
3352,1,2486.73,2486.73,2486.73,2486.73,1,0,0,0.0
4623,1,1526.9,1526.9,1526.9,1526.9,0,1,0,0.0
2102,3,1549.4066666666668,2760.55,195.58,4648.22,2,1,0,0.0
4937,2,988.04,1404.04,572.04,1976.08,0,0,0,0.0
3468,1,2462.99,2462.99,2462.99,2462.99,0,1,0,0.0
4840,1,909.66,909.66,909.66,909.66,0,0,0,0.0
1181,1,3007.19,3007.19,3007.19,3007.19,1,0,0,0.0
1838,1,2408.91,2408.91,2408.91,2408.91,0,1,0,0.0
3650,1,4746.22,4746.22,4746.22,4746.22,1,0,0,0.0
4462,2,3355.78,3671.45,3040.11,6711.56,0,0,0,0.0
4528,1,3857.63,3857.63,3857.63,3857.63,1,0,1,1.0
3297,1,1961.51,1961.51,1961.51,1961.51,0,1,0,0.0
1491,2,4241.69,4888.84,3594.54,8483.38,0,1,0,0.0
1172,2,3011.17,3822.46,2199.88,6022.34,2,0,0,0.0
2720,2,278.175,397.98,158.37,556.35,1,0,0,0.0
2889,2,713.91,1259.62,168.2,1427.82,0,1,0,0.0
2517,1,3772.84,3772.84,3772.84,3772.84,1,0,0,0.0
4205,4,1969.2875,4038.92,770.58,7877.15,1,1,0,0.0
3330,1,1742.43,1742.43,1742.43,1742.43,0,1,0,0.0
1351,2,1561.79,2011.91,1111.67,3123.58,1,0,0,0.0
3319,1,1827.41,1827.41,1827.41,1827.41,0,1,0,0.0
4165,1,1060.6,1060.6,1060.6,1060.6,1,0,0,0.0
3869,1,1243.09,1243.09,1243.09,1243.09,1,0,0,0.0
1333,2,3963.39,4150.21,3776.57,7926.78,0,0,0,0.0
1610,1,1971.38,1971.38,1971.38,1971.38,1,0,0,0.0
3411,2,2072.445,2192.81,1952.08,4144.89,1,1,0,0.0
2003,1,4522.39,4522.39,4522.39,4522.39,0,1,0,0.0
2408,1,3087.89,3087.89,3087.89,3087.89,1,0,0,0.0
1903,3,1478.7733333333333,2049.46,1173.65,4436.32,1,1,0,0.0
1466,3,2553.26,4580.9,1009.83,7659.78,0,3,0,0.0
1634,3,2298.403333333333,3308.07,322.51,6895.21,1,0,0,0.0
1363,4,2844.7775,4760.37,252.31,11379.11,1,3,0,0.0
4876,2,3916.24,4621.33,3211.15,7832.48,0,1,0,0.0
2113,2,1992.92,2352.37,1633.47,3985.84,0,2,0,0.0
2371,1,2619.66,2619.66,2619.66,2619.66,0,1,0,0.0
4686,1,374.9,374.9,374.9,374.9,0,1,0,0.0
2016,2,3374.98,4721.68,2028.28,6749.96,0,0,0,0.0
3706,1,531.99,531.99,531.99,531.99,0,1,0,0.0
4605,3,3027.4333333333334,4149.32,907.72,9082.3,0,2,1,0.3333
4124,1,3624.88,3624.88,3624.88,3624.88,0,0,0,0.0
4550,1,4445.44,4445.44,4445.44,4445.44,0,1,0,0.0
2492,5,1669.266,3361.41,62.35,8346.33,2,2,0,0.0
1545,1,4115.5,4115.5,4115.5,4115.5,0,1,0,0.0
3151,1,4971.28,4971.28,4971.28,4971.28,1,0,0,0.0
1581,1,2223.27,2223.27,2223.27,2223.27,0,0,0,0.0
1482,1,3019.24,3019.24,3019.24,3019.24,1,0,0,0.0
2268,1,3371.99,3371.99,3371.99,3371.99,1,0,0,0.0
4715,1,2417.17,2417.17,2417.17,2417.17,1,0,0,0.0
3578,1,2663.82,2663.82,2663.82,2663.82,1,0,0,0.0
3074,1,3544.66,3544.66,3544.66,3544.66,0,0,0,0.0
4026,4,2166.6725,3905.92,10.98,8666.69,2,1,0,0.0
4787,2,740.885,1351.64,130.13,1481.77,1,0,0,0.0
2000,3,2758.173333333333,4300.11,1368.16,8274.52,0,1,0,0.0
3713,2,2258.445,3136.22,1380.67,4516.89,1,0,0,0.0
1534,1,3606.38,3606.38,3606.38,3606.38,1,0,0,0.0
2203,3,2297.74,4033.09,1268.77,6893.22,1,2,0,0.0
4476,2,2185.075,2309.47,2060.68,4370.15,0,1,0,0.0
2974,3,3223.39,4163.28,2011.84,9670.17,2,0,0,0.0
4571,2,3015.585,4636.56,1394.61,6031.17,0,0,0,0.0
1425,2,4088.94,4974.83,3203.05,8177.88,0,0,0,0.0
1390,1,3849.03,3849.03,3849.03,3849.03,0,0,0,0.0
3620,2,3261.215,3478.44,3043.99,6522.43,1,1,0,0.0
3083,2,3188.81,4226.82,2150.8,6377.62,0,2,0,0.0
3506,1,4147.92,4147.92,4147.92,4147.92,0,0,0,0.0
1176,1,2741.1,2741.1,2741.1,2741.1,0,0,0,0.0
3807,2,2000.46,2502.83,1498.09,4000.92,2,0,0,0.0
2587,5,1911.254,2617.95,357.72,9556.27,2,2,0,0.0
4565,2,1490.885,1610.92,1370.85,2981.77,0,1,0,0.0
1186,1,894.0,894.0,894.0,894.0,1,0,0,0.0
1796,1,2685.43,2685.43,2685.43,2685.43,1,0,0,0.0
1089,3,3803.1033333333335,4616.27,2301.26,11409.31,1,1,0,0.0
1380,2,2626.32,3546.1,1706.54,5252.64,0,1,0,0.0
1147,1,246.47,246.47,246.47,246.47,1,0,0,0.0
3465,2,2597.165,2876.37,2317.96,5194.33,0,2,0,0.0
1656,2,2768.33,2795.46,2741.2,5536.66,0,1,0,0.0
3917,2,1178.8,1401.18,956.42,2357.6,0,0,0,0.0
4703,1,2697.08,2697.08,2697.08,2697.08,0,1,0,0.0
4207,1,1366.35,1366.35,1366.35,1366.35,0,0,0,0.0
4251,2,2206.565,3911.28,501.85,4413.13,0,2,0,0.0
4423,1,2073.68,2073.68,2073.68,2073.68,0,1,0,0.0
2358,1,2354.03,2354.03,2354.03,2354.03,1,0,0,0.0
1555,3,1982.6433333333334,3510.3,792.89,5947.93,2,0,1,0.3333
3286,1,1394.63,1394.63,1394.63,1394.63,1,0,0,0.0
3080,1,1604.61,1604.61,1604.61,1604.61,1,0,1,1.0
4063,4,2595.6675,4413.55,1193.95,10382.67,0,2,0,0.0
4364,1,3512.08,3512.08,3512.08,3512.08,0,0,1,1.0
2142,1,2824.34,2824.34,2824.34,2824.34,0,1,0,0.0
1000,2,3525.12,4984.78,2065.46,7050.24,1,0,0,0.0
2927,2,2793.785,3190.41,2397.16,5587.57,1,0,0,0.0
2205,4,3496.355,4839.45,2046.13,13985.42,1,1,0,0.0
4789,2,1466.945,1866.28,1067.61,2933.89,1,0,0,0.0
2286,1,1768.08,1768.08,1768.08,1768.08,1,0,0,0.0
3575,1,2812.66,2812.66,2812.66,2812.66,0,1,0,0.0
2836,3,3306.1966666666667,4339.51,1377.82,9918.59,1,0,0,0.0
2139,1,1247.16,1247.16,1247.16,1247.16,0,1,0,0.0
1423,1,4022.42,4022.42,4022.42,4022.42,1,0,0,0.0
3412,2,2305.715,3945.84,665.59,4611.43,0,2,0,0.0
1730,1,1743.72,1743.72,1743.72,1743.72,0,0,0,0.0
3610,2,1292.15,2266.63,317.67,2584.3,0,1,0,0.0
4985,1,3267.95,3267.95,3267.95,3267.95,1,0,0,0.0
1114,1,1427.42,1427.42,1427.42,1427.42,1,0,0,0.0
3942,1,1632.0,1632.0,1632.0,1632.0,0,1,0,0.0
3637,1,678.1,678.1,678.1,678.1,1,0,0,0.0
1244,1,899.6,899.6,899.6,899.6,0,1,0,0.0
3335,3,2910.74,4740.2,1411.67,8732.22,2,0,0,0.0
3493,1,670.46,670.46,670.46,670.46,1,0,0,0.0
4177,1,2404.44,2404.44,2404.44,2404.44,0,0,0,0.0
1013,2,2083.755,2570.53,1596.98,4167.51,1,1,0,0.0
4688,1,2788.07,2788.07,2788.07,2788.07,0,0,0,0.0
4244,2,2102.775,3570.35,635.2,4205.55,1,0,1,0.5
1760,3,2054.43,2777.75,1470.81,6163.29,2,0,0,0.0
1553,1,664.02,664.02,664.02,664.02,0,1,0,0.0
2201,3,3708.383333333333,4443.8,2578.32,11125.15,0,2,0,0.0
4093,1,4064.86,4064.86,4064.86,4064.86,0,1,0,0.0
1839,1,848.0,848.0,848.0,848.0,1,0,0,0.0
1530,1,268.88,268.88,268.88,268.88,0,0,0,0.0
3924,3,3119.9133333333334,4470.89,1725.99,9359.74,1,0,0,0.0
4805,3,745.74,904.66,560.16,2237.22,0,1,0,0.0
4641,1,2539.92,2539.92,2539.92,2539.92,0,1,0,0.0
3256,4,2868.6875,4194.71,1979.84,11474.75,1,2,1,0.25
2213,1,3408.63,3408.63,3408.63,3408.63,0,1,0,0.0
1318,1,1157.52,1157.52,1157.52,1157.52,0,1,0,0.0
2689,2,3503.535,4391.04,2616.03,7007.07,0,0,0,0.0
4328,1,674.47,674.47,674.47,674.47,1,0,0,0.0
4742,1,3307.36,3307.36,3307.36,3307.36,0,0,0,0.0
3843,3,1900.3,2324.09,1226.01,5700.9,1,1,0,0.0
2256,2,2560.52,4585.52,535.52,5121.04,1,0,0,0.0
1822,3,2413.9366666666665,4749.89,1048.74,7241.81,1,1,0,0.0
4330,1,2901.24,2901.24,2901.24,2901.24,0,0,0,0.0
3767,1,3019.73,3019.73,3019.73,3019.73,0,1,0,0.0
3454,3,2439.42,3269.07,1052.64,7318.26,1,1,0,0.0
3962,2,2907.94,3855.84,1960.04,5815.88,1,1,0,0.0
3554,2,1464.46,1480.83,1448.09,2928.92,0,2,0,0.0
2111,1,880.77,880.77,880.77,880.77,0,0,0,0.0
4013,2,3675.08,4566.01,2784.15,7350.16,1,0,0,0.0
1139,1,4385.44,4385.44,4385.44,4385.44,0,0,0,0.0
4649,2,2212.955,3301.43,1124.48,4425.91,0,0,1,0.5
2697,1,4461.18,4461.18,4461.18,4461.18,0,0,0,0.0
1223,1,4032.47,4032.47,4032.47,4032.47,1,0,0,0.0
4653,2,3109.395,3461.58,2757.21,6218.79,2,0,0,0.0
2039,2,2816.795,3965.02,1668.57,5633.59,1,0,0,0.0
1342,2,1724.77,2288.48,1161.06,3449.54,0,0,0,0.0
3696,2,2139.99,3967.5,312.48,4279.98,1,1,1,0.5
3504,1,2490.73,2490.73,2490.73,2490.73,0,1,0,0.0
3553,3,4187.716666666666,4649.36,3763.37,12563.15,1,1,0,0.0
4818,2,431.785,735.04,128.53,863.57,0,1,0,0.0
1498,1,1150.66,1150.66,1150.66,1150.66,0,0,0,0.0
2664,1,4236.52,4236.52,4236.52,4236.52,1,0,0,0.0
2512,1,2033.17,2033.17,2033.17,2033.17,1,0,0,0.0
2207,1,3521.76,3521.76,3521.76,3521.76,0,1,0,0.0
2727,1,2138.91,2138.91,2138.91,2138.91,0,1,0,0.0
1026,2,2567.905,3670.26,1465.55,5135.81,1,1,1,0.5
3892,1,4344.6,4344.6,4344.6,4344.6,0,0,0,0.0
1191,1,419.28,419.28,419.28,419.28,0,0,0,0.0
2902,3,3485.3733333333334,4766.13,1824.68,10456.12,1,1,0,0.0
1853,1,4449.3,4449.3,4449.3,4449.3,0,0,0,0.0
4549,1,2002.31,2002.31,2002.31,2002.31,0,1,0,0.0
4184,1,818.21,818.21,818.21,818.21,0,1,0,0.0
3276,1,4178.25,4178.25,4178.25,4178.25,1,0,0,0.0
3039,2,2290.825,2671.4,1910.25,4581.65,1,1,0,0.0
1421,1,2878.41,2878.41,2878.41,2878.41,0,0,0,0.0
2185,1,4656.92,4656.92,4656.92,4656.92,0,1,0,0.0
3734,1,4666.05,4666.05,4666.05,4666.05,0,1,0,0.0
2429,1,3791.22,3791.22,3791.22,3791.22,0,0,0,0.0
3230,1,2034.55,2034.55,2034.55,2034.55,1,0,0,0.0
1989,1,4977.57,4977.57,4977.57,4977.57,1,0,0,0.0
4542,1,1340.75,1340.75,1340.75,1340.75,0,1,0,0.0
4512,3,2333.7366666666667,3971.25,1484.49,7001.21,0,1,0,0.0
4946,1,455.62,455.62,455.62,455.62,0,1,0,0.0
1091,1,2140.84,2140.84,2140.84,2140.84,0,1,0,0.0
2285,1,359.38,359.38,359.38,359.38,1,0,0,0.0
1075,1,4922.62,4922.62,4922.62,4922.62,1,0,0,0.0
3726,1,3624.43,3624.43,3624.43,3624.43,0,0,0,0.0
4062,1,169.16,169.16,169.16,169.16,0,1,0,0.0
4008,1,1918.65,1918.65,1918.65,1918.65,1,0,0,0.0
1108,1,4544.32,4544.32,4544.32,4544.32,0,0,0,0.0
3559,3,1981.9333333333334,4017.0,300.16,5945.8,1,1,0,0.0
2922,1,310.63,310.63,310.63,310.63,1,0,0,0.0
1899,2,965.37,1311.3,619.44,1930.74,2,0,0,0.0
2108,4,2871.4,4334.64,2286.43,11485.6,2,2,0,0.0
2331,1,1146.2,1146.2,1146.2,1146.2,0,1,0,0.0
1494,2,827.43,1399.91,254.95,1654.86,0,2,0,0.0
4176,1,4386.14,4386.14,4386.14,4386.14,1,0,1,1.0
4348,2,3147.79,4903.67,1391.91,6295.58,1,0,0,0.0
3535,1,1168.42,1168.42,1168.42,1168.42,1,0,0,0.0
3909,1,1188.25,1188.25,1188.25,1188.25,0,0,1,1.0
4284,1,3044.52,3044.52,3044.52,3044.52,0,0,0,0.0
2182,1,4878.48,4878.48,4878.48,4878.48,0,1,0,0.0
4223,1,4631.02,4631.02,4631.02,4631.02,0,0,0,0.0
1045,2,2068.855,2376.08,1761.63,4137.71,1,0,0,0.0
4047,4,1377.0725,3064.02,94.07,5508.29,0,2,0,0.0
3464,3,3487.6133333333332,4841.2,1774.73,10462.84,0,0,0,0.0
4007,3,2401.1366666666668,4698.43,324.0,7203.41,1,2,0,0.0
1307,2,4447.81,4516.28,4379.34,8895.62,0,0,0,0.0
1883,1,3810.16,3810.16,3810.16,3810.16,0,0,0,0.0
1558,3,2162.173333333333,4611.91,710.92,6486.52,1,1,0,0.0
2740,1,2127.06,2127.06,2127.06,2127.06,0,1,0,0.0
3020,2,1694.205,2492.91,895.5,3388.41,1,1,0,0.0
2541,1,1932.27,1932.27,1932.27,1932.27,1,0,0,0.0
4599,2,2071.385,3171.28,971.49,4142.77,1,1,1,0.5
1175,1,2519.16,2519.16,2519.16,2519.16,0,1,0,0.0
3964,1,4711.78,4711.78,4711.78,4711.78,1,0,0,0.0
4448,3,3401.1133333333332,4345.19,2162.67,10203.34,1,1,0,0.0
4269,2,2647.225,4401.81,892.64,5294.45,1,1,0,0.0
2152,2,1286.81,1364.3,1209.32,2573.62,0,1,0,0.0
2040,2,885.175,1457.74,312.61,1770.35,1,0,1,0.5
1263,2,1907.4,2991.3,823.5,3814.8,2,0,0,0.0
1833,2,4232.735,4762.84,3702.63,8465.47,2,0,0,0.0
4936,2,3037.07,3234.78,2839.36,6074.14,0,1,0,0.0
4481,1,4624.84,4624.84,4624.84,4624.84,0,1,0,0.0
4816,1,1893.72,1893.72,1893.72,1893.72,1,0,0,0.0
1682,1,418.18,418.18,418.18,418.18,0,1,0,0.0
4711,1,3506.41,3506.41,3506.41,3506.41,0,1,0,0.0
4974,2,3503.51,3652.43,3354.59,7007.02,0,1,1,0.5
3703,1,2619.59,2619.59,2619.59,2619.59,0,1,0,0.0
2082,1,254.99,254.99,254.99,254.99,0,1,0,0.0
2357,2,1302.855,1570.37,1035.34,2605.71,1,1,1,0.5
2259,1,2174.51,2174.51,2174.51,2174.51,1,0,0,0.0
4692,2,2013.22,3561.18,465.26,4026.44,0,2,0,0.0
3922,1,357.14,357.14,357.14,357.14,0,0,0,0.0
1415,1,3753.7,3753.7,3753.7,3753.7,0,1,0,0.0
2332,1,3758.43,3758.43,3758.43,3758.43,0,1,0,0.0
2652,1,1506.22,1506.22,1506.22,1506.22,0,1,0,0.0
4875,3,2558.67,4606.23,139.8,7676.01,0,3,0,0.0
1510,1,1023.37,1023.37,1023.37,1023.37,1,0,0,0.0
2785,1,4557.48,4557.48,4557.48,4557.48,0,0,0,0.0
3764,1,1146.88,1146.88,1146.88,1146.88,1,0,0,0.0
4784,2,3291.755,3898.11,2685.4,6583.51,0,0,0,0.0
1749,1,3702.97,3702.97,3702.97,3702.97,1,0,0,0.0
1368,1,257.24,257.24,257.24,257.24,0,0,0,0.0
2006,2,2629.295,3624.41,1634.18,5258.59,1,0,0,0.0
1194,2,1422.44,2711.58,133.3,2844.88,0,0,0,0.0
3373,1,4487.13,4487.13,4487.13,4487.13,1,0,0,0.0
1705,1,3840.36,3840.36,3840.36,3840.36,1,0,0,0.0
1463,4,2519.5125,4476.24,1133.74,10078.05,1,2,0,0.0
3277,3,373.59,661.86,141.14,1120.77,1,1,1,0.3333
2451,1,1467.47,1467.47,1467.47,1467.47,0,0,0,0.0
3001,1,281.17,281.17,281.17,281.17,1,0,0,0.0
3617,3,2355.733333333333,2618.05,2196.8,7067.2,2,0,0,0.0
1162,1,1795.09,1795.09,1795.09,1795.09,0,1,0,0.0
2553,2,3231.495,4331.04,2131.95,6462.99,0,1,1,0.5
3639,1,414.28,414.28,414.28,414.28,0,0,0,0.0
2610,1,1882.03,1882.03,1882.03,1882.03,0,0,0,0.0
4999,4,2644.2925,4597.99,263.19,10577.17,1,1,0,0.0
2962,1,2518.85,2518.85,2518.85,2518.85,1,0,0,0.0
1030,4,2086.605,4125.39,919.81,8346.42,0,3,0,0.0
4154,2,2831.84,4129.52,1534.16,5663.68,0,1,0,0.0
1614,1,4739.83,4739.83,4739.83,4739.83,1,0,0,0.0
2921,4,2902.105,4725.25,373.55,11608.42,1,2,0,0.0
1239,2,2696.575,4919.62,473.53,5393.15,1,1,0,0.0
3749,2,4104.36,4496.01,3712.71,8208.72,0,0,1,0.5
3811,1,963.41,963.41,963.41,963.41,1,0,0,0.0
4427,2,3437.17,4192.92,2681.42,6874.34,0,2,0,0.0
4085,2,2660.36,3099.02,2221.7,5320.72,0,0,0,0.0
1755,1,825.1,825.1,825.1,825.1,0,0,0,0.0
2063,1,3387.11,3387.11,3387.11,3387.11,0,1,0,0.0
2827,2,578.635,886.05,271.22,1157.27,1,0,0,0.0
3244,1,2595.04,2595.04,2595.04,2595.04,1,0,0,0.0
4625,3,2924.6366666666668,3759.38,2356.52,8773.91,1,1,0,0.0
2514,1,541.57,541.57,541.57,541.57,0,0,0,0.0
4845,2,1316.605,2109.52,523.69,2633.21,1,0,0,0.0
3952,2,1247.3,1313.5,1181.1,2494.6,1,0,0,0.0
2147,2,3083.015,4683.24,1482.79,6166.03,1,1,0,0.0
1278,3,3495.693333333333,4267.62,2230.93,10487.08,2,1,0,0.0
4099,1,3650.6,3650.6,3650.6,3650.6,0,1,0,0.0
2533,1,1316.17,1316.17,1316.17,1316.17,0,0,1,1.0
3591,2,2871.655,3646.87,2096.44,5743.31,0,0,0,0.0
2015,2,1806.13,3326.12,286.14,3612.26,0,1,0,0.0
2630,1,733.69,733.69,733.69,733.69,0,1,0,0.0
3673,2,2279.66,2746.04,1813.28,4559.32,1,0,0,0.0
4457,2,3472.37,4497.34,2447.4,6944.74,1,1,0,0.0
1880,2,1263.635,1829.6,697.67,2527.27,1,1,1,0.5
2116,2,2412.595,4229.36,595.83,4825.19,1,1,0,0.0
3779,1,1185.71,1185.71,1185.71,1185.71,1,0,0,0.0
4727,4,3163.1175,4466.62,1372.22,12652.47,1,2,0,0.0
3190,1,2372.31,2372.31,2372.31,2372.31,0,0,0,0.0
4278,1,649.34,649.34,649.34,649.34,1,0,0,0.0
4277,2,3100.775,3360.47,2841.08,6201.55,1,1,0,0.0
4406,1,2400.49,2400.49,2400.49,2400.49,0,1,0,0.0
1922,1,2183.05,2183.05,2183.05,2183.05,0,1,0,0.0
4910,2,1797.765,2014.05,1581.48,3595.53,1,0,0,0.0
4507,1,3427.16,3427.16,3427.16,3427.16,1,0,0,0.0
1664,1,1934.25,1934.25,1934.25,1934.25,1,0,0,0.0
1190,1,2810.65,2810.65,2810.65,2810.65,0,1,0,0.0
2609,2,4333.27,4980.81,3685.73,8666.54,0,1,0,0.0
4931,3,3449.5533333333333,4785.52,2163.67,10348.66,0,1,0,0.0
3733,1,2600.69,2600.69,2600.69,2600.69,0,0,0,0.0
4323,1,4250.21,4250.21,4250.21,4250.21,0,0,0,0.0
2296,1,2982.6,2982.6,2982.6,2982.6,0,0,0,0.0
2397,3,1539.4,2116.3,481.55,4618.2,0,2,0,0.0
1920,1,1126.14,1126.14,1126.14,1126.14,0,1,0,0.0
1321,1,1255.03,1255.03,1255.03,1255.03,0,1,0,0.0
3287,1,1532.1,1532.1,1532.1,1532.1,1,0,0,0.0
4706,2,2457.225,3574.64,1339.81,4914.45,0,1,1,0.5
2667,1,808.03,808.03,808.03,808.03,1,0,0,0.0
1216,1,516.26,516.26,516.26,516.26,1,0,0,0.0
1685,1,1324.35,1324.35,1324.35,1324.35,0,0,0,0.0
3774,3,3461.3933333333334,3870.74,2842.48,10384.18,1,2,0,0.0
3061,1,2355.48,2355.48,2355.48,2355.48,0,0,0,0.0
1786,2,2065.38,3752.75,378.01,4130.76,0,1,0,0.0
2581,2,2855.145,3411.55,2298.74,5710.29,1,0,0,0.0
3207,1,2926.37,2926.37,2926.37,2926.37,0,1,0,0.0
1008,1,1553.42,1553.42,1553.42,1553.42,1,0,0,0.0
3040,1,1185.93,1185.93,1185.93,1185.93,0,1,0,0.0
4626,2,2578.08,3747.98,1408.18,5156.16,0,2,0,0.0
3794,2,2722.36,4262.73,1181.99,5444.72,2,0,0,0.0
1098,1,2413.31,2413.31,2413.31,2413.31,0,0,0,0.0
4566,2,1577.905,1926.37,1229.44,3155.81,1,0,0,0.0
4139,2,2109.51,2171.23,2047.79,4219.02,0,2,0,0.0
2719,4,3795.47,4985.26,2245.2,15181.88,2,1,0,0.0
2333,2,746.375,899.61,593.14,1492.75,0,1,0,0.0
1325,1,2172.46,2172.46,2172.46,2172.46,0,1,0,0.0
1548,1,1756.9,1756.9,1756.9,1756.9,0,0,0,0.0
2035,2,1790.96,1972.57,1609.35,3581.92,0,0,0,0.0
4584,1,3751.05,3751.05,3751.05,3751.05,1,0,0,0.0
3828,2,1791.505,3014.29,568.72,3583.01,1,0,0,0.0
4953,1,4347.95,4347.95,4347.95,4347.95,0,1,0,0.0
1679,1,4648.91,4648.91,4648.91,4648.91,0,1,0,0.0
1952,2,2859.22,3185.28,2533.16,5718.44,0,0,0,0.0
3611,1,3003.33,3003.33,3003.33,3003.33,0,0,0,0.0
4713,1,1660.86,1660.86,1660.86,1660.86,1,0,0,0.0
1507,1,4673.3,4673.3,4673.3,4673.3,1,0,0,0.0
3430,2,817.125,1284.97,349.28,1634.25,1,0,0,0.0
3900,2,2116.8,2499.81,1733.79,4233.6,1,0,0,0.0
1900,4,4083.2725,4665.24,3425.61,16333.09,1,2,0,0.0
3355,1,1176.13,1176.13,1176.13,1176.13,1,0,0,0.0
2127,1,4849.73,4849.73,4849.73,4849.73,1,0,0,0.0
2586,2,2205.92,3160.75,1251.09,4411.84,0,0,0,0.0
2733,2,1550.535,2561.67,539.4,3101.07,0,1,0,0.0
1959,1,605.82,605.82,605.82,605.82,1,0,1,1.0
1907,1,3566.63,3566.63,3566.63,3566.63,1,0,0,0.0
1762,1,488.34,488.34,488.34,488.34,0,0,0,0.0
2752,1,109.83,109.83,109.83,109.83,0,0,0,0.0
2829,1,4475.24,4475.24,4475.24,4475.24,0,0,0,0.0
1845,2,3525.425,4436.62,2614.23,7050.85,0,0,0,0.0
2701,1,2866.1,2866.1,2866.1,2866.1,1,0,0,0.0
4676,1,3210.13,3210.13,3210.13,3210.13,0,0,0,0.0
1800,1,2652.25,2652.25,2652.25,2652.25,0,1,0,0.0
1629,1,4180.59,4180.59,4180.59,4180.59,1,0,0,0.0
3903,1,614.88,614.88,614.88,614.88,0,0,0,0.0
4870,1,128.37,128.37,128.37,128.37,0,1,0,0.0
1009,1,4559.99,4559.99,4559.99,4559.99,1,0,0,0.0
2178,1,3019.86,3019.86,3019.86,3019.86,1,0,0,0.0
4561,2,2687.145,4483.94,890.35,5374.29,0,2,0,0.0
3487,3,2971.76,3358.04,2693.95,8915.28,2,1,0,0.0
1708,3,958.8533333333334,1469.29,286.85,2876.56,2,1,0,0.0
2459,1,4818.1,4818.1,4818.1,4818.1,1,0,0,0.0
1619,1,802.34,802.34,802.34,802.34,1,0,0,0.0
3500,1,1454.49,1454.49,1454.49,1454.49,0,1,0,0.0
4250,2,1661.53,3296.32,26.74,3323.06,1,0,0,0.0
3651,1,4328.49,4328.49,4328.49,4328.49,0,1,0,0.0
3884,2,2859.13,4572.81,1145.45,5718.26,0,2,1,0.5
2626,1,3849.06,3849.06,3849.06,3849.06,0,1,0,0.0
3918,1,1669.96,1669.96,1669.96,1669.96,0,0,0,0.0
1877,3,2697.383333333333,3917.57,1718.86,8092.15,2,1,0,0.0
3570,2,1897.595,2011.49,1783.7,3795.19,1,0,0,0.0
2274,4,856.3775,1478.47,311.27,3425.51,2,0,0,0.0
2452,3,2395.3866666666668,4287.61,118.27,7186.16,0,3,0,0.0
1815,2,3433.47,4343.05,2523.89,6866.94,0,2,0,0.0
1458,1,1647.91,1647.91,1647.91,1647.91,0,0,0,0.0
4627,1,4066.37,4066.37,4066.37,4066.37,0,0,0,0.0
3822,3,1998.0233333333333,4042.92,853.97,5994.07,0,2,0,0.0
4797,2,3001.59,3331.15,2672.03,6003.18,0,1,0,0.0
4632,2,3037.565,4831.07,1244.06,6075.13,1,0,0,0.0
4536,1,2202.29,2202.29,2202.29,2202.29,0,1,0,0.0
1862,3,1586.9233333333334,2765.47,213.06,4760.77,1,0,0,0.0
3034,2,1182.175,1655.69,708.66,2364.35,0,2,0,0.0
2401,2,2253.465,2806.84,1700.09,4506.93,1,0,0,0.0
1535,1,381.2,381.2,381.2,381.2,0,1,0,0.0
4857,3,3071.173333333333,4633.79,1302.36,9213.52,2,1,0,0.0
1697,2,2423.535,2604.07,2243.0,4847.07,1,1,1,0.5
2232,1,3398.87,3398.87,3398.87,3398.87,0,1,0,0.0
2121,2,2369.695,3809.69,929.7,4739.39,0,1,0,0.0
2171,1,783.8,783.8,783.8,783.8,0,1,0,0.0
2157,2,2446.35,2951.41,1941.29,4892.7,0,0,1,0.5
1924,2,3257.185,4424.1,2090.27,6514.37,1,1,0,0.0
3404,4,3065.1575,4989.44,1215.39,12260.63,1,2,0,0.0
3212,3,2047.81,2189.93,1939.22,6143.43,1,1,1,0.3333
3415,3,2141.44,4819.47,263.99,6424.32,1,2,0,0.0
2987,1,1753.32,1753.32,1753.32,1753.32,1,0,0,0.0
1866,1,2760.06,2760.06,2760.06,2760.06,1,0,0,0.0
4059,2,2174.845,2283.46,2066.23,4349.69,1,1,0,0.0
4215,1,4937.72,4937.72,4937.72,4937.72,0,0,0,0.0
4358,2,1135.765,1452.35,819.18,2271.53,1,0,0,0.0
2389,1,1047.85,1047.85,1047.85,1047.85,1,0,0,0.0
4838,3,2394.383333333333,4376.3,1082.91,7183.15,2,0,0,0.0
4171,3,3271.0933333333332,4833.29,1937.43,9813.28,1,2,0,0.0
1753,1,2621.68,2621.68,2621.68,2621.68,0,0,0,0.0
4259,1,735.61,735.61,735.61,735.61,1,0,0,0.0
4410,2,4442.67,4912.25,3973.09,8885.34,2,0,0,0.0
3383,4,2092.5725,3478.46,429.55,8370.29,0,2,0,0.0
2715,2,3819.825,4389.24,3250.41,7639.65,0,1,0,0.0
1170,2,2909.935,4132.91,1686.96,5819.87,0,1,0,0.0
1371,1,2568.73,2568.73,2568.73,2568.73,1,0,0,0.0
4309,4,2371.225,4815.78,175.98,9484.9,1,2,0,0.0
3392,2,3960.725,4273.25,3648.2,7921.45,1,0,0,0.0
1951,1,3663.02,3663.02,3663.02,3663.02,1,0,0,0.0
1203,5,1988.924,3467.56,863.55,9944.62,2,3,0,0.0
1915,4,2561.045,4746.05,815.28,10244.18,1,2,1,0.25
4312,1,3394.22,3394.22,3394.22,3394.22,0,1,0,0.0
2567,1,1995.85,1995.85,1995.85,1995.85,0,1,0,0.0
4235,3,2920.79,4300.74,1664.58,8762.37,2,0,0,0.0
2109,2,639.085,1004.08,274.09,1278.17,1,0,0,0.0
4135,1,2001.59,2001.59,2001.59,2001.59,0,0,0,0.0
2945,1,4140.34,4140.34,4140.34,4140.34,0,1,0,0.0
1038,4,3730.39,4918.22,2381.93,14921.56,2,0,0,0.0
2273,1,635.68,635.68,635.68,635.68,1,0,0,0.0
2745,2,3919.03,4855.89,2982.17,7838.06,0,2,0,0.0
1780,1,2029.6,2029.6,2029.6,2029.6,0,1,0,0.0
2012,1,4336.63,4336.63,4336.63,4336.63,1,0,0,0.0
4342,1,1383.14,1383.14,1383.14,1383.14,1,0,0,0.0
4814,3,653.4866666666667,1435.25,123.05,1960.46,0,0,0,0.0
3910,2,2466.43,2768.14,2164.72,4932.86,0,1,0,0.0
3178,1,3639.17,3639.17,3639.17,3639.17,0,0,0,0.0
2965,1,4742.25,4742.25,4742.25,4742.25,1,0,0,0.0
2904,2,1921.515,3189.44,653.59,3843.03,0,2,0,0.0
1217,2,2274.995,3331.96,1218.03,4549.99,1,1,0,0.0
4302,1,1197.83,1197.83,1197.83,1197.83,0,0,0,0.0
2780,3,3023.8533333333335,4245.32,2033.25,9071.56,1,2,0,0.0
3007,2,842.46,1079.18,605.74,1684.92,2,0,0,0.0
3758,3,1558.1466666666668,2081.89,814.71,4674.44,1,0,0,0.0
4341,1,3549.68,3549.68,3549.68,3549.68,0,0,0,0.0
2741,1,1293.15,1293.15,1293.15,1293.15,0,0,0,0.0
4494,1,4375.98,4375.98,4375.98,4375.98,1,0,0,0.0
1870,1,4181.43,4181.43,4181.43,4181.43,0,1,0,0.0
3099,1,2299.06,2299.06,2299.06,2299.06,0,0,0,0.0
3715,2,3642.84,4219.17,3066.51,7285.68,0,1,0,0.0
3789,4,1532.6275,2195.64,570.41,6130.51,0,3,0,0.0
1524,2,1818.245,2686.53,949.96,3636.49,2,0,1,0.5
4679,2,2555.745,4312.58,798.91,5111.49,0,1,0,0.0
4411,1,2027.13,2027.13,2027.13,2027.13,0,1,0,0.0
2676,3,2184.7933333333335,3885.31,829.95,6554.38,1,1,0,0.0
3848,1,4684.29,4684.29,4684.29,4684.29,0,1,0,0.0
4558,2,3434.18,4216.3,2652.06,6868.36,0,1,1,0.5
3233,2,1989.37,3620.7,358.04,3978.74,0,2,0,0.0
3111,1,68.86,68.86,68.86,68.86,0,1,0,0.0
2706,3,2951.9566666666665,4364.6,2067.47,8855.87,1,2,1,0.3333
3168,2,2105.465,3469.53,741.4,4210.93,0,1,0,0.0
2597,3,4573.86,4765.34,4312.47,13721.58,2,0,0,0.0
3105,2,2347.835,3049.98,1645.69,4695.67,1,1,1,0.5
2967,3,2925.4466666666667,3552.03,1711.95,8776.34,2,0,0,0.0
2716,2,1774.695,2668.95,880.44,3549.39,1,1,0,0.0
1337,4,2799.0225,4305.4,20.81,11196.09,1,0,0,0.0
4900,2,2981.705,3389.34,2574.07,5963.41,1,0,0,0.0
3132,1,2354.35,2354.35,2354.35,2354.35,0,1,0,0.0
1209,1,162.4,162.4,162.4,162.4,1,0,0,0.0
1477,2,2286.51,4557.06,15.96,4573.02,0,1,0,0.0
4498,1,413.33,413.33,413.33,413.33,0,1,0,0.0
3263,1,4499.43,4499.43,4499.43,4499.43,1,0,0,0.0
4377,2,2104.2,2770.37,1438.03,4208.4,1,0,0,0.0
3380,1,3995.54,3995.54,3995.54,3995.54,0,0,0,0.0
2919,2,2561.57,4860.84,262.3,5123.14,1,1,0,0.0
3666,1,1623.66,1623.66,1623.66,1623.66,0,1,0,0.0
1837,2,3864.47,4017.83,3711.11,7728.94,1,0,0,0.0
1569,1,2567.44,2567.44,2567.44,2567.44,0,0,0,0.0
2559,1,1987.78,1987.78,1987.78,1987.78,0,1,0,0.0
1674,2,2051.45,2907.82,1195.08,4102.9,0,1,0,0.0
4825,2,4206.185,4593.25,3819.12,8412.37,0,2,0,0.0
2380,3,2854.9933333333333,4770.34,1797.86,8564.98,0,2,0,0.0
2726,1,2770.55,2770.55,2770.55,2770.55,0,0,0,0.0
2281,2,1773.095,3214.08,332.11,3546.19,1,1,0,0.0
4595,1,4962.37,4962.37,4962.37,4962.37,1,0,0,0.0
1620,1,3212.55,3212.55,3212.55,3212.55,0,0,0,0.0
2096,2,3322.52,3601.37,3043.67,6645.04,1,0,1,0.5
1146,1,1133.34,1133.34,1133.34,1133.34,1,0,0,0.0
3428,2,2288.295,2740.77,1835.82,4576.59,0,1,0,0.0
3727,1,2796.11,2796.11,2796.11,2796.11,0,0,0,0.0
1632,1,975.5,975.5,975.5,975.5,0,1,0,0.0
4065,1,233.68,233.68,233.68,233.68,1,0,0,0.0
1210,2,1418.895,1465.3,1372.49,2837.79,2,0,0,0.0
4181,2,3392.675,4312.0,2473.35,6785.35,2,0,0,0.0
3539,1,2041.94,2041.94,2041.94,2041.94,1,0,0,0.0
2975,1,4486.4,4486.4,4486.4,4486.4,0,1,0,0.0
4463,3,2342.5933333333332,3366.91,1412.13,7027.78,1,2,0,0.0
1665,1,3056.93,3056.93,3056.93,3056.93,0,0,0,0.0
3011,1,3997.02,3997.02,3997.02,3997.02,1,0,0,0.0
4666,3,1033.5766666666666,2300.06,23.98,3100.73,1,1,0,0.0
4996,4,2705.2325,4987.46,657.21,10820.93,0,1,1,0.25
1296,2,2998.105,4790.42,1205.79,5996.21,0,0,0,0.0
4141,1,3856.98,3856.98,3856.98,3856.98,1,0,0,0.0
2087,2,2343.295,2989.74,1696.85,4686.59,2,0,0,0.0
4896,4,2481.5225,3921.35,897.19,9926.09,1,1,0,0.0
3739,4,2460.3025,4274.08,409.41,9841.21,0,2,0,0.0
3790,1,4968.57,4968.57,4968.57,4968.57,0,0,0,0.0
1808,2,3225.385,4761.6,1689.17,6450.77,1,0,0,0.0
1120,2,2349.32,3577.26,1121.38,4698.64,1,1,0,0.0
3971,2,1005.615,1660.75,350.48,2011.23,1,0,0,0.0
3680,1,4539.59,4539.59,4539.59,4539.59,0,0,0,0.0
2659,4,2951.1575,4740.74,732.6,11804.63,0,2,0,0.0
3198,1,835.63,835.63,835.63,835.63,0,0,0,0.0
3562,1,4737.63,4737.63,4737.63,4737.63,1,0,0,0.0
1257,3,1699.6933333333334,3555.59,42.02,5099.08,1,1,0,0.0
3563,1,741.92,741.92,741.92,741.92,0,0,0,0.0
3250,2,2276.015,2754.08,1797.95,4552.03,1,0,0,0.0
4109,1,3747.0,3747.0,3747.0,3747.0,0,1,0,0.0
4455,2,1412.015,1533.03,1291.0,2824.03,0,1,0,0.0
1306,2,3826.48,4421.46,3231.5,7652.96,0,2,1,0.5
2485,2,2791.07,4962.18,619.96,5582.14,0,1,0,0.0
2969,2,4213.29,4237.06,4189.52,8426.58,0,1,0,0.0
4196,2,927.85,1366.07,489.63,1855.7,1,0,0,0.0
4660,3,2346.463333333333,4230.6,211.17,7039.39,1,1,0,0.0
1666,1,1122.85,1122.85,1122.85,1122.85,0,1,0,0.0
4395,2,2130.63,3819.97,441.29,4261.26,0,1,0,0.0
2557,1,2887.63,2887.63,2887.63,2887.63,0,0,0,0.0
1910,1,3694.1,3694.1,3694.1,3694.1,0,0,0,0.0
1179,1,2962.25,2962.25,2962.25,2962.25,0,0,0,0.0
4015,1,1399.19,1399.19,1399.19,1399.19,1,0,0,0.0
4712,1,2940.75,2940.75,2940.75,2940.75,0,1,0,0.0
3832,1,3593.71,3593.71,3593.71,3593.71,1,0,0,0.0
3845,1,1632.29,1632.29,1632.29,1632.29,0,1,0,0.0
4490,2,755.835,851.11,660.56,1511.67,2,0,0,0.0
2582,1,1523.65,1523.65,1523.65,1523.65,0,0,0,0.0
4046,1,4276.31,4276.31,4276.31,4276.31,0,0,0,0.0
1791,1,2756.25,2756.25,2756.25,2756.25,1,0,0,0.0
3923,2,4451.795,4815.77,4087.82,8903.59,0,1,0,0.0
3371,1,3277.85,3277.85,3277.85,3277.85,0,1,0,0.0
3592,3,3983.8766666666666,4817.27,3159.63,11951.63,0,2,0,0.0
1733,2,2425.635,3554.87,1296.4,4851.27,0,1,0,0.0
4918,1,2512.27,2512.27,2512.27,2512.27,1,0,0,0.0
1810,2,2259.285,4203.5,315.07,4518.57,2,0,0,0.0
2318,2,3507.995,4518.59,2497.4,7015.99,1,0,0,0.0
3488,1,2938.06,2938.06,2938.06,2938.06,1,0,0,0.0
2936,1,4549.59,4549.59,4549.59,4549.59,0,0,0,0.0
1974,1,677.1,677.1,677.1,677.1,0,1,0,0.0
2722,1,3297.57,3297.57,3297.57,3297.57,0,0,0,0.0
1977,2,1150.28,1822.05,478.51,2300.56,1,1,0,0.0
1711,3,3700.23,4486.03,2238.16,11100.69,1,2,0,0.0
1856,2,760.805,1036.59,485.02,1521.61,1,1,0,0.0
2685,1,527.24,527.24,527.24,527.24,0,1,0,0.0
2819,2,2126.635,3229.81,1023.46,4253.27,0,2,0,0.0
2314,2,2717.545,4167.72,1267.37,5435.09,0,2,1,0.5
4303,3,3439.3966666666665,3909.08,2811.79,10318.19,0,2,0,0.0
2037,3,3013.9566666666665,4153.5,1242.86,9041.87,3,0,0,0.0
2390,1,4394.01,4394.01,4394.01,4394.01,1,0,0,0.0
1272,3,3374.0633333333335,4958.24,441.53,10122.19,2,1,0,0.0
1567,1,1107.57,1107.57,1107.57,1107.57,0,1,0,0.0
3633,2,565.605,888.28,242.93,1131.21,0,1,0,0.0
2501,2,2547.82,3910.54,1185.1,5095.64,0,0,0,0.0
2193,1,655.95,655.95,655.95,655.95,0,1,0,0.0
3167,3,2522.84,3704.65,1817.3,7568.52,1,1,0,0.0
3625,3,2983.93,4318.39,661.94,8951.79,0,2,0,0.0
3616,2,2533.335,3516.57,1550.1,5066.67,1,0,0,0.0
3160,1,1523.86,1523.86,1523.86,1523.86,0,0,0,0.0
1827,1,637.68,637.68,637.68,637.68,0,1,0,0.0
3634,1,2106.27,2106.27,2106.27,2106.27,0,0,0,0.0
4746,2,1917.44,3054.77,780.11,3834.88,1,1,0,0.0
3220,3,2345.9133333333334,3211.71,1432.76,7037.74,1,1,1,0.3333
3627,2,1703.565,3263.58,143.55,3407.13,2,0,0,0.0
3051,1,4288.38,4288.38,4288.38,4288.38,0,0,0,0.0
4125,1,4601.04,4601.04,4601.04,4601.04,0,0,0,0.0
1565,1,2900.13,2900.13,2900.13,2900.13,1,0,0,0.0
2632,1,1028.88,1028.88,1028.88,1028.88,0,1,0,0.0
2018,3,3294.133333333333,4788.57,2545.43,9882.4,1,2,0,0.0
1668,2,1856.615,2205.84,1507.39,3713.23,0,2,0,0.0
2034,3,3574.0433333333335,4852.33,2215.77,10722.13,3,0,0,0.0
4904,2,2544.205,3911.97,1176.44,5088.41,1,1,0,0.0
4238,1,74.92,74.92,74.92,74.92,0,1,0,0.0
4129,2,2775.425,2838.17,2712.68,5550.85,1,1,0,0.0
4830,1,4225.11,4225.11,4225.11,4225.11,0,1,0,0.0
3134,1,4685.57,4685.57,4685.57,4685.57,0,0,0,0.0
1301,2,3805.46,4497.7,3113.22,7610.92,1,0,0,0.0
3122,1,933.59,933.59,933.59,933.59,0,0,0,0.0
4179,1,3300.49,3300.49,3300.49,3300.49,0,0,1,1.0
3996,1,384.19,384.19,384.19,384.19,0,1,0,0.0
1057,1,3443.69,3443.69,3443.69,3443.69,0,0,0,0.0
2506,2,3844.52,4419.0,3270.04,7689.04,1,0,0,0.0
4553,1,3873.76,3873.76,3873.76,3873.76,0,1,0,0.0
2310,3,1262.8733333333332,2307.85,173.84,3788.62,0,0,0,0.0
2995,1,3186.57,3186.57,3186.57,3186.57,1,0,0,0.0
2580,1,884.01,884.01,884.01,884.01,0,1,0,0.0
4319,3,3751.0866666666666,4631.71,2260.87,11253.26,1,0,0,0.0
1771,2,3968.635,4804.88,3132.39,7937.27,0,1,0,0.0
2225,1,3675.7,3675.7,3675.7,3675.7,0,0,0,0.0
1016,3,3486.923333333333,4300.32,2543.06,10460.77,1,2,0,0.0
4907,2,2985.285,3911.26,2059.31,5970.57,1,1,0,0.0
3730,3,3002.4866666666667,4897.6,902.33,9007.46,2,1,0,0.0
2703,1,826.65,826.65,826.65,826.65,1,0,0,0.0
3458,5,2254.142,3577.79,343.2,11270.71,3,0,0,0.0
2509,1,3722.21,3722.21,3722.21,3722.21,0,0,0,0.0
4585,1,3258.88,3258.88,3258.88,3258.88,1,0,0,0.0
3816,3,2190.173333333333,2514.28,1824.22,6570.52,2,1,0,0.0
2530,1,508.06,508.06,508.06,508.06,0,0,0,0.0
1015,1,4612.79,4612.79,4612.79,4612.79,0,1,1,1.0
3081,3,3009.596666666667,4505.84,1642.93,9028.79,2,1,0,0.0
3679,1,2006.03,2006.03,2006.03,2006.03,0,0,0,0.0
4100,1,2145.14,2145.14,2145.14,2145.14,1,0,0,0.0
2284,2,2454.35,4240.01,668.69,4908.7,0,2,0,0.0
3835,3,3724.306666666667,4950.24,2127.78,11172.92,2,1,0,0.0
2766,1,2119.38,2119.38,2119.38,2119.38,1,0,0,0.0
3128,1,1907.39,1907.39,1907.39,1907.39,1,0,0,0.0
1218,1,4887.17,4887.17,4887.17,4887.17,0,1,0,0.0
2440,2,1171.825,1913.81,429.84,2343.65,0,2,0,0.0
2267,1,2830.49,2830.49,2830.49,2830.49,0,1,0,0.0
2032,1,4071.08,4071.08,4071.08,4071.08,0,1,0,0.0
3129,1,1196.49,1196.49,1196.49,1196.49,0,1,0,0.0
3109,1,1678.64,1678.64,1678.64,1678.64,0,0,0,0.0
4547,1,697.02,697.02,697.02,697.02,0,0,0,0.0
2181,3,4128.83,4253.01,4006.12,12386.49,2,1,0,0.0
1077,4,1810.045,4280.67,24.04,7240.18,1,2,0,0.0
3959,1,3834.35,3834.35,3834.35,3834.35,0,0,0,0.0
2145,1,1522.87,1522.87,1522.87,1522.87,1,0,0,0.0
1281,1,4115.39,4115.39,4115.39,4115.39,0,0,0,0.0
3604,3,3270.82,4971.6,2125.5,9812.46,0,1,0,0.0
2398,1,2070.25,2070.25,2070.25,2070.25,0,1,0,0.0
3420,2,1228.6,2135.09,322.11,2457.2,1,1,1,0.5
1409,3,4074.7533333333336,4823.21,2861.54,12224.26,2,1,0,0.0
4266,1,1881.48,1881.48,1881.48,1881.48,0,1,0,0.0
4795,1,1149.94,1149.94,1149.94,1149.94,0,0,0,0.0
1427,2,1783.745,2639.78,927.71,3567.49,0,1,0,0.0
4909,5,2254.862,3594.84,944.83,11274.31,3,0,0,0.0
3126,1,3412.15,3412.15,3412.15,3412.15,0,1,0,0.0
3821,5,2440.426,4939.86,256.95,12202.13,3,2,0,0.0
3573,1,4443.45,4443.45,4443.45,4443.45,0,0,0,0.0
1261,1,748.31,748.31,748.31,748.31,1,0,0,0.0
4755,2,1986.38,2225.28,1747.48,3972.76,1,1,0,0.0
2583,1,2520.93,2520.93,2520.93,2520.93,0,0,0,0.0
1741,4,2502.385,4451.12,1123.82,10009.54,0,0,0,0.0
1849,2,2968.72,4925.98,1011.46,5937.44,1,1,0,0.0
3791,1,4804.45,4804.45,4804.45,4804.45,1,0,0,0.0
4346,1,3331.86,3331.86,3331.86,3331.86,0,1,0,0.0
2854,2,1904.85,3006.81,802.89,3809.7,0,0,0,0.0
3110,1,3724.94,3724.94,3724.94,3724.94,1,0,0,0.0
4187,1,2622.71,2622.71,2622.71,2622.71,1,0,0,0.0
1149,2,3097.5,4721.52,1473.48,6195.0,0,2,0,0.0
1370,3,2193.89,4930.49,736.51,6581.67,2,1,0,0.0
3235,1,1094.79,1094.79,1094.79,1094.79,0,1,0,0.0
4629,1,1744.52,1744.52,1744.52,1744.52,1,0,0,0.0
1993,1,4043.3,4043.3,4043.3,4043.3,0,0,0,0.0
4616,1,3173.08,3173.08,3173.08,3173.08,0,1,0,0.0
3897,1,2509.55,2509.55,2509.55,2509.55,0,1,0,0.0
3304,1,2531.98,2531.98,2531.98,2531.98,1,0,0,0.0
2781,4,2303.5175,4121.56,24.94,9214.07,3,0,0,0.0
1383,2,634.885,1199.06,70.71,1269.77,2,0,0,0.0
3144,1,2094.26,2094.26,2094.26,2094.26,0,1,1,1.0
1345,3,3343.6566666666668,3538.35,3100.61,10030.97,1,1,0,0.0
4119,3,2510.7933333333335,4188.47,1570.15,7532.38,1,0,0,0.0
2678,1,4733.09,4733.09,4733.09,4733.09,0,0,0,0.0
3629,1,4441.68,4441.68,4441.68,4441.68,0,0,0,0.0
4352,1,2740.36,2740.36,2740.36,2740.36,0,1,0,0.0
4185,2,2349.165,4170.75,527.58,4698.33,0,0,0,0.0
2950,2,2740.975,4774.56,707.39,5481.95,1,1,0,0.0
1286,1,13.66,13.66,13.66,13.66,0,1,0,0.0
1529,2,1956.035,2350.76,1561.31,3912.07,1,1,0,0.0
3163,3,2884.5466666666666,3965.07,1313.84,8653.64,2,1,0,0.0
1153,5,2089.826,3536.74,535.36,10449.13,2,0,0,0.0
3354,1,4850.4,4850.4,4850.4,4850.4,1,0,0,0.0
3670,1,1322.49,1322.49,1322.49,1322.49,0,1,0,0.0
2507,1,2074.39,2074.39,2074.39,2074.39,1,0,0,0.0
2673,1,1860.12,1860.12,1860.12,1860.12,0,1,1,1.0
3067,3,3728.8533333333335,4894.14,1596.15,11186.56,1,1,0,0.0
2924,1,655.48,655.48,655.48,655.48,1,0,0,0.0
4890,3,2242.8566666666666,3737.28,640.29,6728.57,1,2,1,0.3333
3685,1,4975.23,4975.23,4975.23,4975.23,0,0,0,0.0
4331,1,885.62,885.62,885.62,885.62,0,1,0,0.0
1744,2,1498.01,2946.23,49.79,2996.02,1,1,0,0.0
4383,1,4149.85,4149.85,4149.85,4149.85,0,1,0,0.0
4940,2,3536.96,3819.45,3254.47,7073.92,1,0,0,0.0
2994,2,3813.545,4994.46,2632.63,7627.09,1,1,0,0.0
4592,3,1997.27,3329.02,1238.93,5991.81,0,2,0,0.0
1047,1,1170.7,1170.7,1170.7,1170.7,1,0,0,0.0
2036,2,2868.315,4833.34,903.29,5736.63,0,1,0,0.0
2789,1,2800.22,2800.22,2800.22,2800.22,1,0,1,1.0
4224,2,1160.215,2152.76,167.67,2320.43,1,1,0,0.0
4796,5,1904.916,3342.84,253.32,9524.58,1,4,0,0.0
2320,1,160.87,160.87,160.87,160.87,0,0,0,0.0
2195,4,2044.62,3876.39,670.76,8178.48,0,2,0,0.0
2660,3,3410.3133333333335,4416.13,2385.11,10230.94,1,2,1,0.3333
1083,2,2871.005,2975.84,2766.17,5742.01,0,0,1,0.5
4863,3,3480.56,4076.39,3156.85,10441.68,2,1,0,0.0
2421,1,4324.47,4324.47,4324.47,4324.47,0,0,0,0.0
3891,2,2104.815,2951.66,1257.97,4209.63,1,1,0,0.0
1675,1,1829.73,1829.73,1829.73,1829.73,1,0,0,0.0
4399,1,3763.58,3763.58,3763.58,3763.58,0,1,0,0.0
3399,1,3749.62,3749.62,3749.62,3749.62,0,0,0,0.0
4720,1,4481.76,4481.76,4481.76,4481.76,0,1,0,0.0
1154,1,4629.83,4629.83,4629.83,4629.83,1,0,0,0.0
1888,1,3096.02,3096.02,3096.02,3096.02,1,0,0,0.0
3512,1,402.26,402.26,402.26,402.26,0,0,0,0.0
3185,1,2152.12,2152.12,2152.12,2152.12,0,0,0,0.0
2295,1,425.85,425.85,425.85,425.85,0,0,0,0.0
1356,1,198.32,198.32,198.32,198.32,0,0,0,0.0
4045,4,2948.01,3652.72,2588.97,11792.04,1,2,0,0.0
1099,3,2452.2366666666667,2634.93,2192.83,7356.71,1,0,0,0.0
3933,2,2252.17,3513.51,990.83,4504.34,2,0,0,0.0
2923,3,2022.5966666666666,4335.45,103.5,6067.79,1,1,0,0.0
2537,1,2028.48,2028.48,2028.48,2028.48,0,1,0,0.0
3742,4,2606.3525,4701.69,681.08,10425.41,2,2,0,0.0
2257,3,2540.47,4214.62,1558.32,7621.41,1,0,0,0.0
2209,1,2520.14,2520.14,2520.14,2520.14,1,0,0,0.0
2824,1,3218.05,3218.05,3218.05,3218.05,1,0,0,0.0
1893,2,3443.38,4386.51,2500.25,6886.76,0,1,0,0.0
1200,1,4279.98,4279.98,4279.98,4279.98,1,0,0,0.0
3867,1,4870.04,4870.04,4870.04,4870.04,0,1,0,0.0
3194,1,1209.63,1209.63,1209.63,1209.63,1,0,0,0.0
2177,4,2247.44,4555.02,338.96,8989.76,0,1,0,0.0
1010,2,3101.075,4264.48,1937.67,6202.15,2,0,0,0.0
2899,2,937.415,1169.9,704.93,1874.83,1,1,0,0.0
3356,1,2531.57,2531.57,2531.57,2531.57,0,1,0,0.0
3234,3,2213.1433333333334,2966.37,1816.72,6639.43,1,2,0,0.0
3336,2,2847.72,4435.17,1260.27,5695.44,1,1,0,0.0
4943,3,2745.866666666667,4806.12,1227.71,8237.6,3,0,0,0.0
1690,2,4006.615,4247.73,3765.5,8013.23,0,0,0,0.0
1556,1,1043.03,1043.03,1043.03,1043.03,0,1,0,0.0
4270,1,4615.99,4615.99,4615.99,4615.99,0,1,0,0.0
4753,1,2551.99,2551.99,2551.99,2551.99,1,0,0,0.0
3961,2,2783.37,4673.44,893.3,5566.74,1,1,0,0.0
2957,1,4082.57,4082.57,4082.57,4082.57,0,1,0,0.0
4053,2,4478.96,4781.53,4176.39,8957.92,1,1,0,0.0
3928,2,1790.17,2556.6,1023.74,3580.34,1,1,0,0.0
2560,1,2004.48,2004.48,2004.48,2004.48,0,1,0,0.0
1135,3,1212.4466666666667,1856.71,93.08,3637.34,2,0,0,0.0
1156,1,347.24,347.24,347.24,347.24,1,0,0,0.0
3606,2,3180.995,4050.05,2311.94,6361.99,1,1,0,0.0
2843,2,4367.885,4401.82,4333.95,8735.77,0,1,0,0.0
2972,1,4485.73,4485.73,4485.73,4485.73,0,0,0,0.0
4646,3,1165.4966666666667,2798.63,261.69,3496.49,2,1,1,0.3333
1395,3,4088.4066666666668,4374.9,3757.05,12265.22,2,1,0,0.0
3480,4,2250.215,3702.02,283.82,9000.86,0,1,0,0.0
1472,1,4283.14,4283.14,4283.14,4283.14,0,1,0,0.0
2565,1,3055.22,3055.22,3055.22,3055.22,0,1,0,0.0
2076,3,914.4566666666667,1257.88,474.65,2743.37,0,2,0,0.0
2525,1,2155.42,2155.42,2155.42,2155.42,0,1,0,0.0
2356,1,877.57,877.57,877.57,877.57,0,1,0,0.0
1234,3,3459.3433333333332,3708.37,3006.62,10378.03,2,1,0,0.0
3053,3,1726.0233333333333,3604.43,514.71,5178.07,2,1,0,0.0
2308,2,3910.725,4506.91,3314.54,7821.45,1,1,0,0.0
2767,3,2843.9966666666664,4517.06,231.55,8531.99,1,1,0,0.0
2830,1,2272.23,2272.23,2272.23,2272.23,0,0,0,0.0
3538,1,4140.18,4140.18,4140.18,4140.18,0,1,0,0.0
2097,2,2617.28,4918.74,315.82,5234.56,2,0,1,0.5
2435,1,252.89,252.89,252.89,252.89,1,0,0,0.0
1056,1,2533.72,2533.72,2533.72,2533.72,0,1,0,0.0
3215,1,1849.82,1849.82,1849.82,1849.82,1,0,0,0.0
3552,3,4231.62,4979.47,2910.84,12694.86,2,1,1,0.3333
1471,2,2212.485,3734.03,690.94,4424.97,1,1,0,0.0
3086,2,1864.86,2991.11,738.61,3729.72,2,0,0,0.0
3092,1,3897.38,3897.38,3897.38,3897.38,1,0,0,0.0
2382,3,3977.41,4815.53,2376.73,11932.23,1,2,0,0.0
2750,1,1978.12,1978.12,1978.12,1978.12,0,0,0,0.0
4478,1,3372.04,3372.04,3372.04,3372.04,1,0,0,0.0
2996,1,4145.59,4145.59,4145.59,4145.59,1,0,0,0.0
1299,1,4603.64,4603.64,4603.64,4603.64,0,0,1,1.0
3768,1,2909.66,2909.66,2909.66,2909.66,1,0,1,1.0
2571,1,4230.21,4230.21,4230.21,4230.21,0,0,0,0.0
4162,2,2142.1,4055.5,228.7,4284.2,0,2,0,0.0
2349,1,1758.37,1758.37,1758.37,1758.37,1,0,0,0.0
1488,1,4063.99,4063.99,4063.99,4063.99,1,0,0,0.0
2833,2,3195.07,3330.5,3059.64,6390.14,1,0,0,0.0
3025,3,2043.26,3109.2,707.33,6129.78,1,1,1,0.3333
2542,2,1562.71,2617.91,507.51,3125.42,1,0,0,0.0
4630,2,2687.02,3079.47,2294.57,5374.04,1,1,0,0.0
1132,1,3662.62,3662.62,3662.62,3662.62,0,1,0,0.0
4860,1,1895.11,1895.11,1895.11,1895.11,1,0,0,0.0
4877,1,2490.33,2490.33,2490.33,2490.33,0,0,0,0.0
4543,1,1354.18,1354.18,1354.18,1354.18,0,0,0,0.0
4004,2,3579.74,3760.52,3398.96,7159.48,1,1,0,0.0
1809,2,2131.23,2413.34,1849.12,4262.46,0,0,0,0.0
4006,3,3653.9733333333334,4063.96,3329.17,10961.92,2,0,0,0.0
2634,1,3582.73,3582.73,3582.73,3582.73,1,0,0,0.0
4971,1,4365.12,4365.12,4365.12,4365.12,0,1,0,0.0
1066,3,2054.3233333333333,3657.56,47.88,6162.97,2,0,0,0.0
3605,2,3600.79,3968.29,3233.29,7201.58,2,0,0,0.0
2858,1,3829.16,3829.16,3829.16,3829.16,0,0,0,0.0
3434,2,1991.995,3896.12,87.87,3983.99,1,1,0,0.0
4337,2,2506.245,3396.65,1615.84,5012.49,0,0,0,0.0
2442,1,771.35,771.35,771.35,771.35,1,0,0,0.0
3958,2,3719.935,4299.27,3140.6,7439.87,0,1,0,0.0
3842,1,1812.25,1812.25,1812.25,1812.25,1,0,0,0.0
3317,2,2103.4,3056.68,1150.12,4206.8,0,1,0,0.0
1168,1,661.55,661.55,661.55,661.55,1,0,0,0.0
2958,2,3777.835,4051.92,3503.75,7555.67,1,1,0,0.0
1960,2,2158.91,3410.75,907.07,4317.82,0,0,0,0.0
1260,2,1415.68,2265.38,565.98,2831.36,0,1,0,0.0
1527,3,1524.6333333333334,2792.98,425.33,4573.9,1,1,0,0.0
4090,1,2007.05,2007.05,2007.05,2007.05,0,1,0,0.0
3121,5,2911.97,4925.79,304.74,14559.85,2,0,0,0.0
3158,1,1034.54,1034.54,1034.54,1034.54,0,1,0,0.0
4835,2,3108.46,3124.94,3091.98,6216.92,0,2,0,0.0
4327,1,2744.15,2744.15,2744.15,2744.15,1,0,0,0.0
3033,2,2202.605,2521.69,1883.52,4405.21,0,0,0,0.0
3064,2,1954.305,2269.94,1638.67,3908.61,0,1,0,0.0
1962,1,2727.95,2727.95,2727.95,2727.95,1,0,0,0.0
1624,2,2274.69,2850.81,1698.57,4549.38,2,0,0,0.0
4817,1,2931.87,2931.87,2931.87,2931.87,0,0,0,0.0
2935,1,1457.28,1457.28,1457.28,1457.28,0,0,0,0.0
2454,4,3361.005,4246.67,2188.07,13444.02,0,1,0,0.0
3254,3,2814.99,3601.46,1585.66,8444.97,1,2,1,0.3333
1609,1,980.75,980.75,980.75,980.75,0,0,0,0.0
4468,1,4583.38,4583.38,4583.38,4583.38,1,0,0,0.0
4799,3,1889.3133333333333,2897.6,1082.68,5667.94,1,2,0,0.0
2861,3,2802.97,4821.47,1590.45,8408.91,0,2,0,0.0
1164,1,3756.35,3756.35,3756.35,3756.35,0,0,0,0.0
4568,3,1663.4966666666667,4602.58,114.66,4990.49,1,1,0,0.0
1298,1,1556.14,1556.14,1556.14,1556.14,0,1,0,0.0
2293,1,2911.71,2911.71,2911.71,2911.71,0,0,0,0.0
4146,3,4050.983333333333,4521.8,3382.73,12152.95,1,1,0,0.0
4637,3,2844.8966666666665,4565.31,1025.94,8534.69,1,0,0,0.0
4961,1,3127.29,3127.29,3127.29,3127.29,1,0,0,0.0
4955,2,3685.015,4681.36,2688.67,7370.03,1,1,0,0.0
1344,3,3292.54,4580.15,1863.69,9877.62,2,0,0,0.0
3963,1,1991.65,1991.65,1991.65,1991.65,0,0,0,0.0
4906,2,3795.13,3907.95,3682.31,7590.26,2,0,0,0.0
4836,1,4370.63,4370.63,4370.63,4370.63,1,0,0,0.0
3995,1,4578.31,4578.31,4578.31,4578.31,1,0,0,0.0
1496,1,3495.67,3495.67,3495.67,3495.67,0,1,0,0.0
4578,2,2281.715,2474.06,2089.37,4563.43,1,1,0,0.0
2263,2,1454.02,2346.39,561.65,2908.04,0,0,0,0.0
1446,1,4981.15,4981.15,4981.15,4981.15,1,0,0,0.0
2863,1,920.45,920.45,920.45,920.45,0,1,0,0.0
1375,3,1845.3333333333333,3646.76,729.29,5536.0,0,2,0,0.0
1430,1,3634.19,3634.19,3634.19,3634.19,0,1,0,0.0
4698,2,1292.25,2467.88,116.62,2584.5,0,2,0,0.0
4659,1,4540.46,4540.46,4540.46,4540.46,0,0,0,0.0
2508,4,2672.9025,4615.57,320.79,10691.61,0,1,0,0.0
3002,1,3530.0,3530.0,3530.0,3530.0,1,0,0,0.0
4657,2,1479.06,1749.28,1208.84,2958.12,1,0,0,0.0
2619,1,2510.28,2510.28,2510.28,2510.28,0,1,0,0.0
3294,1,1884.48,1884.48,1884.48,1884.48,0,0,0,0.0
2467,1,2797.84,2797.84,2797.84,2797.84,0,0,0,0.0
2616,1,1909.19,1909.19,1909.19,1909.19,0,1,0,0.0
3994,1,4239.35,4239.35,4239.35,4239.35,1,0,0,0.0
4378,1,4663.83,4663.83,4663.83,4663.83,0,0,0,0.0
1790,2,3142.175,4664.64,1619.71,6284.35,1,0,0,0.0
1577,1,2791.7,2791.7,2791.7,2791.7,0,1,0,0.0
4089,1,1961.4,1961.4,1961.4,1961.4,0,1,0,0.0
3217,3,2361.96,3731.83,739.87,7085.88,1,0,0,0.0
2558,3,2062.6433333333334,4275.52,664.01,6187.93,1,1,0,0.0
2064,1,4951.99,4951.99,4951.99,4951.99,0,0,0,0.0
4593,1,147.45,147.45,147.45,147.45,1,0,0,0.0
2283,2,3811.325,4164.55,3458.1,7622.65,0,1,0,0.0
3557,3,2426.7033333333334,4158.27,1235.54,7280.11,2,1,0,0.0
4914,1,212.25,212.25,212.25,212.25,0,1,0,0.0
2090,2,2876.41,3843.69,1909.13,5752.82,1,1,0,0.0
3116,2,1364.725,2089.57,639.88,2729.45,0,0,0,0.0
4651,1,4209.68,4209.68,4209.68,4209.68,0,1,0,0.0
3738,4,1731.17,2968.19,39.69,6924.68,1,2,0,0.0
1677,2,1280.54,2097.14,463.94,2561.08,0,1,0,0.0
2328,2,1778.78,3245.06,312.5,3557.56,0,0,1,0.5
1884,1,1670.02,1670.02,1670.02,1670.02,0,1,0,0.0
2103,2,152.5,201.17,103.83,305.0,0,0,0,0.0
3976,3,2286.346666666667,4879.64,760.78,6859.04,0,2,0,0.0
4012,1,2435.75,2435.75,2435.75,2435.75,0,0,0,0.0
1442,1,3297.05,3297.05,3297.05,3297.05,0,1,0,0.0
3687,3,3023.6766666666667,3633.64,2155.1,9071.03,0,1,0,0.0
2775,1,2302.33,2302.33,2302.33,2302.33,1,0,0,0.0
2692,1,3771.05,3771.05,3771.05,3771.05,1,0,0,0.0
3262,3,3138.87,3862.3,2573.25,9416.61,1,2,0,0.0
3857,1,1314.2,1314.2,1314.2,1314.2,1,0,1,1.0
2042,3,3888.6966666666667,4946.98,3127.29,11666.09,1,0,0,0.0
4043,4,3818.4775,4515.18,2782.77,15273.91,2,2,0,0.0
4039,1,1267.3,1267.3,1267.3,1267.3,0,0,0,0.0
1851,1,3368.29,3368.29,3368.29,3368.29,0,0,0,0.0
3542,2,3425.87,4427.99,2423.75,6851.74,0,1,0,0.0
3746,2,1707.535,3229.29,185.78,3415.07,1,0,0,0.0
1080,3,3129.8866666666668,3854.61,1849.57,9389.66,1,0,0,0.0
2046,2,2731.3,4881.06,581.54,5462.6,1,0,0,0.0
3325,1,3252.52,3252.52,3252.52,3252.52,1,0,0,0.0
2364,1,3422.14,3422.14,3422.14,3422.14,1,0,0,0.0
3388,1,965.16,965.16,965.16,965.16,1,0,0,0.0
4726,3,2532.1766666666667,4111.01,1555.29,7596.53,2,1,0,0.0
2031,1,1625.21,1625.21,1625.21,1625.21,0,1,0,0.0
3643,1,2117.23,2117.23,2117.23,2117.23,1,0,0,0.0
2309,2,3184.735,3856.74,2512.73,6369.47,2,0,0,0.0
4930,1,957.7,957.7,957.7,957.7,1,0,0,0.0
1972,4,2687.645,3422.33,1875.23,10750.58,1,1,0,0.0
3368,2,943.875,1053.73,834.02,1887.75,1,1,0,0.0
1515,1,2071.58,2071.58,2071.58,2071.58,0,1,0,0.0
3528,1,4148.52,4148.52,4148.52,4148.52,1,0,0,0.0
1736,1,2074.88,2074.88,2074.88,2074.88,1,0,0,0.0
2931,2,1340.115,2586.7,93.53,2680.23,1,1,0,0.0
3443,2,2907.9,4515.75,1300.05,5815.8,1,1,0,0.0
3722,2,3645.605,3838.21,3453.0,7291.21,1,1,0,0.0
3719,1,2161.13,2161.13,2161.13,2161.13,0,1,0,0.0
3630,1,3773.71,3773.71,3773.71,3773.71,0,0,0,0.0
4804,2,1468.515,2623.04,313.99,2937.03,2,0,0,0.0
2949,1,4172.74,4172.74,4172.74,4172.74,1,0,0,0.0
2460,1,4731.52,4731.52,4731.52,4731.52,0,1,0,0.0
2623,1,868.55,868.55,868.55,868.55,0,0,0,0.0
3179,2,3197.48,4591.06,1803.9,6394.96,0,1,0,0.0
3934,1,3278.83,3278.83,3278.83,3278.83,0,1,0,0.0
1478,2,3952.76,4942.11,2963.41,7905.52,1,0,0,0.0
4018,1,820.91,820.91,820.91,820.91,0,1,0,0.0
1964,2,2999.165,4425.2,1573.13,5998.33,0,1,1,0.5
1158,1,405.86,405.86,405.86,405.86,0,0,0,0.0
2723,1,4138.53,4138.53,4138.53,4138.53,1,0,0,0.0
1300,3,3713.8133333333335,4620.26,2099.94,11141.44,1,2,0,0.0
2640,1,1463.04,1463.04,1463.04,1463.04,1,0,0,0.0
2407,1,3415.34,3415.34,3415.34,3415.34,0,1,0,0.0
3486,3,1652.0166666666667,2190.86,663.69,4956.05,1,1,0,0.0
1437,2,663.75,689.45,638.05,1327.5,1,0,0,0.0
2564,1,3207.3,3207.3,3207.3,3207.3,0,1,0,0.0
3177,2,1848.935,2326.75,1371.12,3697.87,0,1,0,0.0
4695,1,2728.07,2728.07,2728.07,2728.07,0,0,0,0.0
2414,2,1612.11,1909.33,1314.89,3224.22,1,0,0,0.0
3429,1,4687.62,4687.62,4687.62,4687.62,0,0,0,0.0
4304,1,2087.15,2087.15,2087.15,2087.15,0,1,0,0.0
2491,1,1217.27,1217.27,1217.27,1217.27,0,1,0,0.0
3478,3,3762.9533333333334,4845.55,1805.55,11288.86,1,2,0,0.0
3402,2,3540.675,4282.15,2799.2,7081.35,1,0,0,0.0
4684,1,663.81,663.81,663.81,663.81,0,0,0,0.0
2846,2,1746.15,1852.12,1640.18,3492.3,0,1,0,0.0
2094,2,1235.855,1714.59,757.12,2471.71,1,1,0,0.0
2438,2,3756.42,4950.99,2561.85,7512.84,0,1,1,0.5
2809,3,3300.943333333333,4924.52,395.37,9902.83,0,1,0,0.0
2443,1,1818.49,1818.49,1818.49,1818.49,0,0,0,0.0
4853,1,2777.0,2777.0,2777.0,2777.0,0,1,0,0.0
4449,3,2776.1866666666665,4703.07,262.53,8328.56,1,1,0,0.0
3825,2,3769.0,4673.4,2864.6,7538.0,0,0,0,0.0
4344,1,2110.72,2110.72,2110.72,2110.72,1,0,0,0.0
4736,3,303.93,495.17,70.5,911.79,2,1,0,0.0
4664,2,2466.65,3422.3,1511.0,4933.3,0,1,0,0.0
1612,4,3455.03,4726.18,1080.13,13820.12,2,2,0,0.0
4258,5,3676.588,4946.14,741.7,18382.94,1,1,0,0.0
2423,1,4476.3,4476.3,4476.3,4476.3,0,1,0,0.0
3798,3,2868.7633333333333,4858.34,1230.7,8606.29,1,1,0,0.0
4234,3,2615.27,4344.02,897.33,7845.81,2,0,0,0.0
4316,1,1306.38,1306.38,1306.38,1306.38,0,0,0,0.0
1599,2,1806.79,2238.81,1374.77,3613.58,1,0,0,0.0
4704,2,860.185,1447.79,272.58,1720.37,1,0,0,0.0
4036,2,358.88,435.28,282.48,717.76,0,1,1,0.5
3569,2,3516.795,4483.32,2550.27,7033.59,0,2,0,0.0
3885,1,779.39,779.39,779.39,779.39,0,1,0,0.0
1408,1,2762.68,2762.68,2762.68,2762.68,1,0,0,0.0
2463,3,3939.96,4844.33,3466.33,11819.88,1,1,0,0.0
2392,1,370.97,370.97,370.97,370.97,0,0,0,0.0
2783,1,4088.62,4088.62,4088.62,4088.62,0,0,0,0.0
2981,1,4200.54,4200.54,4200.54,4200.54,0,0,0,0.0
3868,1,3493.77,3493.77,3493.77,3493.77,0,1,0,0.0
1872,1,1356.94,1356.94,1356.94,1356.94,0,1,0,0.0
3466,1,4334.85,4334.85,4334.85,4334.85,0,1,0,0.0
3382,1,4095.57,4095.57,4095.57,4095.57,0,1,0,0.0
4988,2,3025.98,3635.35,2416.61,6051.96,1,0,0,0.0
4499,1,3931.6,3931.6,3931.6,3931.6,0,0,0,0.0
4175,2,2541.06,3457.43,1624.69,5082.12,0,1,0,0.0
4559,2,3557.67,4384.52,2730.82,7115.34,0,0,0,0.0
3775,1,3883.7,3883.7,3883.7,3883.7,0,1,0,0.0
2523,1,3213.7,3213.7,3213.7,3213.7,1,0,0,0.0
2434,2,1337.16,2259.89,414.43,2674.32,0,1,0,0.0
2394,1,4764.51,4764.51,4764.51,4764.51,0,1,0,0.0
4640,2,2935.755,4252.64,1618.87,5871.51,0,1,0,0.0
1122,1,207.87,207.87,207.87,207.87,1,0,0,0.0
1485,3,1977.1266666666668,4728.03,312.69,5931.38,0,2,0,0.0
2657,2,3284.76,3413.87,3155.65,6569.52,1,1,0,0.0
4208,1,3514.32,3514.32,3514.32,3514.32,0,1,0,0.0
1166,1,1241.43,1241.43,1241.43,1241.43,0,1,1,1.0
1258,1,1713.82,1713.82,1713.82,1713.82,1,0,1,1.0
1637,1,2731.93,2731.93,2731.93,2731.93,1,0,0,0.0
2300,1,2021.34,2021.34,2021.34,2021.34,0,1,0,0.0
3149,3,2830.2533333333336,4883.07,1203.35,8490.76,1,1,0,0.0
2984,3,1687.7566666666667,4974.72,33.31,5063.27,1,1,0,0.0
2115,1,31.78,31.78,31.78,31.78,0,1,0,0.0
1519,3,4247.2,4855.9,3886.07,12741.6,0,0,0,0.0
3955,1,3041.86,3041.86,3041.86,3041.86,0,0,0,0.0
3218,3,2673.61,4444.1,1458.41,8020.83,0,2,0,0.0
2993,1,3609.19,3609.19,3609.19,3609.19,0,0,0,0.0
1150,1,1820.39,1820.39,1820.39,1820.39,0,0,0,0.0
2992,3,4011.4066666666668,4290.08,3581.98,12034.22,1,1,0,0.0
2547,2,2962.825,3015.89,2909.76,5925.65,1,1,0,0.0
4239,2,2100.52,2961.94,1239.1,4201.04,1,0,0,0.0
3770,4,2625.4875,4253.58,84.22,10501.95,1,1,0,0.0
1501,1,3707.26,3707.26,3707.26,3707.26,1,0,0,0.0
3577,2,3253.09,4709.46,1796.72,6506.18,2,0,0,0.0
3707,2,2174.075,4072.05,276.1,4348.15,0,2,0,0.0
4781,1,636.09,636.09,636.09,636.09,0,0,0,0.0
3206,1,2258.37,2258.37,2258.37,2258.37,1,0,0,0.0
1578,1,4323.25,4323.25,4323.25,4323.25,0,0,0,0.0
3204,2,2178.04,4051.45,304.63,4356.08,1,0,0,0.0
2655,2,625.19,1210.44,39.94,1250.38,0,1,0,0.0
2291,1,2250.23,2250.23,2250.23,2250.23,1,0,0,0.0
1468,3,3377.24,4484.93,1469.59,10131.72,1,0,0,0.0
2146,2,3737.88,4390.38,3085.38,7475.76,0,2,0,0.0
4419,2,767.075,1001.29,532.86,1534.15,2,0,0,0.0
4307,1,2528.29,2528.29,2528.29,2528.29,1,0,0,0.0
2071,2,1515.105,2400.61,629.6,3030.21,0,1,0,0.0
1464,2,2484.175,4320.18,648.17,4968.35,0,0,0,0.0
4682,2,2641.765,2935.56,2347.97,5283.53,2,0,0,0.0
1486,2,2814.995,4798.0,831.99,5629.99,1,0,0,0.0
1461,1,1091.0,1091.0,1091.0,1091.0,0,1,0,0.0
4357,2,1362.395,2463.99,260.8,2724.79,1,1,0,0.0
1525,2,1400.475,1444.75,1356.2,2800.95,0,1,0,0.0
2735,3,1349.8066666666666,3345.17,10.86,4049.42,2,1,0,0.0
4962,1,3273.65,3273.65,3273.65,3273.65,0,0,0,0.0
2821,1,2033.83,2033.83,2033.83,2033.83,1,0,0,0.0
3777,2,809.025,1288.37,329.68,1618.05,1,1,0,0.0
2814,1,2819.87,2819.87,2819.87,2819.87,0,1,0,0.0
2765,1,765.83,765.83,765.83,765.83,1,0,0,0.0
2910,1,1209.62,1209.62,1209.62,1209.62,1,0,0,0.0
4739,2,3326.095,4875.12,1777.07,6652.19,0,1,0,0.0
4128,1,2913.05,2913.05,2913.05,2913.05,1,0,0,0.0
2853,2,1641.32,2636.3,646.34,3282.64,1,0,0,0.0
4557,2,1485.895,2959.43,12.36,2971.79,1,1,0,0.0
2176,1,4766.61,4766.61,4766.61,4766.61,0,0,0,0.0
1201,1,11.76,11.76,11.76,11.76,1,0,0,0.0
1314,1,3410.39,3410.39,3410.39,3410.39,0,0,0,0.0
1778,7,2749.8214285714284,4515.7,593.74,19248.75,2,2,0,0.0
2265,1,1653.72,1653.72,1653.72,1653.72,0,1,0,0.0
1196,1,774.85,774.85,774.85,774.85,0,1,0,0.0
3757,1,3713.13,3713.13,3713.13,3713.13,0,1,0,0.0
2229,1,2195.14,2195.14,2195.14,2195.14,0,1,0,0.0
1843,2,1647.42,1696.03,1598.81,3294.84,0,1,0,0.0
1058,2,3457.86,3962.06,2953.66,6915.72,0,2,0,0.0
2618,2,1006.655,1262.24,751.07,2013.31,0,1,0,0.0
4673,1,3834.3,3834.3,3834.3,3834.3,0,1,0,0.0
3667,2,2501.295,4781.41,221.18,5002.59,0,1,0,0.0
1213,2,4281.325,4586.3,3976.35,8562.65,0,1,0,0.0
3153,1,3137.79,3137.79,3137.79,3137.79,0,1,0,0.0
4619,1,2879.9,2879.9,2879.9,2879.9,1,0,0,0.0
3862,2,2016.78,2975.92,1057.64,4033.56,0,2,0,0.0
1505,1,2983.0,2983.0,2983.0,2983.0,0,1,0,0.0
1311,1,1136.45,1136.45,1136.45,1136.45,1,0,0,0.0
4966,1,2348.91,2348.91,2348.91,2348.91,0,1,0,0.0
1053,1,2330.93,2330.93,2330.93,2330.93,1,0,0,0.0
3164,2,3533.59,4582.32,2484.86,7067.18,2,0,0,0.0
1452,4,2647.1575,3658.24,936.06,10588.63,3,0,0,0.0
2917,3,2536.0933333333332,4987.97,146.37,7608.28,1,2,1,0.3333
2672,1,4916.16,4916.16,4916.16,4916.16,0,1,0,0.0
1846,1,3688.27,3688.27,3688.27,3688.27,0,0,0,0.0
3072,5,2446.434,4930.89,208.72,12232.17,1,2,0,0.0
2045,1,1065.75,1065.75,1065.75,1065.75,0,1,0,0.0
2529,2,4263.005,4419.54,4106.47,8526.01,0,1,0,0.0
3338,2,3786.525,4304.8,3268.25,7573.05,1,1,0,0.0
3005,1,1780.34,1780.34,1780.34,1780.34,1,0,0,0.0
2211,2,4051.355,4428.62,3674.09,8102.71,1,1,0,0.0
4034,1,2577.93,2577.93,2577.93,2577.93,0,0,0,0.0
2011,1,4018.11,4018.11,4018.11,4018.11,0,1,0,0.0
3171,4,2728.2125,4826.05,293.98,10912.85,1,1,0,0.0
3978,1,13.4,13.4,13.4,13.4,1,0,0,0.0
4241,4,2415.34,4065.0,1095.79,9661.36,2,1,0,0.0
1012,3,3214.6966666666667,4970.49,1872.5,9644.09,1,1,0,0.0
4451,2,869.74,1606.5,132.98,1739.48,1,1,0,0.0
1087,4,2056.8025,3253.68,776.18,8227.21,0,3,0,0.0
1769,1,183.82,183.82,183.82,183.82,0,1,0,0.0
4027,3,1594.4066666666668,4100.38,309.01,4783.22,1,1,0,0.0
1105,2,2549.86,3200.29,1899.43,5099.72,0,1,0,0.0
4485,4,1252.64,2755.84,204.71,5010.56,2,1,0,0.0
2665,1,4356.83,4356.83,4356.83,4356.83,0,1,0,0.0
3390,2,1952.85,3886.39,19.31,3905.7,0,2,0,0.0
2001,1,325.19,325.19,325.19,325.19,1,0,0,0.0
4522,3,2619.1966666666667,3663.02,1398.94,7857.59,0,1,0,0.0
2430,2,2303.74,4537.51,69.97,4607.48,0,1,0,0.0
2856,1,4543.46,4543.46,4543.46,4543.46,0,0,0,0.0
1405,2,1845.3,3568.73,121.87,3690.6,0,1,0,0.0
4210,1,4514.31,4514.31,4514.31,4514.31,0,0,0,0.0
2101,1,990.83,990.83,990.83,990.83,0,1,0,0.0
1231,1,1899.75,1899.75,1899.75,1899.75,1,0,0,0.0
1276,3,1812.94,3174.66,582.24,5438.82,1,2,0,0.0
2849,1,643.84,643.84,643.84,643.84,1,0,0,0.0
1117,2,1728.26,2630.56,825.96,3456.52,0,0,0,0.0
3425,2,1823.755,2378.45,1269.06,3647.51,2,0,0,0.0
2897,1,4348.03,4348.03,4348.03,4348.03,1,0,0,0.0
3445,1,4771.2,4771.2,4771.2,4771.2,1,0,0,0.0
1710,3,3279.306666666667,4710.01,584.4,9837.92,1,1,0,0.0
3594,1,779.54,779.54,779.54,779.54,0,0,0,0.0
4867,4,2799.425,3924.43,640.79,11197.7,0,2,1,0.25
3965,2,3079.44,4929.6,1229.28,6158.88,0,1,0,0.0
2552,3,1912.4766666666667,3760.91,495.32,5737.43,0,1,0,0.0
1439,2,2716.6,4236.77,1196.43,5433.2,0,1,0,0.0
4749,1,1610.07,1610.07,1610.07,1610.07,1,0,0,0.0
1388,1,2380.18,2380.18,2380.18,2380.18,1,0,0,0.0
2976,1,4198.97,4198.97,4198.97,4198.97,0,0,0,0.0
1315,2,2664.07,3251.14,2077.0,5328.14,2,0,0,0.0
2763,3,1244.5,1862.17,638.24,3733.5,0,1,0,0.0
1102,1,527.17,527.17,527.17,527.17,0,1,0,0.0
4166,4,2412.2825,4120.64,553.49,9649.13,1,3,0,0.0
1453,2,2705.285,3545.58,1864.99,5410.57,0,0,0,0.0
2687,2,1662.47,2097.33,1227.61,3324.94,0,2,0,0.0
2818,1,3365.37,3365.37,3365.37,3365.37,0,1,0,0.0
4665,1,1398.04,1398.04,1398.04,1398.04,1,0,0,0.0
3124,2,449.715,485.53,413.9,899.43,0,1,0,0.0
3394,2,3813.125,4838.31,2787.94,7626.25,0,1,0,0.0
2017,1,1126.82,1126.82,1126.82,1126.82,1,0,1,1.0
1506,1,2925.39,2925.39,2925.39,2925.39,0,1,0,0.0
4642,1,1040.75,1040.75,1040.75,1040.75,0,1,0,0.0
4453,2,3073.2,3346.71,2799.69,6146.4,0,1,0,0.0
2747,1,4248.84,4248.84,4248.84,4248.84,0,1,0,0.0
2241,2,1259.62,1829.96,689.28,2519.24,0,1,0,0.0
4556,1,676.2,676.2,676.2,676.2,0,0,0,0.0
4502,1,172.22,172.22,172.22,172.22,0,1,0,0.0
4828,1,2230.29,2230.29,2230.29,2230.29,1,0,0,0.0
1195,1,2884.25,2884.25,2884.25,2884.25,0,1,0,0.0
2361,1,2141.33,2141.33,2141.33,2141.33,1,0,0,0.0
3514,3,2744.66,4663.52,1414.22,8233.98,2,1,0,0.0
3564,5,3896.088,4835.99,1516.35,19480.44,2,1,0,0.0
1696,1,4183.32,4183.32,4183.32,4183.32,0,1,0,0.0
1740,1,1082.57,1082.57,1082.57,1082.57,0,1,0,0.0
4670,2,2803.285,3321.06,2285.51,5606.57,0,1,0,0.0
4108,1,4716.13,4716.13,4716.13,4716.13,1,0,0,0.0
1824,1,355.04,355.04,355.04,355.04,0,1,0,0.0
4598,1,1150.11,1150.11,1150.11,1150.11,0,1,0,0.0
4466,2,4212.305,4322.57,4102.04,8424.61,0,2,0,0.0
3142,3,1609.9666666666667,2967.71,33.14,4829.9,1,2,0,0.0
2131,3,1968.6966666666667,3966.74,330.01,5906.09,1,0,0,0.0
1835,1,4961.83,4961.83,4961.83,4961.83,1,0,0,0.0
3435,2,2336.78,2956.31,1717.25,4673.56,0,0,0,0.0
2985,3,3017.51,4721.5,1545.17,9052.53,1,0,0,0.0
3833,1,3833.13,3833.13,3833.13,3833.13,0,1,0,0.0
2272,1,4565.89,4565.89,4565.89,4565.89,1,0,0,0.0
4041,1,1691.3,1691.3,1691.3,1691.3,0,0,0,0.0
4217,4,1282.1225,3600.79,76.06,5128.49,2,0,1,0.25
1704,1,1770.53,1770.53,1770.53,1770.53,1,0,0,0.0
1723,1,1228.61,1228.61,1228.61,1228.61,0,0,0,0.0
4465,1,4576.16,4576.16,4576.16,4576.16,1,0,0,0.0
3479,2,2089.11,2842.88,1335.34,4178.22,1,1,0,0.0
1492,1,201.86,201.86,201.86,201.86,0,1,0,0.0
3878,1,3898.42,3898.42,3898.42,3898.42,0,1,0,0.0
3883,1,1923.31,1923.31,1923.31,1923.31,1,0,0,0.0
2043,2,1767.46,2966.68,568.24,3534.92,2,0,0,0.0
1701,1,613.87,613.87,613.87,613.87,0,1,0,0.0
1483,1,4538.12,4538.12,4538.12,4538.12,1,0,0,0.0
3711,1,2138.15,2138.15,2138.15,2138.15,1,0,0,0.0
3649,3,3295.903333333333,4515.73,1204.18,9887.71,2,0,0,0.0
4436,1,1260.28,1260.28,1260.28,1260.28,0,0,0,0.0
1948,4,1745.115,2706.91,850.78,6980.46,1,3,1,0.25
1110,2,2378.27,2767.63,1988.91,4756.54,2,0,0,0.0
4130,1,4536.18,4536.18,4536.18,4536.18,0,1,0,0.0
4209,1,992.6,992.6,992.6,992.6,0,1,0,0.0
3498,1,558.16,558.16,558.16,558.16,1,0,0,0.0
3118,2,3319.06,3878.33,2759.79,6638.12,1,1,0,0.0
1562,1,1007.29,1007.29,1007.29,1007.29,0,0,0,0.0
4486,2,4210.425,4862.16,3558.69,8420.85,2,0,0,0.0
4300,2,2962.39,4822.21,1102.57,5924.78,0,0,0,0.0
3113,1,808.22,808.22,808.22,808.22,0,0,0,0.0
4186,1,1986.86,1986.86,1986.86,1986.86,1,0,0,0.0
4355,2,1681.155,2712.83,649.48,3362.31,0,0,0,0.0
1130,4,1704.8,3202.44,543.38,6819.2,2,2,0,0.0
1440,1,1420.06,1420.06,1420.06,1420.06,0,0,0,0.0
2136,2,752.03,1182.68,321.38,1504.06,0,2,0,0.0
2245,1,1157.41,1157.41,1157.41,1157.41,0,1,0,0.0
2788,2,2372.565,2537.74,2207.39,4745.13,1,1,0,0.0
2663,1,1860.14,1860.14,1860.14,1860.14,1,0,0,0.0
2662,1,1821.08,1821.08,1821.08,1821.08,0,1,0,0.0
4247,1,982.34,982.34,982.34,982.34,0,0,0,0.0
2798,1,926.25,926.25,926.25,926.25,0,1,0,0.0
2294,2,1269.66,1811.91,727.41,2539.32,2,0,0,0.0
2457,4,2069.87,3104.85,401.75,8279.48,1,0,0,0.0
2728,3,2915.74,4475.23,2016.32,8747.22,2,1,0,0.0
2119,1,874.83,874.83,874.83,874.83,1,0,0,0.0
3216,2,1219.29,2268.13,170.45,2438.58,1,1,0,0.0
1765,2,1669.03,3089.23,248.83,3338.06,1,1,0,0.0
1027,1,3400.54,3400.54,3400.54,3400.54,0,1,0,0.0
1479,2,2912.34,3618.47,2206.21,5824.68,0,1,0,0.0
4600,1,232.95,232.95,232.95,232.95,0,1,0,0.0
1926,1,2699.66,2699.66,2699.66,2699.66,0,0,0,0.0
1832,2,2622.54,3740.95,1504.13,5245.08,0,0,1,0.5
2880,1,1187.13,1187.13,1187.13,1187.13,0,0,0,0.0
1672,2,1982.825,3153.31,812.34,3965.65,2,0,0,0.0
2893,1,846.14,846.14,846.14,846.14,0,0,0,0.0
3421,1,3637.72,3637.72,3637.72,3637.72,1,0,0,0.0
4380,2,2035.865,3458.88,612.85,4071.73,1,0,0,0.0
3947,2,1659.525,3290.3,28.75,3319.05,1,1,0,0.0
1346,3,3562.8166666666666,3875.47,3131.91,10688.45,0,1,0,0.0
2378,4,2946.26,4508.96,1500.04,11785.04,1,0,0,0.0
4721,1,2841.11,2841.11,2841.11,2841.11,0,1,0,0.0
4469,2,2939.075,3497.58,2380.57,5878.15,0,2,0,0.0
3021,2,1932.44,3851.67,13.21,3864.88,2,0,0,0.0
4661,2,2013.14,2310.93,1715.35,4026.28,0,2,0,0.0
4888,1,13.67,13.67,13.67,13.67,0,0,0,0.0
3155,1,4755.21,4755.21,4755.21,4755.21,0,0,0,0.0
2085,1,3486.91,3486.91,3486.91,3486.91,0,0,0,0.0
4523,1,4511.32,4511.32,4511.32,4511.32,1,0,0,0.0
4586,3,2785.9966666666664,4916.48,1341.97,8357.99,1,0,0,0.0
1377,2,2667.305,3472.0,1862.61,5334.61,0,1,0,0.0
2066,2,115.03,186.05,44.01,230.06,0,1,0,0.0
2383,2,1321.64,1953.67,689.61,2643.28,0,1,0,0.0
2086,1,2295.3,2295.3,2295.3,2295.3,0,0,0,0.0
2874,4,2163.955,4249.77,297.92,8655.82,1,1,0,0.0
1794,1,1656.17,1656.17,1656.17,1656.17,0,1,0,0.0
3973,1,1079.43,1079.43,1079.43,1079.43,0,0,0,0.0
2708,1,4580.51,4580.51,4580.51,4580.51,0,0,0,0.0
1071,2,1393.515,2348.85,438.18,2787.03,2,0,0,0.0
2445,2,2382.015,3380.79,1383.24,4764.03,0,0,1,0.5
2347,2,1888.945,3467.61,310.28,3777.89,1,1,0,0.0
4428,2,3198.93,4823.82,1574.04,6397.86,1,1,0,0.0
3038,2,2679.33,4269.75,1088.91,5358.66,0,1,0,0.0
4074,2,2792.395,4173.64,1411.15,5584.79,1,0,0,0.0
2793,1,362.9,362.9,362.9,362.9,0,0,0,0.0
2566,1,1539.49,1539.49,1539.49,1539.49,1,0,0,0.0
1739,1,2425.87,2425.87,2425.87,2425.87,0,0,0,0.0
3723,1,900.89,900.89,900.89,900.89,1,0,0,0.0
3313,1,1236.16,1236.16,1236.16,1236.16,0,1,0,0.0
2462,2,1920.765,2177.47,1664.06,3841.53,0,0,0,0.0
3838,2,2706.915,3282.34,2131.49,5413.83,1,1,0,0.0
4287,4,2508.99,4219.31,62.36,10035.96,2,1,0,0.0
3496,1,963.44,963.44,963.44,963.44,1,0,0,0.0
2516,2,2570.715,3129.99,2011.44,5141.43,0,0,0,0.0
2411,2,3782.105,4468.13,3096.08,7564.21,0,0,0,0.0
1777,2,107.795,121.5,94.09,215.59,0,0,0,0.0
1980,2,1412.27,2076.96,747.58,2824.54,0,0,0,0.0
1842,1,4648.64,4648.64,4648.64,4648.64,0,1,0,0.0
4551,1,1176.23,1176.23,1176.23,1176.23,0,0,0,0.0
2898,1,4335.74,4335.74,4335.74,4335.74,1,0,0,0.0
2327,1,1466.62,1466.62,1466.62,1466.62,1,0,0,0.0
2368,1,4390.04,4390.04,4390.04,4390.04,0,1,0,0.0
2794,1,2649.79,2649.79,2649.79,2649.79,0,0,0,0.0
3661,3,3229.8166666666666,4312.67,1538.74,9689.45,1,2,0,0.0
2137,1,4665.22,4665.22,4665.22,4665.22,0,0,0,0.0
4569,3,2575.92,4114.8,324.82,7727.76,0,2,0,0.0
4729,2,2239.76,3098.16,1381.36,4479.52,1,0,1,0.5
1271,3,2647.7466666666664,2994.91,2300.72,7943.24,1,2,0,0.0
3560,3,2386.5033333333336,4203.14,670.14,7159.51,1,2,0,0.0
2955,1,1817.79,1817.79,1817.79,1817.79,0,1,0,0.0
3874,2,4419.82,4974.87,3864.77,8839.64,0,2,0,0.0
2481,3,2187.576666666667,3321.27,1307.84,6562.73,0,2,0,0.0
1073,1,996.27,996.27,996.27,996.27,0,0,0,0.0
1019,1,1034.9,1034.9,1034.9,1034.9,1,0,0,0.0
2118,2,2409.26,4789.48,29.04,4818.52,0,0,0,0.0
1773,1,1572.74,1572.74,1572.74,1572.74,1,0,0,0.0
2478,1,797.68,797.68,797.68,797.68,0,0,0,0.0
2317,1,1576.58,1576.58,1576.58,1576.58,0,0,0,0.0
1801,1,4671.05,4671.05,4671.05,4671.05,0,1,0,0.0
1412,1,3983.08,3983.08,3983.08,3983.08,0,0,0,0.0
2666,1,237.8,237.8,237.8,237.8,1,0,0,0.0
2820,2,2293.67,3950.22,637.12,4587.34,0,0,1,0.5
2635,2,2565.75,4504.33,627.17,5131.5,0,2,0,0.0
2480,3,531.3633333333333,807.52,102.58,1594.09,3,0,0,0.0
2184,4,2471.39,4824.62,507.82,9885.56,1,1,0,0.0
4256,1,3837.99,3837.99,3837.99,3837.99,0,1,0,0.0
2869,1,4081.77,4081.77,4081.77,4081.77,0,0,0,0.0
4881,3,2021.35,4315.52,213.32,6064.05,1,1,0,0.0
2959,2,1935.34,3787.1,83.58,3870.68,2,0,0,0.0
1459,1,4848.08,4848.08,4848.08,4848.08,0,1,0,0.0
4311,2,1862.32,2920.58,804.06,3724.64,0,1,0,0.0
4582,2,2627.6,2733.7,2521.5,5255.2,1,1,0,0.0
4655,1,1466.14,1466.14,1466.14,1466.14,1,0,0,0.0
4011,1,3910.22,3910.22,3910.22,3910.22,1,0,0,0.0
3369,1,3934.81,3934.81,3934.81,3934.81,0,0,0,0.0
1537,3,3149.193333333333,3904.43,2229.56,9447.58,0,0,0,0.0
1033,2,160.35,224.07,96.63,320.7,0,1,0,0.0
4400,2,4182.03,4822.26,3541.8,8364.06,1,1,0,0.0
1499,2,2254.915,4096.99,412.84,4509.83,1,0,0,0.0
4315,1,431.32,431.32,431.32,431.32,1,0,0,0.0
1040,4,3500.915,4431.69,2829.09,14003.66,0,0,0,0.0
4359,1,3593.73,3593.73,3593.73,3593.73,0,1,0,0.0
3901,3,3896.47,4531.6,2641.66,11689.41,1,1,0,0.0
3459,2,3076.11,3933.96,2218.26,6152.22,0,1,0,0.0
1350,2,1369.355,2478.89,259.82,2738.71,0,2,1,0.5
3280,3,735.06,1511.21,76.7,2205.18,0,1,0,0.0
3015,4,3280.4775,4179.02,2636.23,13121.91,2,1,0,0.0
1643,2,2691.585,4530.88,852.29,5383.17,0,1,0,0.0
4889,2,1546.65,2155.88,937.42,3093.3,1,1,0,0.0
1858,1,3676.13,3676.13,3676.13,3676.13,0,1,0,0.0
4422,1,3880.69,3880.69,3880.69,3880.69,0,0,1,1.0
4631,1,2018.2,2018.2,2018.2,2018.2,0,1,0,0.0
2648,2,2324.785,2405.58,2243.99,4649.57,1,0,0,0.0
3657,2,998.08,1440.78,555.38,1996.16,2,0,1,0.5
3648,1,4298.37,4298.37,4298.37,4298.37,0,0,0,0.0
2341,2,2495.935,3701.15,1290.72,4991.87,1,0,0,0.0
3141,2,2519.27,3952.35,1086.19,5038.54,1,1,0,0.0
2713,2,2868.97,4322.38,1415.56,5737.94,1,1,1,0.5
1521,1,2272.59,2272.59,2272.59,2272.59,0,0,0,0.0
1528,2,1396.895,2494.84,298.95,2793.79,1,0,0,0.0
1277,1,4569.14,4569.14,4569.14,4569.14,0,0,0,0.0
4064,2,2291.81,2464.36,2119.26,4583.62,1,0,0,0.0
2550,1,3501.71,3501.71,3501.71,3501.71,0,1,0,0.0
4305,1,1264.9,1264.9,1264.9,1264.9,0,1,0,0.0
4957,1,4467.37,4467.37,4467.37,4467.37,0,1,0,0.0
3265,1,2134.51,2134.51,2134.51,2134.51,0,0,0,0.0
3990,2,3563.08,4698.95,2427.21,7126.16,0,0,0,0.0
2548,1,2441.76,2441.76,2441.76,2441.76,0,0,0,0.0
4775,2,2086.54,2598.4,1574.68,4173.08,1,0,0,0.0
4275,1,4966.39,4966.39,4966.39,4966.39,0,0,0,0.0
4073,2,1938.06,3683.74,192.38,3876.12,1,0,0,0.0
1983,1,3156.91,3156.91,3156.91,3156.91,0,0,0,0.0
4563,1,4808.14,4808.14,4808.14,4808.14,1,0,0,0.0
3932,1,4035.74,4035.74,4035.74,4035.74,1,0,0,0.0
3877,2,2067.16,3632.67,501.65,4134.32,0,1,0,0.0
4432,2,2496.25,3650.88,1341.62,4992.5,0,2,0,0.0
1797,2,3114.965,4115.35,2114.58,6229.93,1,1,0,0.0
3736,1,499.52,499.52,499.52,499.52,0,1,0,0.0
1187,1,811.76,811.76,811.76,811.76,0,1,0,0.0
2518,1,465.54,465.54,465.54,465.54,0,0,0,0.0
4264,2,1623.91,2361.28,886.54,3247.82,0,1,0,0.0
1123,1,2962.92,2962.92,2962.92,2962.92,1,0,0,0.0
2471,3,1647.1533333333334,2602.93,1156.77,4941.46,2,1,0,0.0
1517,1,1572.69,1572.69,1572.69,1572.69,0,0,0,0.0
1598,1,4099.62,4099.62,4099.62,4099.62,0,1,0,0.0
4964,2,1512.14,1683.8,1340.48,3024.28,1,1,0,0.0
2355,1,3852.59,3852.59,3852.59,3852.59,1,0,0,0.0
4716,1,2073.76,2073.76,2073.76,2073.76,1,0,0,0.0
2960,1,149.59,149.59,149.59,149.59,1,0,0,0.0
3008,1,380.81,380.81,380.81,380.81,0,0,0,0.0
4859,1,155.88,155.88,155.88,155.88,1,0,0,0.0
1065,1,2544.3,2544.3,2544.3,2544.3,0,0,0,0.0
1719,1,2433.23,2433.23,2433.23,2433.23,0,0,0,0.0
3829,2,1961.93,2076.28,1847.58,3923.86,2,0,0,0.0
1795,3,2187.193333333333,4089.21,897.94,6561.58,0,2,0,0.0
2502,1,703.23,703.23,703.23,703.23,0,0,1,1.0
4445,1,2418.02,2418.02,2418.02,2418.02,1,0,0,0.0
4905,1,2913.07,2913.07,2913.07,2913.07,0,1,0,0.0
4681,1,4034.41,4034.41,4034.41,4034.41,0,1,1,1.0
3546,3,469.28,800.23,147.75,1407.84,0,2,0,0.0
2624,1,3194.61,3194.61,3194.61,3194.61,0,0,0,0.0
4991,5,2999.424,4281.37,992.63,14997.12,2,2,1,0.2
2270,1,956.5,956.5,956.5,956.5,0,1,0,0.0
3197,4,1442.905,4466.98,146.33,5771.62,2,2,0,0.0
2802,3,2615.8566666666666,3808.04,444.69,7847.57,1,1,0,0.0
4365,1,477.96,477.96,477.96,477.96,0,0,0,0.0
3937,1,4322.15,4322.15,4322.15,4322.15,0,1,0,0.0
4324,1,3362.75,3362.75,3362.75,3362.75,1,0,0,0.0
2372,1,62.79,62.79,62.79,62.79,1,0,0,0.0
4431,2,2006.39,2277.3,1735.48,4012.78,1,1,0,0.0
4839,2,3622.69,4113.12,3132.26,7245.38,0,1,0,0.0
4509,1,1759.66,1759.66,1759.66,1759.66,1,0,0,0.0
2406,1,651.17,651.17,651.17,651.17,0,0,0,0.0
3448,1,4145.55,4145.55,4145.55,4145.55,1,0,0,0.0
1252,3,3909.99,4681.09,2793.31,11729.97,1,1,0,0.0
2738,1,499.32,499.32,499.32,499.32,0,0,0,0.0
2014,2,3088.09,4471.29,1704.89,6176.18,0,1,0,0.0
2621,1,2220.06,2220.06,2220.06,2220.06,1,0,0,0.0
1236,2,2912.505,3283.12,2541.89,5825.01,0,0,0,0.0
2888,4,3443.715,4170.33,2493.07,13774.86,3,1,0,0.0
2161,2,2975.47,3202.22,2748.72,5950.94,0,2,0,0.0
3889,5,2836.836,4187.67,183.73,14184.18,2,2,1,0.2
3389,3,4117.743333333333,4891.98,3314.7,12353.23,2,0,0,0.0
3729,1,4561.64,4561.64,4561.64,4561.64,1,0,0,0.0
3803,2,1436.045,1960.93,911.16,2872.09,0,0,0,0.0
4891,3,1058.96,1523.11,232.33,3176.88,1,1,0,0.0
1322,1,3235.94,3235.94,3235.94,3235.94,0,1,0,0.0
4850,1,4866.85,4866.85,4866.85,4866.85,0,1,0,0.0
1985,2,2114.625,3121.89,1107.36,4229.25,2,0,0,0.0
4973,3,1911.27,4250.61,125.68,5733.81,1,2,0,0.0
2376,1,1887.64,1887.64,1887.64,1887.64,1,0,0,0.0
2194,3,3579.036666666667,3876.22,3010.22,10737.11,1,2,1,0.3333
1069,1,2262.73,2262.73,2262.73,2262.73,0,0,0,0.0
2461,1,1534.42,1534.42,1534.42,1534.42,0,1,0,0.0
3327,3,2587.056666666667,2847.16,2242.82,7761.17,2,1,1,0.3333
4418,1,996.09,996.09,996.09,996.09,0,1,0,0.0
3003,2,2587.925,4572.02,603.83,5175.85,1,1,0,0.0
4496,2,2069.07,3055.53,1082.61,4138.14,0,2,0,0.0
2100,1,2220.62,2220.62,2220.62,2220.62,0,1,0,0.0
1043,2,1799.87,2261.89,1337.85,3599.74,1,0,0,0.0
2851,1,3700.2,3700.2,3700.2,3700.2,1,0,0,0.0
2240,5,2315.104,4688.47,108.84,11575.52,3,1,0,0.0
3127,1,4708.76,4708.76,4708.76,4708.76,1,0,0,0.0
3615,1,4782.75,4782.75,4782.75,4782.75,0,1,0,0.0
3529,1,4632.45,4632.45,4632.45,4632.45,1,0,0,0.0
3863,1,1692.92,1692.92,1692.92,1692.92,1,0,0,0.0
2122,2,417.005,483.92,350.09,834.01,1,1,0,0.0
3278,3,2361.0933333333332,3670.14,343.68,7083.28,2,1,0,0.0
4493,1,525.23,525.23,525.23,525.23,0,1,0,0.0
3272,1,3349.89,3349.89,3349.89,3349.89,1,0,0,0.0
2604,4,3239.0325,3924.05,1941.99,12956.13,0,1,0,0.0
3939,2,4751.13,4815.54,4686.72,9502.26,0,1,0,0.0
3147,2,1741.255,3059.03,423.48,3482.51,0,2,0,0.0
4195,3,2905.5866666666666,3361.74,2059.03,8716.76,0,1,0,0.0
3989,1,4215.09,4215.09,4215.09,4215.09,1,0,0,0.0
4471,1,3804.67,3804.67,3804.67,3804.67,1,0,0,0.0
3271,1,1010.14,1010.14,1010.14,1010.14,0,0,0,0.0
4990,2,2255.405,3620.7,890.11,4510.81,1,0,0,0.0
2112,3,2461.1266666666666,4792.49,694.28,7383.38,0,0,0,0.0
3636,1,2688.42,2688.42,2688.42,2688.42,1,0,0,0.0
2325,1,3922.45,3922.45,3922.45,3922.45,1,0,0,0.0
1032,1,4275.13,4275.13,4275.13,4275.13,1,0,0,0.0
3856,4,2760.9775,4447.8,1084.05,11043.91,2,0,0,0.0
3255,2,1588.53,2703.57,473.49,3177.06,1,0,0,0.0
1591,2,1134.615,1190.82,1078.41,2269.23,1,0,0,0.0
3951,4,1628.8025,4354.53,444.42,6515.21,2,1,0,0.0
1729,1,4138.48,4138.48,4138.48,4138.48,0,0,0,0.0
1988,2,2852.83,3348.88,2356.78,5705.66,1,1,0,0.0
4122,1,3237.45,3237.45,3237.45,3237.45,0,0,0,0.0
2934,1,588.78,588.78,588.78,588.78,1,0,0,0.0
3165,3,2432.38,3615.58,998.23,7297.14,1,1,0,0.0
2079,3,3092.95,4031.54,2579.53,9278.85,1,1,0,0.0
1228,2,3513.96,4708.78,2319.14,7027.92,1,1,0,0.0
2424,2,1965.965,3849.33,82.6,3931.93,1,0,0,0.0
1652,1,1483.96,1483.96,1483.96,1483.96,0,0,0,0.0
3320,4,2281.175,3957.04,1098.55,9124.7,2,1,0,0.0
1518,3,2523.3033333333333,3490.24,1321.16,7569.91,1,0,0,0.0
3946,1,2798.12,2798.12,2798.12,2798.12,0,0,0,0.0
3748,2,4356.895,4864.85,3848.94,8713.79,2,0,0,0.0
1387,3,2656.8166666666666,3563.49,1539.86,7970.45,0,2,0,0.0
2030,1,1687.54,1687.54,1687.54,1687.54,0,1,0,0.0
2693,1,1712.38,1712.38,1712.38,1712.38,0,0,0,0.0
2973,1,1799.48,1799.48,1799.48,1799.48,0,1,0,0.0
3456,2,3889.02,4943.63,2834.41,7778.04,1,0,0,0.0
2573,2,2181.545,3260.34,1102.75,4363.09,0,0,0,0.0
3139,4,1677.1675,3662.51,339.59,6708.67,2,0,0,0.0
3545,2,3413.3,4992.1,1834.5,6826.6,1,1,0,0.0
4069,2,2116.255,3073.37,1159.14,4232.51,0,0,0,0.0
1611,1,2077.95,2077.95,2077.95,2077.95,1,0,0,0.0
4136,1,2403.15,2403.15,2403.15,2403.15,0,1,0,0.0
3724,2,2372.15,3790.23,954.07,4744.3,1,0,0,0.0
3556,2,1774.275,3345.01,203.54,3548.55,1,1,0,0.0
3718,2,2546.525,3239.3,1853.75,5093.05,2,0,1,0.5
1724,4,3129.6175,4866.38,1997.25,12518.47,1,1,0,0.0
4131,1,3871.96,3871.96,3871.96,3871.96,0,0,0,0.0
1746,2,2774.29,4157.9,1390.68,5548.58,1,1,0,0.0
4861,1,3961.08,3961.08,3961.08,3961.08,0,0,0,0.0
2004,1,449.06,449.06,449.06,449.06,0,1,0,0.0
1369,3,660.3366666666667,1310.78,34.91,1981.01,1,1,1,0.3333
4211,1,3966.62,3966.62,3966.62,3966.62,1,0,0,0.0
3208,3,2590.5,3196.16,1537.14,7771.5,2,0,0,0.0
3119,1,4929.19,4929.19,4929.19,4929.19,0,0,0,0.0
2248,1,344.99,344.99,344.99,344.99,0,0,0,0.0
3334,1,1835.14,1835.14,1835.14,1835.14,0,1,0,0.0
3875,2,2567.245,4817.91,316.58,5134.49,0,1,0,0.0
1134,2,1254.19,1623.74,884.64,2508.38,0,0,0,0.0
3567,1,2527.5,2527.5,2527.5,2527.5,0,1,0,0.0
1237,2,3874.975,4879.71,2870.24,7749.95,1,0,0,0.0
4687,2,2711.995,2766.29,2657.7,5423.99,2,0,0,0.0
1511,2,2892.42,4528.66,1256.18,5784.84,2,0,0,0.0
2019,1,1104.17,1104.17,1104.17,1104.17,1,0,0,0.0
4564,2,389.135,494.58,283.69,778.27,0,2,0,0.0
1818,1,1373.75,1373.75,1373.75,1373.75,0,0,0,0.0
4447,4,2976.64,3963.46,1503.02,11906.56,1,1,0,0.0
2484,2,3756.03,4776.99,2735.07,7512.06,1,1,0,0.0
3261,5,2371.892,3191.81,719.02,11859.46,0,4,0,0.0
4604,1,4873.18,4873.18,4873.18,4873.18,0,0,0,0.0
3484,3,272.85333333333335,400.28,205.36,818.56,2,0,0,0.0
4401,2,4112.44,4585.7,3639.18,8224.88,2,0,0,0.0
4503,1,3913.51,3913.51,3913.51,3913.51,1,0,0,0.0
3982,2,1983.44,2072.95,1893.93,3966.88,1,0,0,0.0
4874,2,3497.25,4605.31,2389.19,6994.5,1,1,0,0.0
2188,2,4041.285,4096.9,3985.67,8082.57,0,1,0,0.0
1600,3,3532.9066666666668,4583.92,3004.09,10598.72,0,1,0,0.0
4296,4,2446.7125,4677.77,1337.53,9786.85,2,2,1,0.25
4442,1,2185.28,2185.28,2185.28,2185.28,0,1,0,0.0
2154,2,2671.43,3375.04,1967.82,5342.86,0,2,0,0.0
3161,1,4215.67,4215.67,4215.67,4215.67,0,1,0,0.0
2081,1,216.24,216.24,216.24,216.24,1,0,0,0.0
2088,1,3399.52,3399.52,3399.52,3399.52,0,0,0,0.0
3439,1,4926.97,4926.97,4926.97,4926.97,0,0,0,0.0
4540,3,2710.19,3064.37,2097.86,8130.57,1,0,1,0.3333
1875,1,3769.34,3769.34,3769.34,3769.34,0,1,0,0.0
4823,2,1113.42,2209.49,17.35,2226.84,1,1,0,0.0
1402,3,2658.31,4903.38,628.25,7974.93,2,1,0,0.0
1582,1,1979.89,1979.89,1979.89,1979.89,0,0,0,0.0
2847,3,1884.5566666666666,4202.39,49.99,5653.67,2,0,0,0.0
3104,1,1641.6,1641.6,1641.6,1641.6,0,1,0,0.0
1763,3,1619.6866666666667,4280.72,180.94,4859.06,0,1,0,0.0
2239,1,369.94,369.94,369.94,369.94,0,0,0,0.0
3413,2,2759.215,3887.14,1631.29,5518.43,0,0,0,0.0
4699,2,207.665,380.71,34.62,415.33,1,0,0,0.0
1347,3,1860.7533333333333,4250.07,361.94,5582.26,2,1,0,0.0
1061,4,2959.835,4470.16,661.0,11839.34,1,2,1,0.25
3684,2,1558.595,2750.33,366.86,3117.19,1,1,0,0.0
3036,1,3878.09,3878.09,3878.09,3878.09,1,0,0,0.0
4180,1,2083.27,2083.27,2083.27,2083.27,0,1,0,0.0
4488,2,2010.22,3121.81,898.63,4020.44,1,1,0,0.0
2384,1,1087.42,1087.42,1087.42,1087.42,0,0,0,0.0
3228,1,597.74,597.74,597.74,597.74,0,0,1,1.0
3485,1,4609.49,4609.49,4609.49,4609.49,1,0,0,0.0
4908,1,2547.95,2547.95,2547.95,2547.95,1,0,0,0.0
4513,1,2722.51,2722.51,2722.51,2722.51,0,0,0,0.0
3293,1,3162.48,3162.48,3162.48,3162.48,0,1,0,0.0
1392,2,1767.56,3427.6,107.52,3535.12,1,1,0,0.0
3205,2,1633.805,3044.9,222.71,3267.61,0,1,0,0.0
3052,2,3263.41,3633.17,2893.65,6526.82,2,0,0,0.0
4596,1,1454.04,1454.04,1454.04,1454.04,0,1,0,0.0
2859,4,951.61,1508.53,647.36,3806.44,4,0,0,0.0
4983,2,4207.01,4714.12,3699.9,8414.02,1,0,0,0.0
4497,1,746.77,746.77,746.77,746.77,1,0,0,0.0
1817,1,3571.27,3571.27,3571.27,3571.27,0,0,0,0.0
3881,1,992.14,992.14,992.14,992.14,1,0,0,0.0
2269,2,1433.66,2522.71,344.61,2867.32,1,1,0,0.0
2500,1,316.2,316.2,316.2,316.2,1,0,0,0.0
3851,1,1771.87,1771.87,1771.87,1771.87,1,0,0,0.0
1633,3,3128.3766666666666,3332.06,2938.1,9385.13,2,1,0,0.0
4932,3,3915.116666666667,4838.29,3108.56,11745.35,2,1,0,0.0
4233,2,2432.895,2507.71,2358.08,4865.79,0,0,0,0.0
1958,2,3530.05,4470.2,2589.9,7060.1,0,0,0,0.0
2812,1,3266.23,3266.23,3266.23,3266.23,0,1,0,0.0
1973,4,2458.305,3309.27,297.82,9833.22,3,0,0,0.0
2013,1,4519.47,4519.47,4519.47,4519.47,0,0,0,0.0
3060,3,1008.9766666666667,1896.84,159.49,3026.93,2,0,0,0.0
3423,3,2983.6766666666667,4962.86,1931.08,8951.03,1,0,0,0.0
2832,3,4122.766666666666,4896.98,3656.75,12368.3,2,0,0,0.0
4539,2,3491.78,3800.53,3183.03,6983.56,2,0,0,0.0
3070,2,3042.045,4130.4,1953.69,6084.09,1,0,0,0.0
1892,5,1807.836,3427.57,449.94,9039.18,2,1,0,0.0
2141,2,3707.72,4327.52,3087.92,7415.44,1,1,0,0.0
3360,2,1982.315,3551.41,413.22,3964.63,1,1,0,0.0
4851,1,2342.77,2342.77,2342.77,2342.77,0,1,0,0.0
1504,1,4064.51,4064.51,4064.51,4064.51,0,1,0,0.0
4077,2,3188.605,3811.83,2565.38,6377.21,1,1,0,0.0
3343,1,3633.52,3633.52,3633.52,3633.52,0,1,0,0.0
1699,1,1459.24,1459.24,1459.24,1459.24,0,0,0,0.0
2966,2,2422.34,2450.08,2394.6,4844.68,1,1,0,0.0
3810,3,2101.17,3624.23,1046.4,6303.51,3,0,0,0.0
2258,1,1732.32,1732.32,1732.32,1732.32,0,1,0,0.0
4770,2,2592.435,3830.2,1354.67,5184.87,0,2,0,0.0
2596,1,485.07,485.07,485.07,485.07,1,0,0,0.0
4075,1,4167.78,4167.78,4167.78,4167.78,0,1,0,0.0
2472,1,1315.71,1315.71,1315.71,1315.71,0,1,0,0.0
3372,5,2021.214,3458.97,486.56,10106.07,1,2,0,0.0
1623,1,751.05,751.05,751.05,751.05,0,0,0,0.0
4744,2,1385.29,1841.01,929.57,2770.58,1,0,0,0.0
2696,2,2388.505,2774.55,2002.46,4777.01,0,1,0,0.0
4952,1,299.36,299.36,299.36,299.36,0,0,0,0.0
2197,1,3865.22,3865.22,3865.22,3865.22,0,0,0,0.0
4601,1,1498.01,1498.01,1498.01,1498.01,0,0,0,0.0
2337,4,2646.1775,4137.21,1183.24,10584.71,2,1,1,0.25
4409,1,2773.29,2773.29,2773.29,2773.29,0,0,0,0.0
4767,1,4665.75,4665.75,4665.75,4665.75,0,0,0,0.0
3365,1,859.83,859.83,859.83,859.83,1,0,0,0.0
4088,1,325.69,325.69,325.69,325.69,0,1,0,0.0
2834,2,3555.715,4322.08,2789.35,7111.43,1,0,0,0.0
4822,2,1425.455,1526.45,1324.46,2850.91,0,1,0,0.0
3598,1,476.57,476.57,476.57,476.57,0,1,1,1.0
1379,1,3353.04,3353.04,3353.04,3353.04,1,0,0,0.0
3694,1,3901.58,3901.58,3901.58,3901.58,1,0,0,0.0
1532,1,1513.74,1513.74,1513.74,1513.74,0,1,0,0.0
1925,1,2940.75,2940.75,2940.75,2940.75,1,0,0,0.0
2056,2,2354.26,3106.06,1602.46,4708.52,1,0,0,0.0
2884,2,2206.615,3658.4,754.83,4413.23,0,1,0,0.0
3324,3,2231.4866666666667,3809.79,111.7,6694.46,0,1,0,0.0
1448,3,2589.8133333333335,4274.31,1669.83,7769.44,1,1,0,0.0
2144,1,2003.57,2003.57,2003.57,2003.57,0,0,0,0.0
2409,1,1160.47,1160.47,1160.47,1160.47,0,0,0,0.0
3062,2,1767.93,1963.54,1572.32,3535.86,0,1,0,0.0
1116,1,2763.71,2763.71,2763.71,2763.71,0,1,0,0.0
2790,1,2619.39,2619.39,2619.39,2619.39,0,0,0,0.0
2020,3,2897.3966666666665,3227.98,2689.47,8692.19,0,0,0,0.0
1070,3,1712.6666666666667,2850.88,783.5,5138.0,2,0,0,0.0
2862,1,134.39,134.39,134.39,134.39,0,0,0,0.0
1029,2,4138.26,4892.38,3384.14,8276.52,1,1,0,0.0
1280,1,896.51,896.51,896.51,896.51,0,0,0,0.0
1068,1,4751.2,4751.2,4751.2,4751.2,0,1,0,0.0
2909,1,3496.03,3496.03,3496.03,3496.03,0,0,0,0.0
3183,4,2368.3375,3248.28,1937.74,9473.35,2,2,0,0.0
3166,1,623.48,623.48,623.48,623.48,0,1,0,0.0
4555,1,2628.89,2628.89,2628.89,2628.89,1,0,0,0.0
4384,2,2911.41,4950.16,872.66,5822.82,0,2,0,0.0
4612,1,499.0,499.0,499.0,499.0,0,1,0,0.0
2282,1,4886.31,4886.31,4886.31,4886.31,0,1,0,0.0
3638,2,2453.095,3136.09,1770.1,4906.19,0,2,0,0.0
4282,1,3151.43,3151.43,3151.43,3151.43,0,1,0,0.0
1211,1,3201.32,3201.32,3201.32,3201.32,0,1,0,0.0
3911,2,2083.185,2472.24,1694.13,4166.37,0,0,0,0.0
1393,1,791.24,791.24,791.24,791.24,0,0,0,0.0
2875,1,4830.26,4830.26,4830.26,4830.26,0,1,0,0.0
4227,1,2929.96,2929.96,2929.96,2929.96,1,0,0,0.0
1294,3,1847.9866666666667,3776.72,367.81,5543.96,1,1,0,0.0
3574,1,4979.76,4979.76,4979.76,4979.76,0,0,0,0.0
3004,3,4103.4366666666665,4920.49,3055.95,12310.31,0,2,0,0.0
3859,3,2291.17,3153.51,1184.26,6873.51,0,2,0,0.0
1876,2,1496.125,2776.48,215.77,2992.25,2,0,1,0.5
1304,1,4024.27,4024.27,4024.27,4024.27,1,0,0,0.0
1904,2,1362.49,2255.32,469.66,2724.98,1,0,0,0.0
1302,1,1666.74,1666.74,1666.74,1666.74,1,0,0,0.0
4080,1,4361.84,4361.84,4361.84,4361.84,0,1,0,0.0
2885,1,998.38,998.38,998.38,998.38,0,1,0,0.0
3353,3,1268.77,2985.24,135.26,3806.31,1,2,0,0.0
1512,1,570.0,570.0,570.0,570.0,0,0,0,0.0
2002,1,3663.72,3663.72,3663.72,3663.72,1,0,0,0.0
4782,1,1024.57,1024.57,1024.57,1024.57,0,1,0,0.0
4001,2,1224.165,2241.0,207.33,2448.33,0,1,0,0.0
2251,2,3287.425,3701.45,2873.4,6574.85,1,0,0,0.0
2589,1,763.85,763.85,763.85,763.85,0,1,0,0.0
4871,2,4719.025,4864.2,4573.85,9438.05,0,1,0,0.0
4366,3,1988.6666666666667,4526.27,88.89,5966.0,2,1,0,0.0
3270,2,2066.06,2696.34,1435.78,4132.12,0,1,1,0.5
1288,1,822.06,822.06,822.06,822.06,0,1,0,0.0
2070,2,2224.75,3475.91,973.59,4449.5,1,0,0,0.0
2048,1,3346.44,3346.44,3346.44,3346.44,0,1,0,0.0
3376,4,2256.6,4335.99,812.43,9026.4,1,3,0,0.0
3983,2,3456.855,4193.65,2720.06,6913.71,0,2,0,0.0
3024,4,2855.705,3555.4,1760.4,11422.82,2,1,0,0.0
1093,1,1199.81,1199.81,1199.81,1199.81,1,0,1,1.0
1076,2,2066.225,2664.41,1468.04,4132.45,1,0,0,0.0
3555,2,2087.62,3764.23,411.01,4175.24,1,0,0,0.0
4183,3,2097.9,4028.02,837.35,6293.7,0,1,0,0.0
3120,1,2454.87,2454.87,2454.87,2454.87,0,0,0,0.0
2340,2,2485.345,2552.62,2418.07,4970.69,1,0,0,0.0
1879,1,3464.28,3464.28,3464.28,3464.28,0,0,0,0.0
4833,1,4705.8,4705.8,4705.8,4705.8,0,0,0,0.0
1939,3,3696.1866666666665,4201.98,3194.47,11088.56,0,2,0,0.0
3663,1,169.72,169.72,169.72,169.72,1,0,0,0.0
1327,2,291.215,436.15,146.28,582.43,1,0,0,0.0
3408,1,2950.95,2950.95,2950.95,2950.95,1,0,0,0.0
3930,1,2555.94,2555.94,2555.94,2555.94,0,0,0,0.0
2637,2,1047.02,1405.01,689.03,2094.04,0,1,0,0.0
3544,1,4005.78,4005.78,4005.78,4005.78,0,0,0,0.0
2997,4,1766.2275,2525.76,293.64,7064.91,1,2,0,0.0
1225,1,432.58,432.58,432.58,432.58,0,1,0,0.0
3225,1,1706.07,1706.07,1706.07,1706.07,0,0,0,0.0
3314,3,3283.23,4471.14,2090.36,9849.69,1,1,0,0.0
2304,1,621.03,621.03,621.03,621.03,1,0,0,0.0
5000,1,2982.07,2982.07,2982.07,2982.07,0,1,0,0.0
3532,2,2983.59,3795.17,2172.01,5967.18,1,1,0,0.0
1731,1,1016.82,1016.82,1016.82,1016.82,0,1,0,0.0
4213,1,3934.3,3934.3,3934.3,3934.3,1,0,0,0.0
4367,1,2842.75,2842.75,2842.75,2842.75,1,0,0,0.0
3565,1,2649.27,2649.27,2649.27,2649.27,0,0,0,0.0
4858,2,4494.345,4960.71,4027.98,8988.69,0,2,0,0.0
3510,2,486.945,533.43,440.46,973.89,0,1,0,0.0
3022,2,1743.345,2151.59,1335.1,3486.69,1,1,0,0.0
1355,2,2598.8,4800.62,396.98,5197.6,1,0,0,0.0
4944,5,1590.486,4236.91,398.01,7952.43,1,2,0,0.0
3540,2,3791.13,3871.1,3711.16,7582.26,2,0,0,0.0
1867,1,2498.17,2498.17,2498.17,2498.17,0,1,0,0.0
3938,1,607.0,607.0,607.0,607.0,0,0,0,0.0
1014,1,2334.93,2334.93,2334.93,2334.93,0,0,0,0.0
4297,1,3168.72,3168.72,3168.72,3168.72,0,1,0,0.0
3489,1,3799.87,3799.87,3799.87,3799.87,0,1,0,0.0
1125,3,4345.223333333333,4821.33,3498.19,13035.67,2,0,0,0.0
3697,1,70.3,70.3,70.3,70.3,1,0,0,0.0
1715,2,3028.895,4013.27,2044.52,6057.79,1,0,0,0.0
4037,1,3994.67,3994.67,3994.67,3994.67,1,0,0,0.0
3221,1,1812.73,1812.73,1812.73,1812.73,1,0,1,1.0
4788,1,1851.64,1851.64,1851.64,1851.64,1,0,0,0.0
3858,1,4888.47,4888.47,4888.47,4888.47,1,0,0,0.0
4617,1,4277.25,4277.25,4277.25,4277.25,0,0,0,0.0
