transaction_id,customer_id,transaction_date,amount,merchant_category,transaction_type,location,is_fraud
1,3032,2022-02-10,3564.02,Entertainment,Transfer,Bangalore,0
2,4917,2023-03-21,2815.09,Retail,Credit,Hyderabad,0
3,4169,2023-06-10,1754.33,Travel,Transfer,Chennai,0
4,3027,2022-08-08,786.98,Healthcare,Transfer,Hyderabad,0
5,2917,2022-03-09,2473.94,Electronics,Credit,Mumbai,0
6,1215,2023-03-09,3921.03,Healthcare,Debit,Mumbai,0
7,3540,2022-02-16,3871.1,Electronics,Credit,Delhi,0
8,1026,2022-05-15,1465.55,Retail,Debit,Bangalore,0
9,1498,2023-02-07,1150.66,Retail,Transfer,Bangalore,0
10,1069,2023-11-22,2262.73,Retail,Transfer,Delhi,0
11,4133,2023-11-08,973.87,Food,Credit,Mumbai,0
12,1387,2023-02-02,3563.49,Retail,Debit,Delhi,0
13,2687,2023-01-31,1227.61,Food,Debit,Bangalore,0
14,1041,2022-10-13,172.73,Retail,Credit,Chennai,0
15,3900,2023-12-28,1733.79,Healthcare,Transfer,Hyderabad,0
16,3810,2023-04-25,1632.88,Retail,Credit,Mumbai,0
17,3238,2023-06-19,4458.07,Retail,Debit,Bangalore,0
18,1759,2022-08-17,4783.22,Healthcare,Transfer,Hyderabad,0
19,4966,2022-02-01,2348.91,Entertainment,Debit,Hyderabad,0
20,4712,2023-06-16,2940.75,Entertainment,Debit,Hyderabad,0
21,1479,2022-05-24,2206.21,Travel,Debit,Delhi,0
22,1540,2022-10-27,685.36,Food,Credit,Bangalore,0
23,2225,2023-09-29,3675.7,Electronics,Transfer,Delhi,0
24,2861,2023-06-08,4821.47,Retail,Debit,Chennai,0
25,2547,2022-02-15,3015.89,Travel,Credit,Hyderabad,0
26,1389,2023-08-21,3512.29,Food,Transfer,Bangalore,0
27,2866,2022-02-04,3975.08,Retail,Debit,Delhi,0
28,1308,2023-09-16,960.62,Electronics,Transfer,Bangalore,0
29,4757,2022-05-13,1645.98,Healthcare,Credit,Hyderabad,0
30,4588,2022-07-05,930.52,Entertainment,Credit,Delhi,0
31,3101,2022-10-17,2881.85,Electronics,Debit,Chennai,0
32,1874,2023-07-22,87.96,Food,Debit,Delhi,0
33,1391,2023-11-24,2885.51,Retail,Credit,Delhi,0
34,4062,2022-04-11,169.16,Retail,Debit,Delhi,0
35,2980,2022-03-05,4599.24,Healthcare,Credit,Bangalore,0
36,3588,2022-04-12,516.82,Entertainment,Credit,Mumbai,0
37,2706,2022-05-15,2423.8,Retail,Debit,Chennai,0
38,4485,2022-01-01,2755.84,Electronics,Credit,Mumbai,0
39,4702,2022-07-22,1488.94,Travel,Transfer,Chennai,0
40,4999,2023-09-22,2818.63,Travel,Transfer,Bangalore,0
41,4351,2023-10-09,1951.06,Electronics,Debit,Hyderabad,0
42,1169,2023-08-27,4822.61,Retail,Debit,Delhi,0
43,3770,2023-01-24,3210.17,Food,Credit,Chennai,0
44,1237,2022-09-02,2870.24,Entertainment,Credit,Mumbai,0
45,2040,2023-10-01,1457.74,Travel,Credit,Hyderabad,0
46,4338,2023-10-20,1751.78,Entertainment,Credit,Hyderabad,0
47,1477,2022-12-21,15.96,Entertainment,Transfer,Mumbai,0
48,3878,2022-05-30,3898.42,Food,Debit,Delhi,0
49,4986,2023-05-30,1033.04,Entertainment,Credit,Hyderabad,0
50,2966,2022-11-28,2450.08,Travel,Debit,Delhi,0
51,3083,2023-01-09,2150.8,Travel,Debit,Mumbai,0
52,3992,2022-10-05,1546.06,Travel,Transfer,Mumbai,0
53,3208,2023-06-23,3038.2,Entertainment,Credit,Mumbai,0
54,2185,2023-10-06,4656.92,Travel,Debit,Delhi,0
55,4605,2023-01-24,907.72,Entertainment,Debit,Chennai,0
56,4944,2023-02-22,2407.94,Entertainment,Debit,Delhi,0
57,2233,2022-09-04,492.41,Healthcare,Credit,Bangalore,0
58,1630,2023-06-06,1105.72,Entertainment,Credit,Mumbai,0
59,2274,2022-06-30,354.07,Travel,Credit,Mumbai,0
60,3946,2022-12-05,2798.12,Entertainment,Transfer,Mumbai,0
61,3947,2022-10-09,28.75,Travel,Credit,Mumbai,0
62,4968,2023-10-12,4793.66,Healthcare,Credit,Delhi,0
63,1441,2023-12-01,4915.71,Travel,Credit,Mumbai,0
64,2843,2022-04-11,4333.95,Retail,Debit,Chennai,0
65,2175,2022-06-21,2255.92,Electronics,Debit,Delhi,0
66,1240,2023-04-05,4887.35,Electronics,Credit,Bangalore,0
67,2214,2022-06-08,464.46,Retail,Credit,Mumbai,0
68,3217,2023-12-24,2614.18,Food,Transfer,Chennai,0
69,2644,2023-06-12,3892.39,Entertainment,Transfer,Delhi,0
70,4140,2022-05-26,978.11,Travel,Debit,Delhi,0
71,4257,2023-12-16,4087.3,Food,Credit,Mumbai,0
72,3212,2022-11-08,2014.28,Entertainment,Debit,Delhi,0
73,3121,2022-10-25,4295.29,Electronics,Transfer,Mumbai,0
74,4416,2022-01-06,4053.24,Travel,Credit,Bangalore,0
75,3698,2022-10-02,563.14,Food,Transfer,Bangalore,0
76,2969,2022-09-06,4237.06,Healthcare,Debit,Bangalore,0
77,2728,2022-07-29,2255.67,Food,Credit,Mumbai,0
78,4566,2023-10-27,1229.44,Travel,Transfer,Bangalore,0
79,4447,2023-12-28,3547.28,Travel,Transfer,Delhi,0
80,1827,2022-03-04,637.68,Food,Debit,Delhi,0
81,1937,2022-07-14,3253.19,Travel,Transfer,Mumbai,0
82,4668,2022-05-06,2698.88,Entertainment,Credit,Mumbai,0
83,1770,2022-09-15,2634.23,Electronics,Debit,Delhi,0
84,4637,2023-01-27,4565.31,Food,Transfer,Delhi,0
85,2211,2022-05-25,3674.09,Electronics,Credit,Mumbai,0
86,2412,2023-12-09,3914.52,Electronics,Transfer,Hyderabad,0
87,1822,2023-06-11,4749.89,Food,Transfer,Hyderabad,0
88,4113,2022-02-22,3479.23,Food,Credit,Hyderabad,0
89,3111,2022-04-20,68.86,Electronics,Debit,Bangalore,0
90,2756,2022-04-11,286.99,Entertainment,Credit,Mumbai,0
91,1478,2022-11-19,4942.11,Food,Credit,Mumbai,0
92,4449,2023-12-06,4703.07,Healthcare,Debit,Hyderabad,0
93,3886,2023-02-10,1850.59,Travel,Debit,Delhi,0
94,3067,2022-02-18,4696.27,Healthcare,Debit,Chennai,0
95,4743,2022-10-07,3736.73,Electronics,Debit,Chennai,0
96,2354,2023-09-21,2914.21,Entertainment,Transfer,Delhi,0
97,2136,2022-03-08,321.38,Retail,Debit,Hyderabad,0
98,1990,2023-06-08,3889.87,Retail,Credit,Bangalore,0
99,1708,2023-10-02,1120.42,Travel,Credit,Bangalore,0
100,3239,2022-03-30,4593.61,Healthcare,Transfer,Delhi,0
101,2880,2022-03-10,1187.13,Retail,Transfer,Mumbai,0
102,4070,2023-06-23,1445.91,Travel,Debit,Chennai,0
103,4442,2023-05-19,2185.28,Travel,Debit,Mumbai,0
104,3170,2023-08-10,4195.38,Electronics,Debit,Bangalore,0
105,2075,2022-08-03,629.91,Healthcare,Debit,Delhi,0
106,3094,2022-09-10,4900.91,Electronics,Debit,Chennai,0
107,1505,2023-07-07,2983.0,Retail,Debit,Hyderabad,0
108,1031,2023-11-04,2635.02,Healthcare,Transfer,Hyderabad,0
109,3963,2022-04-28,1991.65,Electronics,Transfer,Chennai,0
110,1344,2023-01-18,3433.78,Electronics,Credit,Chennai,0
111,2206,2022-06-15,174.0,Travel,Debit,Chennai,0
112,3494,2023-08-28,2734.09,Retail,Debit,Chennai,0
113,2719,2023-03-20,4985.26,Healthcare,Transfer,Mumbai,0
114,1958,2022-11-18,2589.9,Retail,Transfer,Delhi,0
115,3030,2023-09-16,4129.74,Retail,Credit,Delhi,0
116,2331,2022-02-16,1146.2,Retail,Debit,Bangalore,0
117,4133,2022-09-25,3826.45,Healthcare,Credit,Mumbai,0
118,4203,2022-03-18,3071.03,Entertainment,Credit,Chennai,0
119,3905,2023-05-25,202.8,Retail,Credit,Hyderabad,0
120,1499,2022-04-12,412.84,Healthcare,Transfer,Hyderabad,0
121,3452,2022-04-23,3502.91,Entertainment,Credit,Mumbai,0
122,1077,2023-10-09,4280.67,Healthcare,Credit,Delhi,0
123,3483,2023-01-06,4927.95,Food,Credit,Hyderabad,0
124,2985,2023-11-29,4721.5,Travel,Transfer,Hyderabad,0
125,2548,2023-09-23,2441.76,Electronics,Transfer,Delhi,0
126,1439,2022-01-25,4236.77,Entertainment,Debit,Hyderabad,0
127,2815,2023-06-02,4912.13,Retail,Debit,Bangalore,0
128,4131,2022-02-23,3871.96,Travel,Transfer,Delhi,0
129,1564,2023-08-14,1798.9,Healthcare,Debit,Mumbai,0
130,4486,2022-03-12,4862.16,Entertainment,Credit,Chennai,0
131,3953,2023-05-28,4088.14,Retail,Credit,Chennai,0
132,2573,2022-02-25,3260.34,Healthcare,Transfer,Hyderabad,0
133,4688,2022-06-18,2788.07,Healthcare,Transfer,Mumbai,0
134,2666,2023-01-09,237.8,Entertainment,Credit,Delhi,0
135,1630,2023-01-05,2462.6,Travel,Debit,Delhi,0
136,1453,2023-05-29,1864.99,Food,Transfer,Chennai,0
137,1592,2023-04-29,1812.08,Healthcare,Transfer,Mumbai,0
138,2195,2022-10-06,1081.44,Retail,Transfer,Mumbai,0
139,1712,2022-06-08,4717.72,Retail,Credit,Hyderabad,0
140,2843,2023-09-07,4401.82,Travel,Transfer,Mumbai,0
141,2384,2022-09-29,1087.42,Entertainment,Transfer,Mumbai,0
142,2905,2023-04-25,549.04,Electronics,Transfer,Delhi,0
143,1633,2022-12-15,2938.1,Entertainment,Credit,Chennai,0
144,4143,2022-05-27,4397.78,Retail,Debit,Delhi,0
145,1274,2022-12-15,1248.52,Food,Transfer,Delhi,1
146,2896,2023-02-05,4135.69,Food,Credit,Hyderabad,0
147,1810,2023-04-25,4203.5,Entertainment,Credit,Hyderabad,0
148,3081,2023-06-28,1642.93,Healthcare,Credit,Mumbai,0
149,3254,2022-05-05,3601.46,Food,Debit,Chennai,0
150,3139,2022-02-24,3662.51,Travel,Transfer,Hyderabad,0
151,2492,2023-12-26,1684.78,Electronics,Credit,Bangalore,0
152,1346,2022-07-31,3131.91,Entertainment,Transfer,Hyderabad,0
153,4959,2022-09-27,3675.76,Electronics,Credit,Hyderabad,0
154,2412,2023-01-06,4968.67,Electronics,Credit,Delhi,0
155,1652,2023-08-16,1483.96,Electronics,Transfer,Bangalore,0
156,3464,2022-11-06,3846.91,Retail,Transfer,Mumbai,0
157,3986,2022-04-25,4918.05,Electronics,Transfer,Delhi,0
158,2344,2023-09-18,4670.83,Travel,Transfer,Delhi,0
159,4166,2022-08-02,1384.67,Food,Debit,Chennai,0
160,3396,2022-12-13,918.86,Travel,Transfer,Delhi,0
161,3891,2022-03-06,2951.66,Electronics,Debit,Chennai,0
162,3678,2023-12-22,2079.74,Entertainment,Transfer,Bangalore,0
163,3100,2023-07-10,2951.09,Healthcare,Credit,Delhi,0
164,2079,2023-11-16,2579.53,Entertainment,Credit,Hyderabad,0
165,1677,2022-01-15,463.94,Entertainment,Transfer,Hyderabad,0
166,1303,2023-08-22,1948.54,Healthcare,Credit,Bangalore,0
167,2766,2023-01-09,2119.38,Healthcare,Credit,Delhi,0
168,3885,2023-06-17,779.39,Retail,Debit,Hyderabad,0
169,4907,2023-10-23,2059.31,Healthcare,Debit,Mumbai,0
170,1092,2023-10-10,2535.67,Travel,Transfer,Chennai,0
171,4171,2022-08-15,4833.29,Retail,Debit,Delhi,0
172,3709,2022-11-20,4563.21,Food,Debit,Chennai,0
173,1584,2023-10-15,1560.27,Food,Debit,Hyderabad,0
174,1231,2022-01-20,1899.75,Healthcare,Credit,Chennai,0
175,1845,2022-03-14,4436.62,Electronics,Transfer,Delhi,0
176,4028,2022-07-13,172.55,Healthcare,Credit,Hyderabad,0
177,4640,2022-06-19,4252.64,Electronics,Transfer,Bangalore,0
178,2131,2023-10-30,3966.74,Retail,Transfer,Chennai,0
179,3360,2023-09-15,413.22,Entertainment,Debit,Mumbai,0
180,1898,2023-03-18,970.43,Retail,Debit,Bangalore,0
181,1690,2023-12-14,3765.5,Food,Transfer,Hyderabad,0
182,2006,2022-06-22,3624.41,Food,Transfer,Hyderabad,0
183,4905,2023-07-10,2913.07,Retail,Debit,Mumbai,0
184,4338,2023-07-05,4154.14,Entertainment,Transfer,Bangalore,0
185,1152,2022-04-02,213.69,Entertainment,Debit,Bangalore,0
186,1528,2022-05-06,2494.84,Entertainment,Transfer,Delhi,0
187,4566,2023-04-15,1926.37,Retail,Credit,Mumbai,0
188,2527,2023-10-03,3455.79,Electronics,Credit,Delhi,0
189,2111,2023-08-29,880.77,Healthcare,Transfer,Delhi,0
190,4374,2022-11-01,18.82,Travel,Credit,Mumbai,0
191,2780,2022-08-10,4245.32,Food,Debit,Chennai,0
192,3570,2023-04-12,1783.7,Entertainment,Transfer,Chennai,0
193,4488,2022-12-31,898.63,Electronics,Debit,Hyderabad,0
194,1413,2022-03-26,4655.56,Travel,Credit,Mumbai,0
195,2499,2023-09-01,4308.55,Healthcare,Debit,Chennai,0
196,4729,2023-11-19,1381.36,Entertainment,Transfer,Bangalore,1
197,4129,2023-06-26,2712.68,Retail,Credit,Mumbai,0
198,2932,2023-08-26,3750.79,Healthcare,Debit,Chennai,0
199,1036,2022-05-16,2771.24,Electronics,Debit,Bangalore,1
200,2066,2022-10-01,44.01,Travel,Transfer,Delhi,0
201,3986,2023-03-25,4095.7,Travel,Credit,Bangalore,0
202,1797,2022-03-01,2114.58,Travel,Debit,Delhi,0
203,4374,2023-03-06,4932.55,Travel,Transfer,Chennai,0
204,3314,2022-06-16,3288.19,Electronics,Debit,Bangalore,0
205,1392,2023-09-19,3427.6,Healthcare,Credit,Mumbai,0
206,1968,2023-07-02,1722.99,Electronics,Credit,Hyderabad,0
207,4463,2023-12-31,3366.91,Entertainment,Debit,Bangalore,0
208,4699,2023-12-07,34.62,Entertainment,Credit,Delhi,0
209,4870,2023-04-28,128.37,Travel,Debit,Bangalore,0
210,3072,2022-09-21,208.72,Retail,Transfer,Mumbai,0
211,3527,2022-04-29,2692.65,Entertainment,Credit,Hyderabad,0
212,2462,2023-07-09,1664.06,Healthcare,Transfer,Bangalore,0
213,2905,2023-12-03,2610.82,Electronics,Debit,Delhi,0
214,4996,2022-09-01,657.21,Electronics,Transfer,Bangalore,0
215,3847,2022-09-07,4475.14,Travel,Debit,Delhi,0
216,3742,2022-07-19,2576.82,Travel,Debit,Chennai,0
217,3315,2022-12-22,2003.16,Healthcare,Transfer,Delhi,0
218,2809,2023-02-18,4924.52,Food,Debit,Chennai,0
219,1448,2023-09-04,4274.31,Travel,Credit,Chennai,0
220,4351,2023-01-29,633.24,Healthcare,Transfer,Chennai,0
221,2199,2023-10-25,1365.18,Healthcare,Debit,Hyderabad,0
222,2424,2023-05-27,82.6,Travel,Transfer,Bangalore,0
223,4975,2022-02-25,1861.29,Healthcare,Debit,Bangalore,0
224,2398,2023-07-16,2070.25,Travel,Debit,Chennai,0
225,1937,2023-09-03,3964.99,Healthcare,Credit,Hyderabad,0
226,2565,2022-12-09,3055.22,Entertainment,Debit,Bangalore,0
227,4705,2023-02-18,2106.93,Retail,Debit,Chennai,0
228,1555,2023-05-18,792.89,Retail,Transfer,Hyderabad,1
229,1646,2022-03-13,3147.9,Travel,Credit,Bangalore,0
230,1236,2023-03-30,3283.12,Entertainment,Transfer,Hyderabad,0
231,2572,2022-09-07,300.58,Retail,Credit,Hyderabad,0
232,4250,2022-08-21,26.74,Food,Credit,Mumbai,0
233,2510,2022-07-13,2587.92,Retail,Transfer,Chennai,0
234,2833,2022-01-10,3059.64,Food,Transfer,Delhi,0
235,2676,2022-09-14,829.95,Travel,Credit,Mumbai,0
236,3847,2023-10-24,3254.85,Retail,Credit,Delhi,0
237,1239,2022-09-06,4919.62,Food,Debit,Chennai,0
238,3266,2023-02-26,684.56,Food,Credit,Chennai,0
239,1423,2023-04-27,4022.42,Electronics,Credit,Chennai,0
240,4534,2022-09-30,4108.0,Healthcare,Debit,Chennai,0
241,2824,2022-08-19,3218.05,Retail,Credit,Bangalore,0
242,2943,2022-09-24,539.76,Healthcare,Credit,Mumbai,0
243,4217,2023-03-21,3600.79,Healthcare,Credit,Chennai,0
244,2831,2022-06-14,3616.38,Healthcare,Credit,Mumbai,0
245,4163,2022-07-17,197.53,Retail,Transfer,Hyderabad,0
246,3936,2022-06-19,3870.75,Entertainment,Debit,Chennai,0
247,4277,2023-06-19,3360.47,Retail,Debit,Chennai,0
248,2644,2022-05-05,3255.06,Healthcare,Debit,Delhi,0
249,1900,2023-06-29,4091.31,Electronics,Debit,Delhi,0
250,1862,2022-03-02,1782.24,Entertainment,Credit,Hyderabad,0
251,2907,2022-08-14,1596.2,Travel,Debit,Hyderabad,0
252,2234,2023-10-16,514.4,Food,Credit,Delhi,0
253,2391,2023-04-07,2163.06,Healthcare,Transfer,Hyderabad,0
254,2135,2022-05-11,4704.3,Travel,Credit,Chennai,0
255,4844,2023-03-26,681.74,Retail,Transfer,Mumbai,0
256,1713,2023-12-17,3792.94,Healthcare,Credit,Hyderabad,0
257,1584,2022-04-02,1134.5,Healthcare,Transfer,Mumbai,0
258,2574,2022-04-21,359.49,Travel,Debit,Mumbai,0
259,2116,2023-06-18,4229.36,Food,Debit,Hyderabad,0
260,2310,2023-05-26,173.84,Healthcare,Transfer,Chennai,0
261,2133,2022-09-10,1457.6,Food,Transfer,Chennai,0
262,2411,2023-04-19,3096.08,Entertainment,Transfer,Chennai,0
263,3917,2022-07-23,1401.18,Healthcare,Transfer,Chennai,0
264,2735,2023-04-18,3345.17,Retail,Credit,Hyderabad,0
265,2594,2023-05-21,3792.48,Retail,Credit,Chennai,0
266,3922,2023-01-26,357.14,Entertainment,Transfer,Mumbai,0
267,4057,2023-02-23,3202.21,Healthcare,Credit,Mumbai,0
268,3308,2023-01-07,3939.18,Retail,Transfer,Hyderabad,0
269,1070,2022-07-04,783.5,Entertainment,Credit,Chennai,0
270,4416,2023-10-13,3473.11,Healthcare,Transfer,Hyderabad,0
271,3288,2023-06-08,2268.93,Healthcare,Credit,Hyderabad,0
272,1048,2023-09-10,3359.92,Healthcare,Debit,Bangalore,0
273,2759,2023-09-18,4157.13,Retail,Credit,Bangalore,0
274,2966,2022-01-01,2394.6,Electronics,Credit,Mumbai,0
275,3623,2023-05-05,3930.35,Electronics,Credit,Bangalore,0
276,1449,2023-04-04,3590.67,Healthcare,Credit,Bangalore,0
277,2551,2023-12-12,4899.11,Entertainment,Debit,Hyderabad,0
278,1558,2022-07-16,4611.91,Electronics,Credit,Delhi,0
279,2910,2022-07-07,1209.62,Entertainment,Credit,Bangalore,0
280,2328,2022-07-18,312.5,Entertainment,Transfer,Hyderabad,1
281,3738,2023-02-09,2968.19,Healthcare,Credit,Delhi,0
282,3236,2022-08-28,2303.28,Retail,Debit,Hyderabad,0
283,3843,2023-11-07,1226.01,Retail,Debit,Mumbai,0
284,4413,2023-06-23,3965.78,Electronics,Credit,Delhi,1
285,4166,2022-01-28,553.49,Travel,Debit,Bangalore,0
286,4625,2023-09-05,3759.38,Travel,Credit,Delhi,0
287,2235,2022-11-20,2609.32,Retail,Debit,Delhi,0
288,3487,2023-10-17,3358.04,Retail,Credit,Bangalore,0
289,3057,2022-04-29,4031.27,Food,Debit,Bangalore,0
290,4639,2023-08-05,1386.82,Electronics,Debit,Mumbai,0
291,4590,2023-01-19,2139.64,Healthcare,Debit,Hyderabad,0
292,4194,2023-01-17,1787.86,Electronics,Credit,Mumbai,0
293,1355,2023-09-13,396.98,Healthcare,Transfer,Chennai,0
294,4417,2023-04-24,4032.83,Retail,Credit,Hyderabad,0
295,1409,2023-06-04,4823.21,Food,Credit,Chennai,0
296,4303,2022-01-28,2811.79,Retail,Debit,Bangalore,0
297,1323,2023-08-02,61.77,Entertainment,Debit,Delhi,0
298,2502,2023-07-15,703.23,Retail,Transfer,Mumbai,1
299,4679,2022-07-06,4312.58,Travel,Transfer,Delhi,0
300,4619,2023-10-14,2879.9,Electronics,Credit,Hyderabad,0
301,1010,2023-05-22,1937.67,Food,Credit,Hyderabad,0
302,4617,2022-01-09,4277.25,Travel,Transfer,Hyderabad,0
303,3330,2023-10-13,1742.43,Healthcare,Debit,Delhi,0
304,1817,2023-11-25,3571.27,Healthcare,Transfer,Delhi,0
305,4587,2022-04-09,906.84,Electronics,Transfer,Hyderabad,0
306,1773,2022-04-04,1572.74,Electronics,Credit,Mumbai,0
307,2864,2022-01-07,3077.3,Healthcare,Transfer,Bangalore,0
308,4462,2022-07-25,3040.11,Healthcare,Transfer,Chennai,0
309,3686,2022-11-25,3546.12,Food,Credit,Chennai,0
310,1368,2023-07-31,257.24,Food,Transfer,Chennai,0
311,4255,2022-03-27,1674.15,Retail,Debit,Chennai,0
312,1028,2023-12-28,4572.72,Electronics,Debit,Chennai,0
313,1518,2023-09-26,2758.51,Retail,Transfer,Hyderabad,0
314,1792,2022-03-24,1229.33,Electronics,Debit,Delhi,0
315,1362,2022-12-18,4989.14,Travel,Transfer,Mumbai,0
316,2854,2022-04-02,3006.81,Retail,Transfer,Chennai,0
317,2540,2022-12-03,3844.51,Travel,Transfer,Chennai,0
318,3271,2022-11-05,1010.14,Food,Transfer,Hyderabad,0
319,4250,2023-09-07,3296.32,Entertainment,Transfer,Mumbai,0
320,2397,2023-01-30,2020.35,Entertainment,Debit,Chennai,0
321,2155,2022-07-31,301.6,Retail,Credit,Chennai,0
322,1942,2023-09-27,4778.63,Travel,Transfer,Bangalore,0
323,2161,2023-12-16,2748.72,Retail,Debit,Bangalore,0
324,3490,2023-05-22,4116.14,Electronics,Credit,Hyderabad,0
325,3581,2023-10-07,480.73,Electronics,Transfer,Hyderabad,0
326,2675,2023-10-11,3578.25,Electronics,Transfer,Hyderabad,0
327,2332,2022-11-08,3758.43,Healthcare,Debit,Mumbai,0
328,2157,2022-04-03,1941.29,Healthcare,Transfer,Delhi,0
329,1087,2022-12-16,3253.68,Travel,Debit,Delhi,0
330,4815,2022-11-14,2764.25,Travel,Transfer,Mumbai,0
331,2742,2023-06-27,4512.06,Healthcare,Credit,Mumbai,0
332,2761,2022-10-25,3411.14,Healthcare,Transfer,Chennai,1
333,2857,2022-04-10,4058.9,Travel,Credit,Delhi,0
334,4121,2023-02-10,4542.75,Entertainment,Transfer,Bangalore,0
335,1979,2023-11-20,2360.43,Retail,Credit,Hyderabad,0
336,1025,2022-08-14,2924.45,Healthcare,Credit,Mumbai,0
337,3191,2022-03-02,667.73,Electronics,Debit,Hyderabad,0
338,3935,2023-05-16,1884.03,Electronics,Credit,Delhi,0
339,4666,2023-06-18,776.69,Travel,Transfer,Chennai,0
340,4727,2023-05-13,1372.22,Food,Transfer,Mumbai,0
341,1975,2022-12-17,4498.47,Food,Transfer,Chennai,0
342,4047,2022-03-27,1107.75,Food,Debit,Mumbai,0
343,3204,2023-04-28,304.63,Retail,Credit,Delhi,0
344,1973,2023-01-26,297.82,Food,Transfer,Hyderabad,0
345,3337,2022-03-28,4507.14,Travel,Credit,Mumbai,0
346,1005,2023-01-05,179.66,Entertainment,Credit,Bangalore,0
347,2124,2023-05-19,2210.76,Electronics,Debit,Delhi,0
348,1196,2022-07-26,774.85,Food,Debit,Chennai,0
349,2166,2023-05-10,1780.09,Food,Credit,Mumbai,0
350,2644,2022-12-03,3474.69,Entertainment,Transfer,Chennai,0
351,3880,2023-08-12,2214.81,Retail,Debit,Hyderabad,0
352,1191,2023-09-03,419.28,Electronics,Transfer,Bangalore,0
353,1564,2022-11-18,505.12,Electronics,Debit,Mumbai,0
354,4173,2023-07-27,1527.84,Electronics,Credit,Mumbai,0
355,3803,2022-01-14,1960.93,Healthcare,Transfer,Mumbai,0
356,1377,2022-05-10,1862.61,Healthcare,Transfer,Bangalore,0
357,3216,2023-03-23,2268.13,Entertainment,Credit,Hyderabad,0
358,4613,2023-11-11,3097.86,Electronics,Debit,Hyderabad,0
359,2125,2023-02-18,1020.79,Travel,Debit,Mumbai,0
360,4600,2023-07-09,232.95,Electronics,Debit,Mumbai,0
361,3552,2023-05-05,4804.55,Retail,Debit,Bangalore,0
362,4615,2022-10-03,540.18,Healthcare,Debit,Delhi,0
363,2031,2022-11-12,1625.21,Healthcare,Debit,Mumbai,0
364,4857,2022-04-06,1302.36,Healthcare,Credit,Mumbai,0
365,2986,2022-05-20,1764.96,Retail,Debit,Delhi,0
366,3801,2022-02-14,4154.72,Electronics,Credit,Hyderabad,0
367,1974,2023-05-13,677.1,Food,Debit,Bangalore,0
368,4151,2022-07-10,2106.06,Healthcare,Debit,Bangalore,0
369,2560,2023-02-19,2004.48,Electronics,Debit,Hyderabad,0
370,3148,2022-06-27,76.54,Food,Transfer,Mumbai,0
371,3422,2022-05-18,2839.06,Travel,Credit,Mumbai,0
372,1097,2023-08-06,3770.76,Food,Credit,Mumbai,0
373,3166,2023-10-19,623.48,Food,Debit,Chennai,0
374,2372,2022-01-30,62.79,Entertainment,Credit,Delhi,0
375,4721,2022-02-16,2841.11,Entertainment,Debit,Hyderabad,0
376,1680,2022-06-14,4062.49,Travel,Credit,Chennai,0
377,2251,2022-04-19,3701.45,Electronics,Credit,Chennai,0
378,3583,2023-02-20,4039.4,Entertainment,Debit,Delhi,0
379,1177,2023-02-01,4676.27,Retail,Credit,Bangalore,0
380,2369,2023-11-23,3014.96,Electronics,Debit,Hyderabad,0
381,3938,2022-11-18,607.0,Electronics,Transfer,Mumbai,0
382,4006,2023-09-22,3329.17,Entertainment,Credit,Chennai,0
383,4817,2022-07-05,2931.87,Entertainment,Transfer,Delhi,0
384,2335,2023-03-17,4379.05,Healthcare,Transfer,Chennai,0
385,1715,2022-01-03,2044.52,Electronics,Credit,Bangalore,0
386,3763,2022-12-19,1090.29,Travel,Debit,Delhi,0
387,1088,2023-10-12,530.16,Electronics,Transfer,Bangalore,0
388,2060,2023-06-02,1209.4,Food,Debit,Chennai,0
389,1969,2023-05-10,2084.69,Travel,Credit,Mumbai,0
390,2109,2022-07-10,1004.08,Entertainment,Credit,Delhi,0
391,3598,2022-11-22,476.57,Electronics,Debit,Bangalore,1
392,3117,2022-07-14,1577.22,Electronics,Debit,Delhi,0
393,3142,2023-03-05,1829.05,Food,Debit,Delhi,0
394,4877,2023-11-18,2490.33,Healthcare,Transfer,Delhi,0
395,3121,2023-03-09,304.74,Electronics,Transfer,Delhi,0
396,2830,2022-12-06,2272.23,Retail,Transfer,Delhi,0
397,3627,2023-04-01,3263.58,Retail,Credit,Bangalore,0
398,2637,2023-10-03,1405.01,Food,Transfer,Chennai,0
399,4045,2022-01-06,2943.12,Retail,Debit,Hyderabad,0
400,1405,2023-07-20,121.87,Food,Transfer,Delhi,0
401,4001,2022-07-23,2241.0,Retail,Debit,Chennai,0
402,1955,2022-08-29,788.61,Travel,Credit,Mumbai,0
403,4895,2022-04-05,4273.29,Travel,Credit,Mumbai,0
404,4073,2023-02-17,3683.74,Food,Credit,Chennai,0
405,3444,2022-12-03,589.67,Travel,Debit,Delhi,0
406,3081,2022-08-09,2880.02,Entertainment,Credit,Delhi,0
407,1375,2022-07-03,1159.95,Healthcare,Debit,Hyderabad,0
408,3383,2022-08-23,1519.61,Travel,Transfer,Mumbai,0
409,2608,2023-02-26,2342.89,Retail,Transfer,Hyderabad,0
410,2304,2023-01-07,621.03,Food,Credit,Hyderabad,0
411,1451,2022-10-03,1818.58,Travel,Debit,Delhi,0
412,4918,2022-09-14,2512.27,Travel,Credit,Delhi,0
413,1145,2023-12-10,2267.23,Travel,Transfer,Mumbai,0
414,4478,2023-10-29,3372.04,Retail,Credit,Hyderabad,0
415,2154,2022-08-16,1967.82,Travel,Debit,Bangalore,0
416,3807,2023-09-12,1498.09,Electronics,Credit,Chennai,0
417,4569,2023-08-01,3288.14,Food,Transfer,Bangalore,0
418,3781,2022-09-23,1181.56,Food,Credit,Mumbai,0
419,1218,2022-05-05,4887.17,Electronics,Debit,Delhi,0
420,3989,2023-06-22,4215.09,Electronics,Credit,Bangalore,0
421,3670,2023-03-16,1322.49,Food,Debit,Bangalore,0
422,4081,2022-02-21,2136.49,Electronics,Debit,Delhi,0
423,4188,2023-06-26,848.13,Healthcare,Credit,Delhi,0
424,2269,2023-06-04,2522.71,Food,Credit,Mumbai,0
425,3259,2022-08-19,4744.84,Healthcare,Credit,Bangalore,0
426,3105,2022-12-10,1645.69,Healthcare,Credit,Delhi,0
427,3824,2022-06-22,764.42,Food,Debit,Hyderabad,0
428,3559,2022-03-20,300.16,Retail,Debit,Chennai,0
429,1252,2023-02-20,4255.57,Electronics,Credit,Bangalore,0
430,3005,2022-06-29,1780.34,Entertainment,Credit,Delhi,0
431,4417,2022-10-06,1822.28,Travel,Credit,Chennai,0
432,3835,2023-10-07,2127.78,Electronics,Debit,Bangalore,0
433,3903,2022-09-16,614.88,Entertainment,Transfer,Hyderabad,0
434,4565,2022-11-01,1370.85,Food,Transfer,Mumbai,0
435,4921,2022-06-12,1041.15,Retail,Transfer,Hyderabad,0
436,2125,2023-09-23,882.58,Retail,Debit,Chennai,0
437,2616,2023-01-17,1909.19,Entertainment,Debit,Bangalore,0
438,4053,2022-08-04,4176.39,Travel,Debit,Hyderabad,0
439,1792,2023-11-25,579.29,Travel,Transfer,Mumbai,0
440,3327,2022-09-25,2242.82,Travel,Credit,Hyderabad,1
441,2074,2022-06-20,806.02,Healthcare,Debit,Bangalore,0
442,4867,2023-06-20,640.79,Food,Transfer,Bangalore,0
443,1612,2022-12-03,3523.25,Travel,Credit,Mumbai,0
444,4904,2023-10-09,3911.97,Entertainment,Debit,Chennai,0
445,2788,2023-12-01,2207.39,Travel,Credit,Mumbai,0
446,1061,2023-12-03,2712.9,Food,Credit,Mumbai,1
447,1893,2022-04-04,2500.25,Electronics,Transfer,Hyderabad,0
448,3346,2022-12-04,2665.83,Retail,Transfer,Hyderabad,0
449,1077,2023-08-27,2884.71,Electronics,Transfer,Hyderabad,0
450,2266,2023-06-27,1627.84,Food,Debit,Delhi,0
451,1612,2022-07-31,4726.18,Healthcare,Debit,Mumbai,0
452,4061,2022-05-24,2697.42,Healthcare,Transfer,Bangalore,0
453,3726,2022-01-20,3624.43,Entertainment,Transfer,Mumbai,0
454,2719,2023-04-23,4772.77,Travel,Credit,Hyderabad,0
455,4326,2022-03-14,1706.47,Retail,Transfer,Hyderabad,0
456,3473,2022-09-15,4535.01,Electronics,Credit,Hyderabad,0
457,2130,2023-11-24,2984.76,Healthcare,Credit,Mumbai,0
458,4457,2023-10-14,4497.34,Travel,Credit,Hyderabad,0
459,2043,2023-10-20,2966.68,Healthcare,Credit,Chennai,0
460,2021,2022-09-03,1379.0,Electronics,Debit,Mumbai,0
461,1454,2023-02-12,3867.6,Electronics,Debit,Mumbai,0
462,3376,2023-03-04,2635.57,Electronics,Debit,Bangalore,0
463,2454,2023-08-17,4246.67,Travel,Debit,Bangalore,0
464,3617,2023-12-09,2252.35,Electronics,Credit,Bangalore,0
465,2087,2023-09-10,2989.74,Retail,Credit,Chennai,0
466,3789,2023-02-27,1244.94,Food,Transfer,Mumbai,0
467,2802,2023-04-21,3808.04,Travel,Credit,Chennai,0
468,3184,2023-01-07,2003.86,Food,Transfer,Hyderabad,0
469,4843,2022-08-18,1784.16,Travel,Credit,Hyderabad,0
470,2438,2023-06-11,2561.85,Retail,Transfer,Chennai,1
471,3025,2022-03-19,3109.2,Retail,Credit,Chennai,1
472,4523,2022-07-15,4511.32,Retail,Credit,Bangalore,0
473,4784,2022-02-02,2685.4,Retail,Transfer,Hyderabad,0
474,3175,2023-01-04,2595.2,Food,Debit,Delhi,0
475,2617,2023-03-10,4994.55,Retail,Transfer,Mumbai,0
476,3943,2022-01-27,99.09,Healthcare,Credit,Delhi,0
477,2454,2023-03-09,2188.07,Healthcare,Transfer,Chennai,0
478,2809,2023-09-22,4582.94,Entertainment,Transfer,Hyderabad,0
479,3585,2022-11-03,4558.45,Food,Transfer,Delhi,0
480,4421,2023-11-24,3309.65,Entertainment,Debit,Mumbai,0
481,1336,2022-09-11,385.83,Healthcare,Transfer,Bangalore,0
482,3738,2023-07-08,2596.74,Healthcare,Debit,Mumbai,0
483,4934,2023-03-08,3197.7,Travel,Transfer,Hyderabad,0
484,4948,2023-11-20,4298.11,Electronics,Credit,Mumbai,0
485,3662,2023-06-15,49.03,Entertainment,Debit,Bangalore,0
486,2855,2022-04-01,4225.95,Healthcare,Credit,Bangalore,1
487,2389,2022-12-08,1047.85,Travel,Credit,Delhi,0
488,2046,2023-02-25,581.54,Retail,Transfer,Mumbai,0
489,3025,2023-01-05,707.33,Healthcare,Transfer,Delhi,0
490,4611,2023-11-24,4100.5,Food,Debit,Chennai,0
491,2756,2023-05-02,973.13,Travel,Transfer,Delhi,0
492,4000,2022-06-07,1996.41,Electronics,Credit,Delhi,0
493,4029,2022-02-05,169.9,Healthcare,Credit,Delhi,0
494,1080,2023-07-21,3854.61,Retail,Credit,Hyderabad,0
495,4552,2023-09-18,3515.84,Retail,Transfer,Delhi,0
496,2617,2022-01-20,4599.76,Healthcare,Debit,Bangalore,0
497,1640,2022-09-11,512.21,Retail,Transfer,Chennai,0
498,2942,2022-07-15,659.23,Travel,Debit,Hyderabad,0
499,1946,2022-03-23,3904.0,Healthcare,Credit,Hyderabad,0
500,1574,2022-05-30,4145.38,Healthcare,Credit,Bangalore,0
501,1790,2023-09-12,1619.71,Electronics,Transfer,Chennai,0
502,4416,2022-11-19,3050.3,Entertainment,Transfer,Mumbai,0
503,3452,2022-08-02,3843.74,Food,Debit,Mumbai,0
504,4633,2022-04-11,2302.26,Electronics,Transfer,Delhi,0
505,2406,2022-08-26,651.17,Entertainment,Transfer,Mumbai,0
506,4940,2023-07-04,3254.47,Entertainment,Transfer,Chennai,0
507,4180,2023-06-12,2083.27,Electronics,Debit,Hyderabad,0
508,4909,2022-11-22,944.83,Entertainment,Credit,Mumbai,0
509,2917,2022-12-15,4987.97,Electronics,Debit,Hyderabad,0
510,1027,2022-06-18,3400.54,Electronics,Debit,Chennai,0
511,3828,2023-05-13,568.72,Travel,Credit,Delhi,0
512,1215,2022-05-21,1322.81,Entertainment,Transfer,Chennai,0
513,1992,2023-06-28,2131.55,Entertainment,Credit,Mumbai,0
514,1831,2023-08-11,3949.71,Entertainment,Credit,Bangalore,0
515,3715,2023-09-13,3066.51,Entertainment,Debit,Delhi,0
516,4279,2023-02-20,462.95,Retail,Transfer,Chennai,0
517,1959,2023-12-23,605.82,Healthcare,Credit,Delhi,1
518,3047,2023-02-04,2044.5,Electronics,Credit,Delhi,0
519,1848,2022-02-25,3765.44,Entertainment,Transfer,Delhi,0
520,4366,2023-11-04,1350.84,Travel,Debit,Bangalore,0
521,3291,2023-12-10,3949.91,Healthcare,Transfer,Delhi,0
522,4429,2023-02-27,494.57,Food,Debit,Chennai,0
523,3687,2022-06-18,2155.1,Electronics,Transfer,Chennai,0
524,3616,2022-06-07,3516.57,Electronics,Transfer,Mumbai,0
525,2355,2022-08-17,3852.59,Electronics,Credit,Chennai,0
526,1243,2023-08-14,4770.13,Entertainment,Transfer,Chennai,0
527,2145,2022-07-01,1522.87,Retail,Credit,Mumbai,0
528,3151,2023-08-07,4971.28,Retail,Credit,Hyderabad,0
529,2971,2022-08-08,139.27,Healthcare,Credit,Hyderabad,0
530,3567,2023-05-04,2527.5,Retail,Debit,Delhi,0
531,1149,2023-06-23,1473.48,Retail,Debit,Bangalore,0
532,3657,2022-05-10,555.38,Retail,Credit,Bangalore,0
533,4154,2022-05-18,4129.52,Retail,Debit,Bangalore,0
534,3156,2022-06-09,4543.7,Electronics,Credit,Chennai,0
535,1347,2023-04-11,361.94,Travel,Credit,Delhi,0
536,2847,2023-02-08,49.99,Food,Credit,Hyderabad,0
537,4822,2022-05-29,1526.45,Electronics,Transfer,Delhi,0
538,3512,2022-10-15,402.26,Travel,Transfer,Hyderabad,0
539,2609,2023-11-23,3685.73,Electronics,Debit,Mumbai,0
540,1845,2023-11-17,2614.23,Healthcare,Transfer,Bangalore,0
541,4123,2022-10-16,1868.74,Electronics,Transfer,Mumbai,0
542,3742,2022-07-23,681.08,Retail,Debit,Hyderabad,0
543,4662,2023-02-02,4741.71,Healthcare,Transfer,Hyderabad,0
544,4251,2022-04-03,501.85,Electronics,Debit,Hyderabad,0
545,2592,2023-12-17,2250.14,Entertainment,Debit,Delhi,0
546,2091,2022-10-15,1597.52,Travel,Transfer,Mumbai,0
547,3649,2022-04-28,4167.8,Electronics,Transfer,Hyderabad,0
548,2985,2023-12-25,1545.17,Healthcare,Transfer,Hyderabad,0
549,2653,2022-07-10,3571.94,Electronics,Transfer,Hyderabad,0
550,3563,2022-02-13,741.92,Retail,Transfer,Mumbai,0
551,1336,2023-11-06,4120.91,Healthcare,Transfer,Chennai,0
552,1369,2022-07-09,635.32,Entertainment,Credit,Delhi,0
553,4530,2023-08-10,4868.25,Travel,Debit,Chennai,0
554,1966,2022-04-20,4033.69,Retail,Credit,Chennai,0
555,4264,2023-07-14,2361.28,Electronics,Debit,Delhi,0
556,4796,2023-01-14,261.42,Travel,Debit,Hyderabad,0
557,4786,2023-09-11,3406.28,Food,Transfer,Hyderabad,0
558,4926,2023-12-18,2094.85,Healthcare,Credit,Chennai,0
559,3230,2022-08-22,2034.55,Travel,Credit,Bangalore,0
560,4230,2023-03-20,2321.12,Electronics,Transfer,Chennai,1
561,1383,2022-09-05,1199.06,Healthcare,Credit,Delhi,0
562,3564,2023-05-10,4537.32,Retail,Credit,Hyderabad,0
563,1172,2022-05-26,2199.88,Food,Credit,Chennai,0
564,4043,2023-03-20,4426.51,Food,Credit,Mumbai,0
565,2501,2022-08-29,1185.1,Retail,Transfer,Mumbai,0
566,1776,2022-12-19,1473.7,Electronics,Credit,Mumbai,0
567,4799,2023-02-17,2897.6,Entertainment,Credit,Hyderabad,0
568,3391,2022-10-13,705.28,Food,Transfer,Hyderabad,0
569,4079,2023-01-31,3940.4,Entertainment,Transfer,Delhi,0
570,2352,2022-12-24,3719.2,Travel,Credit,Chennai,0
571,3528,2022-12-03,4148.52,Electronics,Credit,Hyderabad,0
572,1342,2022-02-19,2288.48,Healthcare,Transfer,Chennai,0
573,2871,2022-01-09,2028.72,Travel,Debit,Delhi,0
574,2802,2022-08-13,444.69,Entertainment,Transfer,Hyderabad,0
575,4205,2022-02-18,874.22,Retail,Credit,Hyderabad,0
576,4733,2023-02-09,660.07,Electronics,Credit,Mumbai,0
577,2551,2022-01-23,2472.62,Electronics,Credit,Chennai,0
578,3020,2023-12-04,895.5,Electronics,Debit,Hyderabad,0
579,2124,2023-12-18,607.6,Retail,Credit,Bangalore,0
580,3220,2022-02-04,1432.76,Retail,Credit,Hyderabad,0
581,3846,2023-04-21,2314.11,Entertainment,Transfer,Mumbai,0
582,2861,2023-12-20,1590.45,Travel,Debit,Delhi,0
583,4447,2023-06-09,2892.8,Healthcare,Debit,Mumbai,0
584,3081,2023-01-09,4505.84,Entertainment,Debit,Delhi,0
585,3350,2023-09-15,3643.94,Entertainment,Transfer,Hyderabad,0
586,3497,2022-02-08,4979.16,Food,Debit,Delhi,0
587,4787,2022-09-03,1351.64,Electronics,Credit,Chennai,0
588,4089,2022-05-25,1961.4,Electronics,Debit,Delhi,0
589,3544,2023-01-02,4005.78,Retail,Transfer,Bangalore,0
590,2961,2023-02-17,1989.27,Entertainment,Transfer,Delhi,0
591,1142,2022-03-09,3586.81,Entertainment,Credit,Delhi,0
592,4193,2023-06-20,1222.99,Healthcare,Debit,Hyderabad,0
593,4710,2023-04-23,1682.28,Travel,Credit,Hyderabad,0
594,1483,2023-11-25,4538.12,Electronics,Credit,Mumbai,0
595,3933,2022-02-23,990.83,Entertainment,Credit,Delhi,0
596,3243,2023-02-15,480.8,Travel,Debit,Hyderabad,0
597,2074,2023-06-19,4702.49,Electronics,Debit,Bangalore,0
598,4652,2023-09-12,4921.98,Entertainment,Debit,Chennai,0
599,3859,2023-11-25,2535.74,Entertainment,Debit,Delhi,0
600,1752,2022-10-22,2564.62,Entertainment,Debit,Bangalore,0
601,1784,2022-10-06,400.59,Entertainment,Debit,Chennai,0
602,4736,2023-06-27,346.12,Healthcare,Credit,Delhi,0
603,1784,2023-09-23,2527.96,Electronics,Credit,Hyderabad,0
604,4466,2022-07-12,4322.57,Travel,Debit,Bangalore,0
605,3246,2023-03-31,4109.64,Entertainment,Debit,Delhi,0
606,4066,2023-11-13,1910.32,Healthcare,Debit,Delhi,0
607,1991,2023-06-22,3048.47,Entertainment,Credit,Delhi,0
608,2564,2022-03-03,3207.3,Retail,Debit,Delhi,0
609,3444,2023-12-05,2882.22,Healthcare,Transfer,Hyderabad,0
610,4782,2023-11-27,1024.57,Electronics,Debit,Delhi,0
611,3936,2023-01-04,2621.88,Food,Transfer,Bangalore,0
612,1710,2022-04-11,4710.01,Healthcare,Debit,Hyderabad,0
613,2782,2022-10-27,4839.15,Electronics,Credit,Hyderabad,0
614,1362,2022-08-18,489.73,Travel,Transfer,Hyderabad,0
615,2276,2022-09-25,1642.81,Electronics,Debit,Bangalore,0
616,4472,2022-10-20,585.1,Electronics,Credit,Delhi,0
617,2702,2022-11-23,2392.31,Retail,Debit,Chennai,0
618,3953,2022-05-24,3227.41,Electronics,Credit,Hyderabad,0
619,3952,2022-01-10,1181.1,Entertainment,Credit,Mumbai,0
620,3161,2022-09-05,4215.67,Entertainment,Debit,Mumbai,0
621,4119,2023-10-23,1773.76,Travel,Transfer,Chennai,0
622,4812,2022-10-06,2615.3,Healthcare,Debit,Hyderabad,0
623,3632,2022-08-07,422.64,Electronics,Credit,Chennai,0
624,1427,2023-02-07,2639.78,Electronics,Transfer,Delhi,0
625,1729,2022-05-21,4138.48,Food,Transfer,Bangalore,0
626,1355,2023-04-25,4800.62,Travel,Credit,Mumbai,0
627,1039,2022-10-22,49.07,Travel,Transfer,Mumbai,0
628,3070,2022-09-01,1953.69,Entertainment,Transfer,Chennai,0
629,4239,2022-10-28,1239.1,Food,Transfer,Bangalore,0
630,1223,2022-07-02,4032.47,Retail,Credit,Delhi,0
631,3183,2023-01-26,3248.28,Retail,Credit,Mumbai,0
632,2341,2023-01-16,3701.15,Food,Credit,Bangalore,0
633,3911,2022-03-02,2472.24,Travel,Transfer,Chennai,0
634,4015,2022-10-20,1399.19,Retail,Credit,Delhi,0
635,4241,2023-04-06,1095.79,Travel,Credit,Delhi,0
636,4633,2023-05-04,4773.11,Food,Transfer,Mumbai,0
637,1036,2023-09-15,670.51,Retail,Debit,Delhi,0
638,2655,2023-04-28,1210.44,Entertainment,Transfer,Hyderabad,0
639,4726,2022-11-24,4111.01,Food,Credit,Chennai,0
640,3359,2023-07-08,3396.23,Food,Debit,Bangalore,0
641,1582,2023-07-16,1979.89,Food,Transfer,Bangalore,0
642,2733,2023-02-09,539.4,Retail,Debit,Chennai,0
643,4449,2023-10-18,262.53,Retail,Credit,Chennai,0
644,2716,2022-03-09,880.44,Retail,Credit,Chennai,0
645,1710,2022-08-22,4543.51,Food,Credit,Chennai,0
646,4969,2022-11-13,1966.04,Entertainment,Transfer,Bangalore,0
647,1272,2023-09-25,4958.24,Electronics,Credit,Chennai,0
648,2037,2022-11-06,1242.86,Electronics,Credit,Bangalore,0
649,1614,2022-06-24,4739.83,Healthcare,Credit,Chennai,0
650,3660,2023-10-26,198.13,Electronics,Credit,Bangalore,0
651,4256,2022-11-10,3837.99,Electronics,Debit,Delhi,0
652,1503,2022-03-17,4565.82,Healthcare,Debit,Hyderabad,0
653,2113,2022-12-18,1633.47,Healthcare,Debit,Bangalore,0
654,4955,2022-07-11,4681.36,Electronics,Debit,Bangalore,0
655,2846,2022-04-07,1640.18,Electronics,Debit,Hyderabad,0
656,3444,2023-11-06,4090.72,Healthcare,Debit,Hyderabad,0
657,1278,2023-09-03,2230.93,Retail,Debit,Chennai,0
658,2112,2022-06-05,4792.49,Retail,Transfer,Hyderabad,0
659,4768,2023-01-13,4211.17,Electronics,Transfer,Mumbai,0
660,3425,2023-05-28,2378.45,Healthcare,Credit,Bangalore,0
661,3280,2023-01-04,76.7,Travel,Transfer,Hyderabad,0
662,1515,2023-07-10,2071.58,Entertainment,Debit,Mumbai,0
663,3204,2023-03-01,4051.45,Entertainment,Transfer,Mumbai,0
664,1171,2023-01-11,2613.03,Travel,Credit,Mumbai,1
665,2833,2023-02-14,3330.5,Electronics,Credit,Bangalore,0
666,1771,2022-04-25,3132.39,Electronics,Transfer,Delhi,0
667,3377,2023-06-12,4986.59,Electronics,Debit,Delhi,0
668,2083,2023-03-03,1706.74,Food,Debit,Bangalore,0
669,4684,2023-06-02,663.81,Healthcare,Transfer,Delhi,0
670,1088,2022-06-13,4555.47,Entertainment,Credit,Delhi,0
671,4418,2023-07-27,996.09,Entertainment,Debit,Bangalore,0
672,3723,2023-12-31,900.89,Food,Credit,Chennai,0
673,4296,2022-07-20,1337.53,Food,Credit,Delhi,0
674,4805,2022-07-13,772.4,Electronics,Transfer,Delhi,0
675,2357,2022-07-25,1035.34,Entertainment,Debit,Delhi,0
676,1116,2023-05-14,2763.71,Entertainment,Debit,Hyderabad,0
677,1777,2022-05-12,94.09,Retail,Transfer,Hyderabad,0
678,4132,2023-09-15,2440.12,Healthcare,Transfer,Bangalore,0
679,1076,2022-06-20,1468.04,Electronics,Credit,Delhi,0
680,4605,2022-04-30,4025.26,Healthcare,Transfer,Chennai,0
681,1466,2022-08-21,2069.05,Electronics,Debit,Chennai,0
682,2319,2022-12-18,3572.63,Travel,Transfer,Hyderabad,0
683,2276,2023-04-03,4658.48,Travel,Credit,Delhi,0
684,4199,2023-01-23,673.69,Travel,Credit,Bangalore,0
685,4692,2023-10-03,3561.18,Electronics,Debit,Hyderabad,0
686,3881,2022-02-04,992.14,Healthcare,Credit,Hyderabad,0
687,4695,2022-08-20,2728.07,Entertainment,Transfer,Chennai,0
688,4759,2023-07-25,2691.36,Entertainment,Debit,Chennai,0
689,2414,2022-07-17,1909.33,Food,Credit,Bangalore,0
690,2240,2023-06-03,4688.47,Food,Credit,Mumbai,0
691,1905,2023-08-28,3599.2,Entertainment,Debit,Chennai,0
692,1790,2023-01-29,4664.64,Travel,Credit,Bangalore,0
693,4446,2023-03-04,284.57,Healthcare,Transfer,Delhi,0
694,4844,2023-12-02,2710.9,Food,Transfer,Chennai,0
695,4227,2022-07-03,2929.96,Healthcare,Credit,Bangalore,0
696,4772,2023-06-14,1126.78,Retail,Transfer,Bangalore,0
697,2096,2022-03-13,3601.37,Travel,Transfer,Delhi,1
698,1633,2023-04-21,3114.97,Entertainment,Debit,Hyderabad,0
699,1448,2023-10-16,1825.3,Travel,Transfer,Mumbai,0
700,4436,2023-06-18,1260.28,Healthcare,Transfer,Delhi,0
701,4774,2023-01-06,4163.52,Food,Debit,Mumbai,0
702,4288,2023-01-01,2021.23,Food,Debit,Chennai,0
703,4038,2023-09-14,1911.41,Travel,Credit,Delhi,0
704,1804,2022-09-23,4751.78,Healthcare,Transfer,Chennai,1
705,2030,2023-08-31,1687.54,Entertainment,Debit,Delhi,0
706,2022,2022-08-10,461.89,Electronics,Transfer,Mumbai,0
707,4646,2022-11-03,2798.63,Retail,Debit,Bangalore,1
708,4989,2022-11-23,4319.43,Electronics,Credit,Chennai,0
709,3369,2022-07-19,3934.81,Entertainment,Transfer,Bangalore,0
710,4286,2023-08-08,1612.96,Travel,Debit,Hyderabad,0
711,2404,2022-03-26,4194.22,Healthcare,Transfer,Mumbai,0
712,2485,2023-10-22,4962.18,Entertainment,Transfer,Mumbai,0
713,3604,2023-12-14,4971.6,Retail,Debit,Chennai,0
714,1306,2023-11-04,4421.46,Healthcare,Debit,Hyderabad,1
715,3275,2023-04-01,524.77,Entertainment,Credit,Hyderabad,0
716,2361,2022-01-03,2141.33,Electronics,Credit,Delhi,0
717,4485,2022-03-15,629.5,Food,Debit,Delhi,0
718,3414,2023-01-30,2054.43,Electronics,Debit,Bangalore,0
719,1302,2023-04-03,1666.74,Food,Credit,Mumbai,0
720,2394,2022-10-25,4764.51,Retail,Debit,Hyderabad,0
721,3022,2022-08-13,1335.1,Entertainment,Credit,Chennai,0
722,4141,2023-11-21,3856.98,Retail,Credit,Mumbai,0
723,3021,2023-03-14,3851.67,Electronics,Credit,Mumbai,0
724,3619,2023-09-16,4530.71,Food,Debit,Bangalore,0
725,1283,2023-12-01,2798.06,Travel,Credit,Bangalore,0
726,2982,2022-07-01,3610.01,Food,Credit,Delhi,1
727,3741,2022-04-10,2128.77,Travel,Debit,Mumbai,0
728,2762,2022-01-15,3058.03,Healthcare,Debit,Mumbai,0
729,2163,2022-09-25,4868.95,Electronics,Credit,Bangalore,0
730,4891,2023-07-12,1523.11,Food,Debit,Hyderabad,0
731,4814,2022-03-13,402.16,Travel,Transfer,Hyderabad,0
732,4305,2023-11-22,1264.9,Food,Debit,Bangalore,0
733,3284,2023-03-19,4619.85,Food,Transfer,Delhi,0
734,3902,2022-11-03,319.97,Entertainment,Transfer,Delhi,0
735,3555,2022-05-03,411.01,Electronics,Credit,Hyderabad,0
736,2135,2022-09-20,4082.25,Entertainment,Credit,Delhi,0
737,2083,2022-06-12,4137.89,Retail,Credit,Hyderabad,0
738,1301,2022-08-01,3113.22,Entertainment,Credit,Chennai,0
739,4963,2022-12-28,2854.65,Electronics,Debit,Chennai,0
740,2610,2023-10-21,1882.03,Healthcare,Transfer,Delhi,0
741,2750,2022-02-14,1978.12,Electronics,Transfer,Hyderabad,0
742,4081,2023-03-30,4807.65,Food,Debit,Mumbai,0
743,1035,2023-03-18,269.71,Electronics,Debit,Delhi,0
744,2456,2023-04-06,1833.15,Electronics,Credit,Bangalore,0
745,2980,2023-10-03,3096.73,Food,Credit,Chennai,0
746,3459,2022-08-19,3933.96,Healthcare,Transfer,Hyderabad,0
747,3376,2023-01-03,4335.99,Travel,Debit,Hyderabad,0
748,3961,2022-02-26,4673.44,Retail,Debit,Bangalore,0
749,1135,2023-06-17,1856.71,Retail,Credit,Chennai,0
750,1682,2023-03-20,418.18,Food,Debit,Hyderabad,0
751,4621,2023-10-01,2508.62,Electronics,Debit,Hyderabad,0
752,3821,2023-07-28,256.95,Travel,Credit,Bangalore,0
753,3355,2023-12-25,1176.13,Entertainment,Credit,Mumbai,0
754,1214,2023-02-04,2814.95,Food,Debit,Hyderabad,0
755,3406,2023-09-04,4277.76,Electronics,Debit,Hyderabad,0
756,4527,2023-10-31,2251.14,Entertainment,Debit,Chennai,0
757,2467,2023-07-12,2797.84,Food,Transfer,Chennai,0
758,2056,2023-03-07,1602.46,Healthcare,Transfer,Chennai,0
759,4565,2022-08-18,1610.92,Retail,Debit,Mumbai,0
760,3638,2023-10-07,1770.1,Food,Debit,Chennai,0
761,4709,2023-04-19,616.3,Travel,Transfer,Hyderabad,0
762,2508,2022-01-12,320.79,Healthcare,Transfer,Chennai,0
763,2756,2023-06-28,2263.02,Retail,Transfer,Bangalore,0
764,3833,2023-03-25,3833.13,Travel,Debit,Bangalore,0
765,1017,2022-04-09,3637.55,Travel,Debit,Mumbai,0
766,3860,2022-04-30,1931.49,Healthcare,Transfer,Chennai,0
767,2631,2023-10-08,4114.27,Entertainment,Credit,Mumbai,0
768,1342,2023-06-30,1161.06,Food,Transfer,Chennai,0
769,1282,2023-03-03,2393.09,Travel,Debit,Mumbai,0
770,2522,2023-01-20,2388.47,Food,Transfer,Bangalore,0
771,2000,2022-08-25,2606.25,Entertainment,Transfer,Bangalore,0
772,1013,2023-09-16,1596.98,Entertainment,Debit,Delhi,0
773,4321,2022-07-26,3234.65,Retail,Credit,Hyderabad,0
774,2513,2023-07-17,2703.76,Healthcare,Transfer,Hyderabad,0
775,2003,2023-04-21,4522.39,Food,Debit,Chennai,0
776,1812,2023-10-20,3082.08,Travel,Credit,Chennai,0
777,4595,2023-08-25,4962.37,Electronics,Credit,Hyderabad,0
778,2598,2023-02-06,141.17,Travel,Debit,Bangalore,0
779,4889,2023-06-28,937.42,Healthcare,Credit,Chennai,0
780,3323,2022-10-13,1119.47,Electronics,Debit,Bangalore,0
781,2755,2023-04-11,1216.2,Entertainment,Credit,Hyderabad,0
782,3636,2022-05-21,2688.42,Food,Credit,Mumbai,0
783,2203,2023-12-06,1591.36,Electronics,Credit,Bangalore,0
784,1815,2022-09-12,2523.89,Travel,Debit,Hyderabad,0
785,2492,2022-10-21,2337.88,Food,Debit,Hyderabad,0
786,2659,2023-01-29,3752.73,Healthcare,Debit,Delhi,0
787,4692,2023-01-02,465.26,Healthcare,Debit,Hyderabad,0
788,2216,2022-03-07,945.87,Retail,Transfer,Delhi,1
789,1004,2023-06-16,3561.83,Travel,Debit,Mumbai,0
790,2782,2022-11-27,1879.75,Entertainment,Transfer,Chennai,0
791,3484,2022-09-07,400.28,Healthcare,Transfer,Hyderabad,0
792,1970,2023-05-15,2824.76,Electronics,Credit,Delhi,0
793,2486,2023-12-03,226.26,Entertainment,Debit,Mumbai,0
794,2405,2022-06-04,1401.1,Electronics,Transfer,Hyderabad,0
795,4768,2023-07-01,3542.47,Retail,Transfer,Chennai,0
796,1509,2022-03-03,2461.81,Entertainment,Transfer,Bangalore,0
797,4324,2022-05-23,3362.75,Electronics,Credit,Bangalore,0
798,4859,2023-03-19,155.88,Electronics,Credit,Bangalore,0
799,3637,2022-11-15,678.1,Entertainment,Credit,Bangalore,0
800,4901,2022-10-23,1977.46,Electronics,Credit,Hyderabad,0
801,4995,2023-08-11,2187.3,Retail,Debit,Bangalore,0
802,4370,2022-01-27,2668.84,Travel,Credit,Chennai,0
803,1474,2023-10-01,258.37,Food,Debit,Delhi,0
804,1770,2022-10-08,2550.17,Healthcare,Credit,Hyderabad,0
805,1084,2023-10-16,3515.45,Travel,Transfer,Bangalore,0
806,4570,2023-03-18,1205.29,Travel,Debit,Bangalore,0
807,3616,2022-07-22,1550.1,Healthcare,Credit,Chennai,0
808,2820,2022-01-14,3950.22,Retail,Transfer,Bangalore,1
809,1130,2022-06-06,2078.78,Travel,Debit,Hyderabad,0
810,2328,2023-08-11,3245.06,Travel,Transfer,Chennai,0
811,1566,2022-07-06,1115.84,Electronics,Credit,Mumbai,0
812,2653,2023-05-22,1015.1,Electronics,Credit,Delhi,0
813,3961,2023-06-03,893.3,Travel,Credit,Chennai,0
814,3673,2022-04-01,1813.28,Travel,Credit,Chennai,0
815,3661,2023-04-26,4312.67,Entertainment,Debit,Bangalore,0
816,3404,2023-05-12,2927.82,Healthcare,Transfer,Chennai,0
817,1224,2022-05-13,3350.42,Retail,Credit,Chennai,0
818,3246,2022-10-23,2580.76,Entertainment,Transfer,Delhi,0
819,3420,2023-11-24,2135.09,Retail,Debit,Bangalore,0
820,1030,2023-08-19,1250.02,Healthcare,Debit,Chennai,0
821,1120,2022-08-25,3577.26,Food,Credit,Delhi,0
822,1054,2023-11-26,3165.21,Healthcare,Transfer,Hyderabad,0
823,2685,2023-02-24,527.24,Retail,Debit,Delhi,0
824,4026,2022-10-04,1720.3,Entertainment,Credit,Delhi,0
825,3883,2022-08-11,1923.31,Travel,Credit,Delhi,0
826,1412,2023-05-20,3983.08,Food,Transfer,Chennai,0
827,1100,2023-05-10,1196.41,Travel,Transfer,Delhi,0
828,2037,2022-04-18,3645.51,Food,Credit,Chennai,0
829,3583,2023-01-26,2388.93,Electronics,Debit,Mumbai,0
830,3392,2022-07-24,4273.25,Food,Credit,Bangalore,0
831,2842,2023-02-16,3052.74,Electronics,Transfer,Delhi,0
832,4346,2023-09-12,3331.86,Electronics,Debit,Chennai,0
833,4476,2022-11-28,2309.47,Healthcare,Transfer,Chennai,0
834,4999,2023-09-16,4597.99,Electronics,Transfer,Hyderabad,0
835,3362,2022-06-19,2521.04,Entertainment,Credit,Mumbai,0
836,4050,2023-12-16,2491.56,Electronics,Credit,Delhi,0
837,1754,2023-12-10,4049.02,Electronics,Transfer,Hyderabad,0
838,3649,2023-12-04,1204.18,Healthcare,Credit,Chennai,0
839,3259,2022-06-12,3857.33,Travel,Debit,Mumbai,0
840,2388,2022-04-19,601.54,Retail,Debit,Bangalore,0
841,4053,2023-02-13,4781.53,Retail,Credit,Mumbai,0
842,1877,2022-10-16,2455.72,Food,Debit,Mumbai,0
843,2035,2023-07-02,1609.35,Retail,Transfer,Delhi,0
844,2104,2023-09-11,2312.86,Retail,Debit,Mumbai,0
845,1346,2023-05-09,3875.47,Retail,Transfer,Chennai,0
846,3957,2022-03-21,360.11,Food,Credit,Delhi,0
847,4387,2022-08-14,91.27,Healthcare,Debit,Hyderabad,0
848,1452,2022-12-22,936.06,Food,Credit,Hyderabad,0
849,1238,2023-07-31,4969.95,Retail,Transfer,Hyderabad,0
850,3929,2022-04-03,2282.57,Electronics,Transfer,Chennai,1
851,3789,2023-07-15,2119.52,Healthcare,Debit,Mumbai,0
852,4818,2022-02-01,128.53,Entertainment,Transfer,Mumbai,0
853,2805,2022-11-16,2469.89,Food,Debit,Mumbai,0
854,2846,2023-02-08,1852.12,Food,Transfer,Chennai,0
855,2899,2023-08-16,1169.9,Healthcare,Debit,Mumbai,0
856,4438,2023-06-12,4495.62,Retail,Debit,Bangalore,0
857,3294,2023-08-22,1884.48,Healthcare,Transfer,Chennai,0
858,4891,2023-04-09,232.33,Food,Transfer,Bangalore,0
859,3542,2023-12-24,2423.75,Healthcare,Debit,Chennai,0
860,1149,2022-10-19,4721.52,Entertainment,Debit,Mumbai,0
861,3274,2022-05-19,235.99,Travel,Debit,Bangalore,0
862,1026,2022-05-27,3670.26,Healthcare,Credit,Hyderabad,1
863,2345,2023-04-02,4378.22,Healthcare,Credit,Bangalore,0
864,2284,2022-10-18,4240.01,Travel,Debit,Chennai,0
865,2728,2023-07-16,4475.23,Food,Debit,Mumbai,0
866,4646,2022-12-27,436.17,Travel,Credit,Hyderabad,0
867,1019,2022-07-27,1034.9,Entertainment,Credit,Bangalore,0
868,1876,2023-12-28,2776.48,Retail,Credit,Chennai,0
869,1491,2022-03-19,4888.84,Retail,Transfer,Hyderabad,0
870,3865,2022-08-18,1332.87,Travel,Credit,Delhi,0
871,2805,2023-03-10,1872.45,Food,Transfer,Bangalore,0
872,2413,2022-09-17,424.28,Electronics,Transfer,Hyderabad,0
873,3958,2022-12-24,4299.27,Food,Debit,Chennai,0
874,4789,2023-09-25,1067.61,Travel,Credit,Chennai,0
875,1237,2023-04-01,4879.71,Electronics,Transfer,Mumbai,0
876,4510,2022-08-25,4173.89,Retail,Credit,Bangalore,0
877,4009,2023-01-24,4216.65,Retail,Credit,Mumbai,0
878,2600,2022-07-20,2227.03,Entertainment,Credit,Mumbai,1
879,1723,2023-05-13,1228.61,Electronics,Transfer,Hyderabad,0
880,3278,2022-03-26,3670.14,Entertainment,Credit,Chennai,0
881,3558,2022-12-23,926.51,Food,Transfer,Delhi,0
882,2024,2022-10-31,3187.7,Travel,Debit,Bangalore,0
883,1894,2023-03-22,3765.12,Entertainment,Debit,Mumbai,0
884,2281,2022-02-01,3214.08,Entertainment,Debit,Chennai,0
885,2872,2022-01-04,1688.83,Electronics,Debit,Chennai,0
886,2572,2022-09-12,2511.81,Entertainment,Transfer,Delhi,0
887,2844,2023-05-07,570.8,Travel,Credit,Hyderabad,0
888,3929,2022-12-07,2478.27,Food,Transfer,Hyderabad,0
889,4233,2023-05-27,2358.08,Healthcare,Transfer,Chennai,0
890,1125,2023-05-09,3498.19,Retail,Credit,Mumbai,0
891,4050,2023-06-22,3050.82,Food,Credit,Chennai,0
892,3909,2023-01-10,1188.25,Food,Transfer,Hyderabad,1
893,3448,2022-08-27,4145.55,Healthcare,Credit,Delhi,0
894,3132,2022-05-16,2354.35,Food,Debit,Mumbai,0
895,1363,2023-12-27,252.31,Travel,Debit,Bangalore,0
896,2433,2022-07-03,3529.14,Food,Debit,Chennai,0
897,2727,2023-06-28,2138.91,Electronics,Debit,Delhi,0
898,1391,2022-10-02,4598.13,Healthcare,Debit,Delhi,0
899,1087,2023-07-28,776.18,Food,Debit,Mumbai,0
900,3535,2023-04-24,1168.42,Travel,Credit,Delhi,0
901,4795,2023-11-18,1149.94,Food,Transfer,Mumbai,0
902,1469,2023-06-09,4976.38,Entertainment,Debit,Chennai,0
903,3778,2023-07-10,673.52,Healthcare,Debit,Bangalore,0
904,1903,2022-11-17,2049.46,Food,Transfer,Chennai,0
905,2274,2022-03-18,1281.7,Electronics,Transfer,Delhi,0
906,2937,2023-10-22,4615.43,Electronics,Debit,Bangalore,0
907,3055,2023-07-10,893.77,Electronics,Transfer,Delhi,0
908,2888,2022-12-14,3963.49,Electronics,Credit,Mumbai,0
909,3246,2023-11-11,4530.45,Entertainment,Transfer,Mumbai,0
910,4860,2022-05-30,1895.11,Healthcare,Credit,Hyderabad,0
911,4741,2022-04-01,4505.44,Electronics,Debit,Bangalore,0
912,3020,2023-03-06,2492.91,Travel,Credit,Bangalore,0
913,4758,2022-03-23,4360.95,Food,Transfer,Mumbai,0
914,2660,2023-07-29,2385.11,Electronics,Debit,Chennai,1
915,4677,2023-06-29,566.57,Retail,Transfer,Chennai,0
916,2354,2023-02-12,2103.84,Entertainment,Transfer,Chennai,0
917,1873,2022-08-23,2367.88,Travel,Credit,Mumbai,0
918,2231,2022-10-02,2435.82,Electronics,Credit,Bangalore,1
919,2278,2023-12-23,2039.42,Travel,Credit,Mumbai,0
920,3825,2023-06-06,4673.4,Electronics,Transfer,Delhi,0
921,4331,2022-09-30,885.62,Healthcare,Debit,Delhi,0
922,2599,2023-12-05,2794.0,Travel,Credit,Hyderabad,1
923,4910,2022-03-17,2014.05,Healthcare,Credit,Delhi,0
924,1491,2023-05-25,3594.54,Food,Debit,Hyderabad,0
925,1482,2023-12-04,3019.24,Food,Credit,Mumbai,0
926,4587,2022-11-18,1071.95,Retail,Debit,Mumbai,0
927,1345,2022-12-22,3538.35,Food,Debit,Delhi,0
928,3454,2023-08-25,1052.64,Travel,Debit,Mumbai,0
929,3390,2023-08-29,19.31,Retail,Debit,Delhi,0
930,1038,2023-06-04,2836.18,Healthcare,Credit,Chennai,0
931,3870,2022-12-28,992.71,Food,Transfer,Hyderabad,0
932,4696,2023-03-22,4127.0,Travel,Transfer,Mumbai,0
933,3510,2022-12-17,440.46,Retail,Debit,Hyderabad,0
934,1962,2023-12-06,2727.95,Retail,Credit,Delhi,0
935,2759,2023-07-29,2679.08,Food,Debit,Mumbai,0
936,4074,2022-05-15,1411.15,Retail,Transfer,Mumbai,0
937,3160,2022-01-25,1523.86,Healthcare,Transfer,Bangalore,0
938,1578,2022-12-16,4323.25,Healthcare,Transfer,Hyderabad,0
939,4123,2023-06-14,2349.5,Electronics,Transfer,Delhi,0
940,1939,2022-10-10,3194.47,Healthcare,Debit,Hyderabad,0
941,4235,2022-09-17,2797.05,Healthcare,Credit,Hyderabad,0
942,1552,2023-04-17,3814.5,Food,Credit,Bangalore,0
943,2050,2022-01-18,3922.79,Electronics,Credit,Bangalore,0
944,4485,2022-08-02,1420.51,Travel,Credit,Delhi,0
945,4240,2022-04-29,4148.59,Retail,Debit,Chennai,0
946,3984,2022-03-03,4281.39,Retail,Credit,Mumbai,1
947,4776,2023-08-21,2220.02,Entertainment,Debit,Delhi,0
948,1148,2023-04-19,2177.42,Retail,Debit,Bangalore,0
949,3337,2022-02-12,2290.88,Travel,Credit,Chennai,0
950,2765,2023-10-18,765.83,Entertainment,Credit,Bangalore,0
951,3988,2022-10-26,2027.86,Healthcare,Transfer,Chennai,0
952,2141,2023-03-02,3087.92,Travel,Debit,Chennai,0
953,4492,2023-12-12,4658.49,Travel,Debit,Chennai,0
954,3423,2023-01-06,4962.86,Food,Credit,Mumbai,0
955,1725,2023-03-19,1735.2,Retail,Debit,Chennai,0
956,1953,2023-08-04,504.64,Healthcare,Transfer,Mumbai,0
957,3221,2023-02-18,1812.73,Travel,Credit,Hyderabad,1
958,3287,2023-12-28,1532.1,Healthcare,Credit,Delhi,0
959,2347,2023-04-27,310.28,Retail,Debit,Hyderabad,0
960,2447,2022-11-13,3329.95,Healthcare,Transfer,Mumbai,0
961,4711,2023-01-31,3506.41,Electronics,Debit,Chennai,0
962,2216,2022-12-16,1521.92,Entertainment,Debit,Chennai,0
963,4296,2022-07-08,1883.32,Entertainment,Credit,Bangalore,0
964,2023,2022-09-01,4964.83,Healthcare,Credit,Mumbai,0
965,3121,2023-08-27,2483.03,Electronics,Credit,Chennai,0
966,2943,2023-03-22,2486.82,Food,Credit,Bangalore,0
967,3933,2023-11-27,3513.51,Retail,Credit,Bangalore,0
968,4193,2023-11-05,1705.61,Food,Debit,Delhi,0
969,3498,2023-08-19,558.16,Food,Credit,Bangalore,0
970,3951,2022-11-19,964.48,Retail,Credit,Bangalore,0
971,1966,2022-06-19,3542.6,Travel,Transfer,Chennai,0
972,1214,2022-11-06,4647.02,Electronics,Debit,Delhi,0
973,3183,2022-07-03,1937.74,Retail,Debit,Bangalore,0
974,1788,2022-08-15,237.21,Electronics,Debit,Chennai,0
975,3067,2022-05-14,4894.14,Food,Transfer,Chennai,0
976,4636,2022-06-01,630.05,Travel,Debit,Mumbai,0
977,1484,2023-08-30,1829.31,Food,Debit,Bangalore,0
978,4686,2022-06-18,374.9,Food,Debit,Bangalore,0
979,2980,2023-06-20,3992.54,Electronics,Debit,Chennai,0
980,4453,2022-10-25,3346.71,Electronics,Transfer,Hyderabad,0
981,2079,2023-03-02,4031.54,Electronics,Debit,Delhi,0
982,4891,2022-05-19,1421.44,Electronics,Credit,Bangalore,0
983,4832,2023-06-25,1892.88,Travel,Debit,Hyderabad,0
984,1528,2022-02-10,298.95,Electronics,Credit,Hyderabad,0
985,2051,2022-12-28,2314.91,Electronics,Transfer,Mumbai,1
986,3855,2023-10-05,2961.49,Retail,Credit,Chennai,0
987,1130,2022-09-12,994.6,Food,Debit,Hyderabad,0
988,1623,2022-09-29,751.05,Travel,Transfer,Mumbai,0
989,2719,2023-09-25,3178.65,Healthcare,Debit,Bangalore,0
990,2949,2022-07-21,4172.74,Healthcare,Credit,Mumbai,0
991,3183,2022-09-07,2145.59,Retail,Credit,Mumbai,0
992,1409,2022-08-02,2861.54,Electronics,Credit,Chennai,0
993,4615,2022-04-06,2477.35,Healthcare,Transfer,Chennai,0
994,4529,2023-06-07,756.71,Healthcare,Debit,Chennai,0
995,3523,2023-12-01,764.49,Electronics,Credit,Chennai,0
996,4923,2023-06-14,3697.76,Retail,Credit,Chennai,0
997,3546,2023-09-23,147.75,Food,Debit,Bangalore,0
998,1757,2022-07-10,1137.45,Healthcare,Debit,Hyderabad,0
999,4933,2022-10-28,407.17,Travel,Debit,Bangalore,0
1000,3414,2023-06-15,1997.67,Electronics,Credit,Delhi,0
1001,4006,2023-01-04,3568.79,Entertainment,Credit,Bangalore,0
1002,1955,2023-07-10,1186.91,Food,Transfer,Delhi,0
1003,3024,2023-01-29,3555.4,Entertainment,Transfer,Chennai,0
1004,1111,2023-06-01,4452.2,Retail,Debit,Delhi,0
1005,3394,2022-10-10,4838.31,Electronics,Debit,Hyderabad,0
1006,4653,2022-05-06,2757.21,Travel,Credit,Chennai,0
1007,1731,2022-11-26,1016.82,Travel,Debit,Delhi,0
1008,1189,2022-11-17,379.04,Food,Credit,Hyderabad,0
1009,2309,2023-05-03,2512.73,Retail,Credit,Bangalore,0
1010,4652,2022-11-09,1306.41,Healthcare,Debit,Hyderabad,0
1011,2457,2022-04-22,2846.25,Electronics,Credit,Hyderabad,0
1012,4044,2023-06-30,713.23,Electronics,Debit,Delhi,0
1013,3420,2022-04-12,322.11,Electronics,Credit,Hyderabad,1
1014,4299,2023-08-29,4600.75,Healthcare,Transfer,Mumbai,0
1015,4396,2022-05-30,2793.38,Electronics,Debit,Chennai,0
1016,4557,2022-11-23,12.36,Electronics,Credit,Chennai,0
1017,1055,2023-05-19,150.83,Entertainment,Credit,Chennai,0
1018,4936,2022-01-27,3234.78,Food,Debit,Delhi,0
1019,3343,2022-12-18,3633.52,Entertainment,Debit,Hyderabad,0
1020,3423,2022-04-08,2057.09,Travel,Transfer,Chennai,0
1021,4949,2023-06-21,1390.97,Electronics,Debit,Delhi,0
1022,3424,2023-09-17,2836.57,Food,Debit,Mumbai,0
1023,3914,2022-09-09,2623.54,Entertainment,Transfer,Hyderabad,0
1024,2836,2023-10-13,4201.26,Electronics,Transfer,Mumbai,0
1025,1300,2023-07-24,2099.94,Entertainment,Debit,Chennai,0
1026,4102,2023-12-12,4386.55,Entertainment,Debit,Hyderabad,1
1027,2205,2022-04-09,4839.45,Travel,Credit,Delhi,0
1028,1449,2022-06-14,331.63,Travel,Credit,Delhi,0
1029,2074,2022-07-15,3746.85,Electronics,Debit,Bangalore,0
1030,1211,2023-10-03,3201.32,Retail,Debit,Bangalore,0
1031,3270,2023-08-09,2696.34,Healthcare,Debit,Delhi,0
1032,4867,2022-09-26,3105.62,Travel,Transfer,Delhi,0
1033,3025,2022-10-02,2313.25,Electronics,Debit,Bangalore,0
1034,3371,2023-06-03,3277.85,Food,Debit,Mumbai,0
1035,2076,2022-01-04,1257.88,Travel,Transfer,Hyderabad,0
1036,3849,2023-09-03,1771.7,Entertainment,Credit,Mumbai,0
1037,1318,2022-05-30,1157.52,Healthcare,Debit,Bangalore,0
1038,3012,2022-04-30,4336.78,Food,Credit,Chennai,0
1039,2026,2023-03-20,2692.5,Entertainment,Debit,Bangalore,0
1040,2832,2022-11-29,4896.98,Electronics,Credit,Delhi,0
1041,1090,2023-11-28,1725.24,Retail,Debit,Delhi,0
1042,4634,2022-03-20,3524.86,Entertainment,Debit,Bangalore,1
1043,4997,2023-09-02,406.73,Travel,Credit,Delhi,0
1044,4841,2022-06-15,951.46,Retail,Debit,Bangalore,0
1045,2200,2022-12-26,3610.97,Entertainment,Credit,Bangalore,0
1046,2335,2023-12-22,4021.12,Travel,Transfer,Chennai,0
1047,2711,2023-02-15,4323.14,Food,Credit,Hyderabad,1
1048,4736,2022-04-03,70.5,Food,Credit,Chennai,0
1049,3822,2022-09-22,1097.18,Travel,Debit,Mumbai,0
1050,4672,2023-08-30,3945.55,Healthcare,Transfer,Delhi,0
1051,3443,2023-04-26,4515.75,Travel,Debit,Bangalore,0
1052,1527,2023-05-05,1355.59,Electronics,Credit,Delhi,0
1053,3955,2023-10-02,3041.86,Electronics,Transfer,Bangalore,0
1054,4448,2022-12-07,2162.67,Travel,Debit,Mumbai,0
1055,3265,2023-05-13,2134.51,Healthcare,Transfer,Hyderabad,0
1056,4212,2023-07-22,3778.54,Travel,Credit,Mumbai,0
1057,4440,2022-05-12,2140.57,Food,Credit,Mumbai,0
1058,4838,2022-05-02,4376.3,Healthcare,Credit,Hyderabad,0
1059,4960,2022-05-07,4486.95,Entertainment,Transfer,Chennai,0
1060,1877,2024-01-01,1718.86,Retail,Credit,Bangalore,0
1061,4796,2022-07-09,3342.84,Food,Debit,Mumbai,0
1062,1205,2023-09-03,2071.22,Entertainment,Transfer,Delhi,0
1063,2451,2022-08-20,1467.47,Electronics,Transfer,Mumbai,0
1064,3914,2023-09-20,3796.4,Retail,Debit,Mumbai,0
1065,1592,2023-12-26,4207.37,Travel,Credit,Hyderabad,0
1066,1298,2022-12-28,1556.14,Healthcare,Debit,Chennai,0
1067,3600,2022-10-30,3413.25,Retail,Credit,Bangalore,0
1068,1952,2022-09-24,3185.28,Entertainment,Transfer,Delhi,0
1069,3353,2023-09-15,685.81,Travel,Credit,Chennai,0
1070,1307,2022-10-06,4379.34,Travel,Transfer,Mumbai,0
1071,3969,2023-04-08,303.46,Food,Debit,Hyderabad,0
1072,1781,2023-08-27,1762.99,Entertainment,Debit,Mumbai,0
1073,3059,2023-05-27,3934.68,Entertainment,Transfer,Bangalore,0
1074,2689,2022-10-16,2616.03,Healthcare,Transfer,Mumbai,0
1075,1964,2022-05-11,4425.2,Travel,Transfer,Bangalore,0
1076,3780,2023-06-26,304.59,Entertainment,Debit,Bangalore,0
1077,2387,2023-12-07,585.03,Travel,Transfer,Delhi,0
1078,2792,2023-05-08,2672.82,Retail,Credit,Bangalore,0
1079,4716,2023-03-22,2073.76,Healthcare,Credit,Hyderabad,0
1080,3163,2023-12-06,3965.07,Food,Credit,Hyderabad,0
1081,2459,2022-06-09,4818.1,Food,Credit,Chennai,0
1082,2763,2023-03-27,638.24,Healthcare,Transfer,Chennai,0
1083,1373,2022-04-06,1616.69,Food,Transfer,Mumbai,0
1084,1724,2022-01-19,2669.17,Healthcare,Debit,Delhi,0
1085,4556,2023-02-05,676.2,Travel,Transfer,Hyderabad,0
1086,1999,2022-06-04,2036.89,Food,Transfer,Chennai,0
1087,1315,2022-04-08,3251.14,Retail,Credit,Mumbai,0
1088,3546,2022-04-04,459.86,Electronics,Transfer,Chennai,0
1089,3515,2023-02-07,3072.79,Food,Credit,Bangalore,0
1090,4689,2022-03-17,4175.82,Healthcare,Debit,Bangalore,0
1091,1089,2023-01-12,2301.26,Retail,Transfer,Delhi,0
1092,4232,2023-04-12,2316.23,Food,Transfer,Delhi,0
1093,1432,2022-08-17,3652.7,Food,Debit,Mumbai,0
1094,1239,2023-03-26,473.53,Electronics,Credit,Chennai,0
1095,4581,2022-10-28,3443.16,Food,Credit,Hyderabad,0
1096,2546,2023-12-09,2893.66,Retail,Transfer,Mumbai,0
1097,1436,2023-11-05,1225.35,Food,Credit,Mumbai,0
1098,2621,2022-11-23,2220.06,Entertainment,Credit,Delhi,0
1099,3036,2023-01-18,3878.09,Travel,Credit,Delhi,0
1100,1820,2023-10-14,4175.24,Entertainment,Credit,Delhi,0
1101,3856,2023-09-19,2787.53,Entertainment,Credit,Chennai,0
1102,4642,2023-08-02,1040.75,Food,Debit,Hyderabad,0
1103,1437,2023-01-19,638.05,Electronics,Transfer,Delhi,0
1104,1812,2022-12-18,3389.06,Entertainment,Debit,Hyderabad,0
1105,4680,2022-12-07,3426.04,Electronics,Debit,Mumbai,0
1106,3860,2022-06-15,2155.16,Travel,Debit,Bangalore,0
1107,1688,2022-06-17,1782.46,Healthcare,Debit,Mumbai,0
1108,1056,2022-12-09,2533.72,Retail,Debit,Bangalore,0
1109,1061,2022-01-05,3995.28,Food,Transfer,Bangalore,0
1110,2701,2023-03-15,2866.1,Food,Credit,Hyderabad,0
1111,2036,2022-12-30,903.29,Electronics,Debit,Hyderabad,0
1112,1203,2022-01-05,863.55,Travel,Debit,Mumbai,0
1113,2902,2022-07-21,1824.68,Retail,Transfer,Bangalore,0
1114,3242,2023-08-07,3682.76,Travel,Debit,Delhi,0
1115,3659,2023-03-25,4300.34,Electronics,Credit,Chennai,0
1116,3990,2022-12-13,2427.21,Healthcare,Transfer,Bangalore,0
1117,3832,2023-05-27,3593.71,Travel,Credit,Bangalore,0
1118,1312,2023-08-06,658.42,Travel,Transfer,Bangalore,0
1119,2071,2022-01-13,629.6,Healthcare,Debit,Mumbai,0
1120,2631,2023-04-02,3574.28,Travel,Credit,Hyderabad,0
1121,1995,2023-03-04,3842.19,Healthcare,Transfer,Mumbai,0
1122,1077,2023-02-23,24.04,Food,Debit,Hyderabad,0
1123,3825,2023-11-01,2864.6,Entertainment,Transfer,Chennai,0
1124,1808,2023-05-05,4761.6,Healthcare,Transfer,Chennai,0
1125,1111,2023-03-13,2652.01,Travel,Debit,Mumbai,0
1126,3140,2022-07-07,1999.69,Entertainment,Debit,Chennai,0
1127,1087,2022-01-09,2154.41,Retail,Transfer,Bangalore,0
1128,1800,2023-09-07,2652.25,Food,Debit,Bangalore,0
1129,1471,2023-06-07,3734.03,Healthcare,Debit,Hyderabad,0
1130,4139,2022-11-26,2047.79,Electronics,Debit,Bangalore,0
1131,1452,2023-12-12,2521.66,Food,Transfer,Bangalore,0
1132,1809,2023-10-18,1849.12,Healthcare,Transfer,Chennai,0
1133,1145,2022-03-19,997.12,Healthcare,Debit,Delhi,0
1134,3517,2022-01-02,1364.04,Healthcare,Transfer,Bangalore,0
1135,2541,2023-08-09,1932.27,Retail,Credit,Bangalore,0
1136,2991,2022-07-10,917.85,Entertainment,Transfer,Hyderabad,0
1137,4955,2023-09-23,2688.67,Food,Credit,Delhi,0
1138,1461,2022-03-04,1091.0,Healthcare,Debit,Chennai,0
1139,4445,2022-10-16,2418.02,Electronics,Credit,Chennai,0
1140,2715,2022-11-06,4389.24,Food,Transfer,Mumbai,0
1141,1489,2022-10-08,790.27,Retail,Transfer,Mumbai,0
1142,3939,2022-08-08,4815.54,Retail,Debit,Hyderabad,0
1143,2317,2022-11-09,1576.58,Retail,Transfer,Hyderabad,0
1144,3116,2022-11-29,2089.57,Food,Transfer,Bangalore,0
1145,4969,2023-07-28,3137.87,Entertainment,Credit,Bangalore,0
1146,1980,2023-01-28,2076.96,Healthcare,Transfer,Chennai,0
1147,2718,2023-01-11,775.34,Entertainment,Debit,Mumbai,0
1148,2136,2023-11-01,1182.68,Healthcare,Debit,Mumbai,0
1149,4944,2022-03-09,504.9,Entertainment,Credit,Hyderabad,0
1150,2752,2022-09-06,109.83,Food,Transfer,Mumbai,0
1151,1521,2022-07-20,2272.59,Retail,Transfer,Mumbai,0
1152,3431,2022-08-07,1922.97,Electronics,Credit,Delhi,0
1153,1236,2022-09-17,2541.89,Food,Transfer,Chennai,0
1154,2670,2022-08-01,486.52,Travel,Transfer,Chennai,0
1155,3291,2022-03-14,501.01,Entertainment,Transfer,Hyderabad,0
1156,2204,2023-05-18,774.23,Entertainment,Debit,Delhi,0
1157,2716,2022-01-27,2668.95,Retail,Debit,Chennai,0
1158,4804,2022-02-13,2623.04,Healthcare,Credit,Mumbai,0
1159,2732,2022-10-26,2435.42,Travel,Debit,Mumbai,0
1160,4122,2022-04-05,3237.45,Retail,Transfer,Mumbai,0
1161,2258,2022-02-18,1732.32,Entertainment,Debit,Delhi,0
1162,1986,2023-05-16,4037.6,Electronics,Transfer,Delhi,0
1163,3975,2022-04-18,3175.92,Electronics,Transfer,Delhi,0
1164,2847,2022-10-17,1401.29,Food,Credit,Chennai,0
1165,2434,2022-11-02,414.43,Healthcare,Debit,Bangalore,0
1166,2105,2023-01-18,1112.61,Food,Debit,Delhi,0
1167,2689,2022-02-16,4391.04,Entertainment,Transfer,Bangalore,0
1168,2135,2023-05-18,2005.08,Healthcare,Credit,Delhi,0
1169,3171,2022-11-22,293.98,Retail,Transfer,Mumbai,0
1170,2095,2023-03-04,1205.2,Entertainment,Debit,Mumbai,0
1171,4196,2022-10-20,1366.07,Travel,Credit,Hyderabad,0
1172,2622,2023-07-05,2348.8,Travel,Debit,Mumbai,0
1173,4911,2022-12-24,1311.08,Travel,Debit,Hyderabad,0
1174,1153,2022-10-20,795.22,Entertainment,Transfer,Hyderabad,0
1175,4509,2023-03-02,1759.66,Entertainment,Credit,Hyderabad,0
1176,1636,2023-08-11,4169.44,Travel,Credit,Delhi,0
1177,3668,2022-09-23,3588.6,Electronics,Credit,Mumbai,0
1178,1903,2023-09-20,1213.21,Electronics,Credit,Bangalore,0
1179,3477,2022-02-18,655.33,Retail,Debit,Delhi,0
1180,2920,2023-11-17,3368.02,Healthcare,Debit,Mumbai,0
1181,2840,2022-10-13,1081.65,Retail,Transfer,Bangalore,0
1182,4616,2023-06-01,3173.08,Travel,Debit,Chennai,0
1183,2103,2023-02-16,201.17,Travel,Transfer,Bangalore,0
1184,1733,2023-12-15,3554.87,Entertainment,Transfer,Hyderabad,0
1185,4734,2023-12-24,3410.53,Travel,Debit,Chennai,0
1186,3577,2022-05-31,1796.72,Travel,Credit,Bangalore,0
1187,4637,2022-12-16,2943.44,Healthcare,Transfer,Bangalore,0
1188,2270,2022-06-13,956.5,Retail,Debit,Bangalore,0
1189,3027,2022-07-31,2239.55,Entertainment,Credit,Delhi,0
1190,4453,2022-02-18,2799.69,Healthcare,Debit,Delhi,0
1191,3226,2022-02-15,2197.66,Food,Debit,Mumbai,0
1192,3289,2022-10-30,2872.28,Entertainment,Transfer,Bangalore,0
1193,1429,2023-11-17,4908.23,Retail,Debit,Mumbai,0
1194,2854,2023-02-02,802.89,Healthcare,Transfer,Bangalore,0
1195,1395,2023-02-17,3757.05,Entertainment,Debit,Hyderabad,0
1196,1258,2022-02-23,1713.82,Entertainment,Credit,Chennai,1
1197,3480,2022-10-10,2344.06,Food,Transfer,Mumbai,0
1198,2577,2023-04-06,1932.95,Electronics,Debit,Chennai,0
1199,4729,2022-03-29,3098.16,Healthcare,Credit,Bangalore,0
1200,4858,2022-04-20,4960.71,Retail,Debit,Bangalore,0
1201,2789,2023-07-20,2800.22,Food,Credit,Chennai,1
1202,2547,2022-10-22,2909.76,Retail,Debit,Bangalore,0
1203,3120,2023-04-26,2454.87,Entertainment,Transfer,Mumbai,0
1204,4309,2023-12-27,175.98,Travel,Transfer,Delhi,0
1205,1110,2022-06-22,2767.63,Retail,Credit,Delhi,0
1206,2508,2023-10-12,2523.66,Travel,Transfer,Chennai,0
1207,1041,2023-05-06,4851.78,Healthcare,Transfer,Hyderabad,0
1208,3923,2023-08-08,4087.82,Travel,Transfer,Bangalore,0
1209,2645,2022-06-30,3686.77,Travel,Debit,Mumbai,0
1210,2999,2023-01-25,847.03,Electronics,Transfer,Delhi,0
1211,3738,2023-09-30,1320.06,Food,Debit,Hyderabad,0
1212,4009,2023-11-24,863.48,Travel,Transfer,Mumbai,0
1213,4360,2023-08-13,525.79,Electronics,Transfer,Bangalore,0
1214,1519,2023-03-20,3886.07,Electronics,Transfer,Chennai,0
1215,2923,2023-07-31,1628.84,Food,Credit,Chennai,0
1216,4485,2022-10-19,204.71,Healthcare,Transfer,Hyderabad,0
1217,4016,2023-12-22,1059.91,Entertainment,Credit,Bangalore,0
1218,1251,2023-12-07,1938.47,Travel,Credit,Bangalore,0
1219,1110,2022-12-14,1988.91,Electronics,Credit,Bangalore,0
1220,3793,2022-05-16,2119.2,Food,Transfer,Hyderabad,0
1221,2518,2023-08-23,465.54,Entertainment,Transfer,Bangalore,0
1222,1106,2023-12-30,3533.62,Retail,Transfer,Mumbai,0
1223,4816,2022-05-07,1893.72,Retail,Credit,Chennai,0
1224,3262,2023-02-20,3862.3,Food,Debit,Delhi,0
1225,2696,2023-12-12,2774.55,Food,Debit,Delhi,0
1226,3816,2022-05-25,2232.02,Entertainment,Credit,Delhi,0
1227,2849,2022-05-02,643.84,Travel,Credit,Hyderabad,0
1228,3484,2022-03-02,212.92,Retail,Credit,Chennai,0
1229,1016,2022-03-11,4300.32,Retail,Debit,Mumbai,0
1230,1899,2023-10-09,1311.3,Healthcare,Credit,Chennai,0
1231,1143,2022-10-11,3660.47,Entertainment,Debit,Bangalore,0
1232,1400,2023-05-09,4942.38,Electronics,Transfer,Bangalore,0
1233,2891,2022-10-17,408.42,Entertainment,Debit,Bangalore,0
1234,2806,2022-02-08,831.37,Electronics,Credit,Chennai,0
1235,4953,2022-09-03,4347.95,Retail,Debit,Hyderabad,0
1236,1492,2022-08-02,201.86,Food,Debit,Chennai,0
1237,1444,2022-12-05,4311.52,Retail,Credit,Delhi,0
1238,4564,2023-01-05,494.58,Retail,Debit,Mumbai,0
1239,1061,2022-03-08,4470.16,Food,Debit,Delhi,0
1240,1591,2022-09-11,1078.41,Food,Credit,Delhi,0
1241,3701,2023-03-12,4740.95,Electronics,Credit,Chennai,0
1242,4036,2023-07-23,282.48,Retail,Debit,Hyderabad,0
1243,4027,2023-08-27,4100.38,Travel,Credit,Mumbai,0
1244,4335,2022-12-19,1992.83,Entertainment,Credit,Bangalore,0
1245,2065,2023-06-12,3278.96,Healthcare,Transfer,Chennai,0
1246,2200,2023-07-31,2775.37,Healthcare,Credit,Mumbai,0
1247,1327,2023-07-26,436.15,Entertainment,Transfer,Bangalore,0
1248,2021,2022-04-02,630.33,Retail,Transfer,Delhi,0
1249,4685,2023-03-30,2731.97,Electronics,Debit,Delhi,0
1250,1778,2023-11-18,3986.78,Travel,Transfer,Chennai,0
1251,1140,2023-01-31,228.82,Food,Transfer,Bangalore,0
1252,1666,2022-05-21,1122.85,Healthcare,Debit,Bangalore,0
1253,4446,2022-12-12,4024.03,Entertainment,Credit,Bangalore,0
1254,2390,2023-09-15,4394.01,Food,Credit,Hyderabad,0
1255,2149,2023-04-02,889.0,Electronics,Debit,Delhi,0
1256,1470,2023-07-29,1185.14,Electronics,Credit,Hyderabad,0
1257,1712,2023-03-31,3257.15,Electronics,Transfer,Bangalore,0
1258,1425,2023-01-16,4974.83,Travel,Transfer,Mumbai,0
1259,2181,2023-06-22,4253.01,Food,Debit,Chennai,0
1260,1351,2022-07-21,2011.91,Entertainment,Credit,Mumbai,0
1261,1846,2023-07-27,3688.27,Food,Transfer,Chennai,0
1262,4068,2022-05-24,385.93,Entertainment,Credit,Chennai,0
1263,3490,2022-08-11,1698.35,Travel,Debit,Delhi,0
1264,3635,2023-01-08,1146.04,Electronics,Credit,Delhi,0
1265,3137,2022-06-17,4790.13,Healthcare,Credit,Hyderabad,0
1266,3256,2022-02-09,4194.71,Food,Transfer,Chennai,1
1267,1550,2023-08-20,125.96,Healthcare,Credit,Delhi,0
1268,2853,2023-03-30,2636.3,Healthcare,Credit,Hyderabad,0
1269,4193,2023-10-12,3963.74,Entertainment,Transfer,Bangalore,0
1270,1755,2022-12-23,825.1,Healthcare,Transfer,Bangalore,0
1271,4718,2023-02-15,4681.51,Food,Credit,Bangalore,0
1272,2083,2023-02-21,716.12,Travel,Transfer,Bangalore,0
1273,3412,2022-01-04,665.59,Retail,Debit,Hyderabad,0
1274,1331,2022-07-03,4931.05,Healthcare,Transfer,Hyderabad,0
1275,2881,2023-05-25,3224.43,Healthcare,Transfer,Mumbai,0
1276,3130,2023-01-09,4897.95,Food,Debit,Delhi,0
1277,2264,2022-06-02,2161.87,Food,Transfer,Mumbai,0
1278,4934,2023-09-12,3117.46,Retail,Debit,Delhi,0
1279,1778,2023-08-16,2891.0,Entertainment,Credit,Hyderabad,0
1280,4063,2022-10-06,1193.95,Food,Debit,Mumbai,0
1281,1888,2022-02-21,3096.02,Travel,Credit,Bangalore,0
1282,2509,2022-04-25,3722.21,Healthcare,Transfer,Mumbai,0
1283,3770,2022-10-10,2953.98,Food,Transfer,Chennai,0
1284,1099,2023-09-19,2528.95,Food,Transfer,Delhi,0
1285,3821,2023-04-30,2641.83,Healthcare,Credit,Bangalore,0
1286,3336,2023-01-04,1260.27,Entertainment,Debit,Hyderabad,0
1287,3875,2022-08-21,316.58,Entertainment,Debit,Bangalore,0
1288,3165,2023-06-09,3615.58,Food,Debit,Chennai,0
1289,1306,2023-03-15,3231.5,Entertainment,Debit,Mumbai,0
1290,4208,2023-06-01,3514.32,Food,Debit,Chennai,0
1291,1612,2023-11-27,1080.13,Entertainment,Credit,Hyderabad,0
1292,1762,2023-06-01,488.34,Healthcare,Transfer,Bangalore,0
1293,1899,2022-05-16,619.44,Food,Credit,Mumbai,0
1294,1679,2022-10-17,4648.91,Electronics,Debit,Bangalore,0
1295,3905,2022-01-16,4517.07,Food,Debit,Bangalore,0
1296,4377,2022-04-03,1438.03,Food,Transfer,Bangalore,0
1297,1488,2022-06-14,4063.99,Retail,Credit,Delhi,0
1298,4413,2023-05-15,1529.05,Entertainment,Credit,Bangalore,0
1299,1001,2022-03-30,417.7,Entertainment,Credit,Delhi,0
1300,3218,2022-11-11,1458.41,Healthcare,Transfer,Delhi,0
1301,4563,2023-02-09,4808.14,Food,Credit,Mumbai,0
1302,4909,2022-09-26,3594.84,Healthcare,Transfer,Delhi,0
1303,4100,2023-02-04,2145.14,Healthcare,Credit,Bangalore,0
1304,2998,2023-08-01,508.06,Entertainment,Credit,Delhi,0
1305,3445,2022-10-08,4771.2,Retail,Credit,Chennai,0
1306,3108,2023-02-23,4846.21,Entertainment,Transfer,Bangalore,0
1307,3957,2023-09-30,221.73,Electronics,Transfer,Mumbai,1
1308,3415,2023-12-05,263.99,Retail,Debit,Hyderabad,0
1309,3578,2023-02-04,2663.82,Electronics,Credit,Hyderabad,0
1310,3030,2023-04-23,3310.88,Entertainment,Credit,Delhi,0
1311,4371,2022-02-04,1454.09,Retail,Debit,Bangalore,0
1312,4300,2023-12-23,4822.21,Retail,Transfer,Chennai,0
1313,4871,2023-08-08,4864.2,Retail,Transfer,Bangalore,0
1314,4161,2023-01-11,3347.34,Retail,Transfer,Mumbai,0
1315,3523,2022-01-21,2686.5,Retail,Transfer,Bangalore,0
1316,2108,2022-03-23,2286.43,Food,Debit,Bangalore,0
1317,2378,2023-06-16,3631.34,Travel,Transfer,Bangalore,0
1318,2823,2023-12-31,4435.29,Retail,Credit,Hyderabad,0
1319,4664,2023-08-04,3422.3,Electronics,Transfer,Chennai,0
1320,3582,2022-09-22,2479.57,Electronics,Debit,Chennai,0
1321,3979,2023-10-07,538.24,Retail,Transfer,Bangalore,0
1322,1271,2022-10-04,2994.91,Travel,Debit,Mumbai,0
1323,3410,2022-06-27,4734.34,Healthcare,Transfer,Hyderabad,0
1324,4027,2023-12-11,309.01,Travel,Debit,Bangalore,0
1325,3991,2023-12-20,25.87,Food,Transfer,Bangalore,0
1326,1440,2023-08-24,1420.06,Food,Transfer,Chennai,0
1327,1146,2023-08-27,1133.34,Retail,Credit,Hyderabad,0
1328,3886,2022-09-02,4692.05,Travel,Debit,Mumbai,0
1329,3939,2022-07-14,4686.72,Food,Transfer,Delhi,0
1330,1859,2022-08-23,1824.43,Healthcare,Debit,Hyderabad,0
1331,3976,2022-08-07,1218.62,Electronics,Debit,Chennai,0
1332,1599,2023-03-07,2238.81,Electronics,Credit,Delhi,0
1333,3875,2022-04-08,4817.91,Travel,Transfer,Bangalore,0
1334,2292,2023-03-10,2483.63,Travel,Credit,Bangalore,0
1335,4991,2022-09-04,4281.37,Healthcare,Credit,Chennai,0
1336,2296,2023-12-23,2982.6,Entertainment,Transfer,Mumbai,0
1337,1040,2022-07-10,4431.69,Travel,Transfer,Delhi,0
1338,3714,2022-08-04,2695.94,Healthcare,Debit,Mumbai,0
1339,4198,2022-10-25,966.98,Entertainment,Transfer,Delhi,0
1340,1643,2022-04-26,852.29,Food,Transfer,Bangalore,0
1341,1634,2023-03-24,3264.63,Electronics,Transfer,Mumbai,0
1342,3934,2022-07-04,3278.83,Entertainment,Debit,Hyderabad,0
1343,4333,2022-05-14,2497.16,Electronics,Transfer,Hyderabad,0
1344,3642,2023-06-24,4774.08,Retail,Credit,Bangalore,0
1345,2611,2022-02-01,1078.05,Travel,Debit,Bangalore,0
1346,3068,2022-03-09,3417.49,Healthcare,Credit,Bangalore,0
1347,4957,2023-12-18,4467.37,Entertainment,Debit,Delhi,0
1348,1238,2022-02-22,507.12,Electronics,Credit,Hyderabad,0
1349,3412,2023-02-10,3945.84,Electronics,Debit,Mumbai,0
1350,1401,2023-11-23,3907.63,Electronics,Credit,Hyderabad,0
1351,2793,2022-07-31,362.9,Food,Transfer,Mumbai,0
1352,3901,2023-04-09,4531.6,Entertainment,Transfer,Chennai,0
1353,3184,2022-12-04,1823.68,Travel,Debit,Hyderabad,0
1354,1091,2023-06-10,2140.84,Food,Debit,Chennai,0
1355,2047,2022-03-14,791.07,Entertainment,Debit,Mumbai,0
1356,2337,2023-09-30,2451.3,Electronics,Credit,Delhi,1
1357,4050,2022-08-08,29.17,Travel,Credit,Mumbai,0
1358,4079,2023-10-06,309.94,Food,Transfer,Mumbai,0
1359,4080,2023-12-28,4361.84,Travel,Debit,Mumbai,0
1360,2670,2023-04-14,3525.15,Travel,Debit,Mumbai,0
1361,1837,2022-06-21,4017.83,Travel,Credit,Hyderabad,0
1362,1890,2022-03-31,2274.96,Retail,Credit,Chennai,0
1363,2194,2022-01-15,3010.22,Retail,Credit,Delhi,0
1364,4139,2023-06-11,2171.23,Retail,Debit,Bangalore,0
1365,2294,2022-11-11,1811.91,Entertainment,Credit,Delhi,0
1366,1009,2022-09-26,4559.99,Retail,Credit,Chennai,0
1367,3167,2022-07-18,2046.57,Food,Credit,Chennai,0
1368,3452,2022-04-09,3274.06,Electronics,Credit,Chennai,0
1369,2050,2023-09-22,4650.31,Healthcare,Credit,Hyderabad,0
1370,3871,2022-03-16,2697.52,Travel,Credit,Mumbai,0
1371,4770,2022-08-11,3830.2,Retail,Debit,Delhi,0
1372,1180,2023-06-13,1179.21,Electronics,Credit,Mumbai,0
1373,1527,2022-09-04,2792.98,Food,Debit,Delhi,0
1374,4297,2023-07-19,3168.72,Retail,Debit,Bangalore,0
1375,4752,2023-01-12,3045.24,Entertainment,Debit,Delhi,0
1376,2485,2023-09-12,619.96,Healthcare,Debit,Bangalore,0
1377,4571,2023-05-25,1394.61,Entertainment,Transfer,Bangalore,0
1378,3256,2022-11-21,2289.05,Retail,Credit,Chennai,0
1379,4558,2022-07-09,2652.06,Travel,Debit,Mumbai,1
1380,2890,2022-12-01,2081.78,Travel,Debit,Bangalore,0
1381,4288,2022-05-09,4879.03,Healthcare,Credit,Hyderabad,0
1382,2816,2023-04-18,4279.54,Entertainment,Credit,Hyderabad,1
1383,4568,2023-04-27,273.25,Electronics,Debit,Delhi,0
1384,3304,2023-04-06,2531.98,Healthcare,Credit,Mumbai,0
1385,3470,2023-10-03,3219.46,Healthcare,Credit,Mumbai,0
1386,4627,2023-12-01,4066.37,Retail,Transfer,Chennai,0
1387,3635,2022-06-17,1057.69,Travel,Credit,Hyderabad,0
1388,1125,2022-04-19,4716.15,Electronics,Transfer,Mumbai,0
1389,4557,2022-05-01,2959.43,Retail,Debit,Bangalore,0
1390,3958,2023-01-05,3140.6,Electronics,Transfer,Delhi,0
1391,1838,2022-03-01,2408.91,Retail,Debit,Hyderabad,0
1392,2957,2022-04-08,4082.57,Travel,Debit,Mumbai,0
1393,4162,2022-06-24,228.7,Electronics,Debit,Bangalore,0
1394,3305,2023-10-24,2855.62,Retail,Credit,Chennai,0
1395,1558,2022-11-14,710.92,Electronics,Transfer,Hyderabad,0
1396,1047,2023-12-11,1170.7,Entertainment,Credit,Bangalore,0
1397,3987,2023-12-26,4633.53,Retail,Credit,Chennai,0
1398,1272,2023-08-29,4722.42,Healthcare,Credit,Chennai,0
1399,2657,2023-03-11,3155.65,Electronics,Debit,Chennai,0
1400,2481,2022-11-09,3321.27,Travel,Debit,Bangalore,0
1401,2925,2022-05-22,565.24,Travel,Credit,Mumbai,0
1402,4785,2023-05-16,410.84,Healthcare,Debit,Hyderabad,0
1403,1232,2023-06-07,3605.2,Retail,Debit,Delhi,0
1404,4839,2023-11-09,4113.12,Travel,Debit,Mumbai,0
1405,4119,2023-05-17,4188.47,Travel,Transfer,Delhi,0
1406,2471,2023-12-02,1181.76,Retail,Debit,Hyderabad,0
1407,1634,2023-08-24,3308.07,Travel,Transfer,Chennai,0
1408,3346,2023-04-11,2922.37,Entertainment,Debit,Chennai,0
1409,1243,2022-05-07,2439.52,Food,Credit,Bangalore,0
1410,3233,2023-09-14,358.04,Food,Debit,Bangalore,0
1411,3734,2022-07-20,4666.05,Healthcare,Debit,Bangalore,0
1412,1343,2022-05-20,120.12,Electronics,Debit,Bangalore,0
1413,1262,2023-01-21,4070.56,Entertainment,Transfer,Delhi,0
1414,4238,2023-10-25,74.92,Electronics,Debit,Delhi,0
1415,3411,2022-09-08,1952.08,Electronics,Credit,Delhi,0
1416,3320,2022-03-28,3957.04,Electronics,Credit,Mumbai,0
1417,3821,2022-11-30,629.22,Travel,Credit,Bangalore,0
1418,1615,2023-04-05,2194.85,Electronics,Transfer,Mumbai,0
1419,3198,2022-07-26,835.63,Electronics,Transfer,Chennai,0
1420,3924,2023-02-19,3162.86,Healthcare,Transfer,Chennai,0
1421,1915,2023-04-17,4746.05,Travel,Debit,Hyderabad,1
1422,1330,2022-12-16,3497.36,Travel,Debit,Delhi,0
1423,2238,2023-01-04,2597.22,Healthcare,Credit,Bangalore,0
1424,4935,2023-10-05,947.38,Retail,Debit,Hyderabad,0
1425,3531,2022-09-27,1162.24,Travel,Transfer,Mumbai,0
1426,3074,2022-10-20,3544.66,Electronics,Transfer,Mumbai,0
1427,1628,2022-04-02,3088.38,Retail,Transfer,Bangalore,0
1428,1898,2023-12-31,4130.99,Retail,Credit,Mumbai,0
1429,4073,2023-03-23,192.38,Healthcare,Transfer,Chennai,0
1430,1464,2022-11-02,648.17,Food,Transfer,Delhi,0
1431,4745,2022-12-26,3190.33,Electronics,Transfer,Hyderabad,0
1432,1650,2023-03-12,73.93,Electronics,Debit,Mumbai,0
1433,1585,2023-05-22,1572.01,Retail,Transfer,Chennai,0
1434,1184,2022-07-11,4932.42,Retail,Debit,Mumbai,0
1435,4455,2023-10-28,1291.0,Retail,Debit,Chennai,0
1436,2881,2023-07-19,4406.46,Electronics,Transfer,Delhi,0
1437,3770,2023-05-28,4253.58,Healthcare,Transfer,Delhi,0
1438,2314,2022-12-08,4167.72,Travel,Debit,Chennai,0
1439,3003,2022-05-23,603.83,Healthcare,Debit,Delhi,0
1440,4991,2022-12-09,2535.01,Electronics,Transfer,Hyderabad,0
1441,3821,2023-05-08,4939.86,Food,Debit,Mumbai,0
1442,4991,2023-11-22,992.63,Healthcare,Debit,Mumbai,0
1443,1566,2022-12-02,2081.18,Healthcare,Debit,Hyderabad,0
1444,1008,2023-10-01,1553.42,Food,Credit,Bangalore,0
1445,3282,2023-06-22,3692.37,Travel,Transfer,Chennai,0
1446,2256,2023-09-04,4585.52,Food,Credit,Bangalore,0
1447,1224,2022-04-17,689.02,Electronics,Transfer,Bangalore,0
1448,1771,2023-12-12,4804.88,Food,Debit,Hyderabad,0
1449,2413,2022-01-17,4396.23,Entertainment,Credit,Chennai,0
1450,4774,2023-11-22,4447.52,Electronics,Credit,Chennai,0
1451,2809,2023-12-27,395.37,Entertainment,Transfer,Bangalore,0
1452,4902,2023-11-30,2428.47,Healthcare,Credit,Chennai,0
1453,3212,2023-09-30,2189.93,Entertainment,Credit,Bangalore,0
1454,2921,2023-10-13,2133.31,Travel,Credit,Mumbai,0
1455,3784,2022-04-08,3554.39,Travel,Credit,Hyderabad,0
1456,1344,2023-06-20,1863.69,Food,Transfer,Bangalore,0
1457,4773,2023-12-16,2909.48,Electronics,Debit,Bangalore,0
1458,4514,2023-09-22,2967.0,Healthcare,Debit,Hyderabad,0
1459,2527,2023-07-20,3309.82,Electronics,Transfer,Hyderabad,0
1460,3862,2023-08-07,2975.92,Retail,Debit,Delhi,0
1461,2584,2023-02-18,3320.39,Retail,Credit,Chennai,0
1462,2784,2022-11-02,3526.03,Food,Transfer,Delhi,0
1463,2493,2022-04-26,101.22,Travel,Debit,Chennai,0
1464,2240,2023-10-16,108.84,Entertainment,Debit,Delhi,0
1465,4995,2023-04-05,3642.42,Electronics,Credit,Delhi,0
1466,1942,2022-12-01,3960.51,Healthcare,Transfer,Bangalore,0
1467,3407,2022-12-11,3702.03,Electronics,Credit,Hyderabad,0
1468,3852,2023-08-21,3970.86,Healthcare,Debit,Delhi,0
1469,2658,2022-12-06,1878.93,Electronics,Transfer,Delhi,0
1470,2082,2023-10-16,254.99,Healthcare,Debit,Hyderabad,0
1471,1946,2022-04-02,4927.65,Entertainment,Debit,Delhi,0
1472,4959,2022-01-25,4948.53,Electronics,Credit,Hyderabad,0
1473,1833,2022-10-12,4762.84,Travel,Credit,Hyderabad,0
1474,4568,2022-10-16,114.66,Electronics,Transfer,Delhi,0
1475,4709,2022-06-21,4799.96,Entertainment,Credit,Delhi,0
1476,2713,2022-08-24,4322.38,Electronics,Credit,Mumbai,1
1477,1203,2023-09-05,3467.56,Entertainment,Debit,Hyderabad,0
1478,2492,2022-03-23,899.91,Electronics,Debit,Delhi,0
1479,4804,2022-09-11,313.99,Healthcare,Credit,Bangalore,0
1480,3501,2023-01-31,652.61,Food,Transfer,Chennai,0
1481,2992,2022-12-20,4290.08,Electronics,Credit,Mumbai,0
1482,2046,2023-01-29,4881.06,Entertainment,Credit,Chennai,0
1483,1061,2022-04-29,661.0,Electronics,Debit,Bangalore,0
1484,3212,2022-04-29,1939.22,Food,Transfer,Delhi,1
1485,3281,2023-03-17,3455.72,Electronics,Transfer,Hyderabad,0
1486,1619,2022-09-29,802.34,Food,Credit,Delhi,0
1487,2782,2022-09-04,2474.72,Healthcare,Debit,Mumbai,0
1488,1222,2023-12-27,4273.54,Healthcare,Transfer,Hyderabad,0
1489,3675,2022-03-04,3983.16,Retail,Credit,Delhi,0
1490,1541,2022-02-28,3767.58,Entertainment,Debit,Bangalore,0
1491,4133,2022-06-01,3106.44,Electronics,Transfer,Chennai,0
1492,1594,2023-01-01,251.45,Healthcare,Credit,Hyderabad,0
1493,4835,2022-12-31,3124.94,Retail,Debit,Chennai,0
1494,4750,2022-01-23,2466.38,Entertainment,Credit,Mumbai,0
1495,3133,2022-08-18,4000.31,Food,Credit,Hyderabad,0
1496,2667,2022-03-15,808.03,Electronics,Credit,Hyderabad,0
1497,2936,2022-03-14,4549.59,Electronics,Transfer,Chennai,0
1498,4255,2022-12-29,1926.93,Entertainment,Transfer,Chennai,0
1499,2365,2022-05-24,4948.72,Retail,Debit,Mumbai,0
1500,2020,2022-04-16,3227.98,Travel,Transfer,Delhi,0
1501,3030,2023-02-01,3764.75,Electronics,Credit,Chennai,1
1502,3514,2022-01-20,1414.22,Electronics,Credit,Mumbai,0
1503,1880,2022-10-10,1829.6,Travel,Debit,Mumbai,0
1504,1016,2022-04-12,3617.39,Travel,Debit,Delhi,0
1505,2354,2022-01-15,913.99,Retail,Credit,Bangalore,0
1506,2201,2023-10-17,4443.8,Electronics,Transfer,Chennai,0
1507,2275,2022-04-08,2463.08,Electronics,Credit,Chennai,0
1508,1892,2023-11-27,2939.06,Healthcare,Credit,Hyderabad,0
1509,4291,2023-09-03,1423.4,Retail,Credit,Mumbai,0
1510,2633,2022-05-21,4060.74,Healthcare,Transfer,Bangalore,0
1511,4287,2023-10-27,62.36,Healthcare,Transfer,Hyderabad,0
1512,1175,2023-08-23,2519.16,Entertainment,Debit,Delhi,0
1513,3261,2023-03-25,719.02,Food,Debit,Delhi,0
1514,2586,2022-12-11,3160.75,Healthcare,Transfer,Delhi,0
1515,1999,2022-08-06,820.46,Travel,Credit,Delhi,0
1516,4633,2023-12-02,839.48,Electronics,Credit,Bangalore,0
1517,1257,2022-06-16,3555.59,Electronics,Debit,Delhi,0
1518,1568,2023-08-20,632.22,Travel,Debit,Bangalore,0
1519,3684,2022-02-17,2750.33,Entertainment,Debit,Delhi,0
1520,2407,2023-05-10,3415.34,Travel,Debit,Bangalore,0
1521,1519,2022-08-31,3999.63,Food,Transfer,Chennai,0
1522,4580,2023-06-23,2229.12,Electronics,Debit,Bangalore,0
1523,2703,2022-11-13,826.65,Retail,Credit,Bangalore,0
1524,2967,2022-04-25,1711.95,Travel,Credit,Chennai,0
1525,1333,2022-03-15,4150.21,Food,Transfer,Hyderabad,0
1526,1811,2023-06-05,2067.77,Food,Debit,Mumbai,0
1527,4944,2022-05-22,404.67,Electronics,Transfer,Hyderabad,0
1528,4148,2023-03-09,2672.6,Retail,Debit,Mumbai,0
1529,3559,2022-08-17,4017.0,Entertainment,Credit,Hyderabad,0
1530,1675,2022-07-21,1829.73,Food,Credit,Delhi,0
1531,3789,2022-01-01,2195.64,Entertainment,Debit,Mumbai,0
1532,3978,2022-09-04,13.4,Food,Credit,Bangalore,0
1533,4415,2022-03-20,4486.27,Travel,Debit,Delhi,0
1534,4023,2022-11-28,4831.81,Healthcare,Credit,Chennai,0
1535,1548,2023-03-18,1756.9,Entertainment,Transfer,Hyderabad,0
1536,3790,2023-10-28,4968.57,Healthcare,Transfer,Bangalore,0
1537,3442,2023-08-01,3535.75,Electronics,Credit,Chennai,0
1538,3129,2022-05-30,1196.49,Electronics,Debit,Hyderabad,0
1539,1426,2023-02-20,1075.41,Entertainment,Credit,Delhi,0
1540,1326,2022-12-22,2855.21,Retail,Credit,Delhi,0
1541,1865,2023-03-26,4026.13,Food,Credit,Delhi,0
1542,1272,2023-08-27,441.53,Travel,Debit,Bangalore,0
1543,1953,2022-05-16,1238.9,Retail,Debit,Hyderabad,0
1544,4263,2022-06-19,2911.21,Travel,Debit,Delhi,0
1545,2430,2023-10-15,4537.51,Travel,Debit,Chennai,0
1546,4217,2022-08-18,807.92,Travel,Credit,Bangalore,0
1547,3140,2023-05-04,1468.27,Travel,Transfer,Delhi,0
1548,1325,2023-07-06,2172.46,Healthcare,Debit,Hyderabad,0
1549,1789,2022-02-09,560.23,Electronics,Credit,Delhi,0
1550,4890,2022-06-29,2351.0,Healthcare,Credit,Chennai,1
1551,2836,2023-08-05,4339.51,Retail,Credit,Bangalore,0
1552,3333,2022-04-28,1578.28,Retail,Transfer,Delhi,0
1553,4313,2023-07-09,271.07,Healthcare,Transfer,Hyderabad,0
1554,4064,2023-04-05,2119.26,Retail,Transfer,Bangalore,0
1555,1030,2023-01-30,2051.2,Food,Transfer,Delhi,0
1556,2533,2023-09-27,1316.17,Travel,Transfer,Mumbai,1
1557,4342,2022-02-16,1383.14,Electronics,Credit,Hyderabad,0
1558,3729,2022-09-04,4561.64,Electronics,Credit,Delhi,0
1559,3816,2022-08-30,2514.28,Electronics,Debit,Hyderabad,0
1560,4867,2022-11-15,3924.43,Food,Debit,Delhi,0
1561,3753,2023-02-09,2276.4,Healthcare,Debit,Hyderabad,0
1562,4078,2023-09-24,3188.08,Healthcare,Debit,Bangalore,0
1563,2088,2022-10-05,3399.52,Entertainment,Transfer,Delhi,0
1564,2951,2022-12-13,477.54,Entertainment,Debit,Mumbai,0
1565,2545,2023-03-12,4870.01,Travel,Credit,Mumbai,0
1566,4858,2022-12-30,4027.98,Healthcare,Debit,Bangalore,0
1567,4101,2022-06-21,1609.23,Entertainment,Debit,Mumbai,0
1568,4247,2023-06-16,982.34,Retail,Transfer,Mumbai,0
1569,3775,2022-10-12,3883.7,Electronics,Debit,Delhi,0
1570,2171,2022-07-19,783.8,Travel,Debit,Chennai,0
1571,3256,2023-05-04,3011.15,Electronics,Debit,Mumbai,0
1572,4801,2023-07-06,1944.66,Electronics,Transfer,Bangalore,0
1573,2921,2022-04-27,373.55,Electronics,Debit,Delhi,0
1574,2721,2023-04-27,3002.69,Electronics,Transfer,Hyderabad,0
1575,1993,2022-10-21,4043.3,Food,Transfer,Hyderabad,0
1576,2024,2023-12-29,4785.98,Travel,Debit,Bangalore,0
1577,2780,2022-05-13,2792.99,Travel,Debit,Hyderabad,0
1578,1280,2022-12-04,896.51,Healthcare,Transfer,Bangalore,0
1579,3868,2023-08-02,3493.77,Travel,Debit,Mumbai,0
1580,4077,2022-07-27,3811.83,Food,Debit,Mumbai,0
1581,1834,2022-08-02,964.29,Healthcare,Credit,Delhi,0
1582,1225,2022-10-29,432.58,Healthcare,Debit,Delhi,0
1583,3086,2023-12-03,2991.11,Entertainment,Credit,Chennai,0
1584,4241,2023-04-20,1888.03,Food,Debit,Hyderabad,0
1585,3259,2023-03-02,3929.46,Travel,Credit,Bangalore,0
1586,2832,2022-12-10,3814.57,Food,Transfer,Bangalore,0
1587,4991,2022-03-24,4034.45,Retail,Credit,Chennai,1
1588,1300,2023-07-20,4620.26,Retail,Credit,Delhi,0
1589,1025,2023-12-15,3273.73,Retail,Credit,Mumbai,0
1590,2967,2023-01-20,3552.03,Travel,Credit,Chennai,0
1591,1466,2022-12-07,1009.83,Food,Debit,Mumbai,0
1592,4794,2022-06-23,795.92,Retail,Debit,Delhi,0
1593,4005,2023-02-13,3014.2,Healthcare,Transfer,Mumbai,0
1594,1572,2023-01-11,2711.13,Healthcare,Credit,Chennai,0
1595,3889,2022-12-31,183.73,Retail,Transfer,Chennai,0
1596,4930,2023-05-21,957.7,Healthcare,Credit,Chennai,0
1597,3764,2022-01-06,1146.88,Entertainment,Credit,Chennai,0
1598,1039,2022-09-02,2225.02,Food,Transfer,Mumbai,0
1599,1924,2022-03-18,2090.27,Retail,Debit,Bangalore,0
1600,3486,2023-10-28,2190.86,Food,Credit,Delhi,0
1601,1866,2022-03-07,2760.06,Retail,Credit,Delhi,0
1602,4414,2022-11-20,3591.35,Healthcare,Credit,Delhi,0
1603,1998,2023-08-13,1183.54,Entertainment,Transfer,Chennai,0
1604,4432,2022-04-04,3650.88,Food,Debit,Hyderabad,0
1605,4194,2022-06-16,251.74,Retail,Transfer,Mumbai,0
1606,3210,2022-09-25,786.71,Travel,Debit,Hyderabad,0
1607,3645,2022-01-08,2545.41,Entertainment,Transfer,Mumbai,1
1608,3560,2022-03-27,670.14,Retail,Debit,Delhi,0
1609,2162,2023-11-15,2196.23,Food,Transfer,Hyderabad,0
1610,3824,2022-10-22,66.36,Healthcare,Debit,Delhi,0
1611,1029,2022-07-02,3384.14,Food,Debit,Chennai,0
1612,2090,2022-08-05,1909.13,Healthcare,Debit,Mumbai,0
1613,1832,2023-10-07,1504.13,Retail,Transfer,Chennai,1
1614,4205,2022-09-09,4038.92,Travel,Transfer,Mumbai,0
1615,3250,2022-04-27,2754.08,Entertainment,Credit,Bangalore,0
1616,1400,2023-01-12,2838.89,Food,Debit,Hyderabad,0
1617,4277,2022-09-03,2841.08,Travel,Credit,Mumbai,0
1618,2301,2023-02-07,1163.57,Healthcare,Credit,Delhi,0
1619,2240,2022-01-16,572.63,Travel,Credit,Mumbai,0
1620,3648,2023-01-13,4298.37,Healthcare,Transfer,Hyderabad,0
1621,2036,2023-11-14,4833.34,Retail,Transfer,Bangalore,0
1622,3953,2023-08-29,1923.92,Food,Debit,Mumbai,0
1623,3605,2023-10-07,3233.29,Electronics,Credit,Hyderabad,0
1624,1869,2022-07-05,464.19,Entertainment,Transfer,Chennai,0
1625,1744,2022-08-25,49.79,Retail,Debit,Chennai,0
1626,3470,2023-12-10,1317.35,Healthcare,Debit,Chennai,0
1627,3951,2023-08-07,444.42,Food,Debit,Chennai,0
1628,4385,2023-10-13,4187.11,Electronics,Transfer,Hyderabad,0
1629,4476,2022-11-04,2060.68,Retail,Debit,Hyderabad,0
1630,3236,2022-01-25,905.99,Food,Transfer,Mumbai,0
1631,3253,2022-06-19,311.22,Entertainment,Transfer,Hyderabad,0
1632,4234,2023-08-30,897.33,Electronics,Credit,Bangalore,0
1633,3859,2022-08-04,3153.51,Food,Debit,Mumbai,0
1634,2177,2023-08-21,338.96,Travel,Transfer,Mumbai,0
1635,1085,2022-07-16,1036.5,Electronics,Transfer,Mumbai,0
1636,4946,2022-04-17,455.62,Healthcare,Debit,Delhi,0
1637,3877,2023-04-16,3632.67,Healthcare,Transfer,Chennai,0
1638,4738,2023-03-23,3641.87,Food,Debit,Delhi,0
1639,1024,2022-09-15,3433.82,Food,Transfer,Bangalore,0
1640,1592,2022-01-05,4863.89,Electronics,Credit,Hyderabad,0
1641,3984,2023-09-05,2813.92,Food,Debit,Delhi,0
1642,2148,2022-08-13,2605.43,Retail,Transfer,Mumbai,0
1643,1066,2022-07-07,47.88,Entertainment,Credit,Hyderabad,0
1644,2654,2023-09-26,4404.91,Food,Credit,Delhi,0
1645,3220,2023-02-16,2393.27,Entertainment,Transfer,Delhi,1
1646,1553,2023-03-02,664.02,Electronics,Debit,Mumbai,0
1647,4278,2022-05-20,649.34,Healthcare,Credit,Bangalore,0
1648,3288,2023-08-23,3244.03,Entertainment,Debit,Bangalore,0
1649,2808,2023-03-20,299.8,Retail,Credit,Mumbai,0
1650,2364,2022-09-29,3422.14,Healthcare,Credit,Bangalore,0
1651,1375,2022-09-04,3646.76,Travel,Debit,Mumbai,0
1652,1728,2022-06-08,2722.57,Entertainment,Transfer,Bangalore,0
1653,4726,2022-09-13,1555.29,Healthcare,Debit,Bangalore,0
1654,2184,2023-07-31,3315.71,Travel,Debit,Bangalore,0
1655,3121,2023-02-24,4925.79,Entertainment,Transfer,Chennai,0
1656,2413,2023-04-19,3199.69,Travel,Credit,Hyderabad,0
1657,2684,2023-10-18,2830.16,Entertainment,Transfer,Delhi,0
1658,4033,2022-02-04,353.86,Electronics,Transfer,Hyderabad,0
1659,2079,2023-06-09,2667.78,Healthcare,Transfer,Chennai,0
1660,1221,2022-05-09,4352.55,Food,Debit,Chennai,0
1661,4295,2022-01-22,1144.54,Food,Transfer,Bangalore,0
1662,4726,2023-03-01,1930.23,Travel,Credit,Bangalore,0
1663,3436,2022-08-31,1243.4,Entertainment,Transfer,Chennai,1
1664,4895,2022-12-18,3197.43,Entertainment,Debit,Hyderabad,0
1665,2379,2022-10-20,491.62,Healthcare,Credit,Chennai,0
1666,4926,2022-03-18,2370.86,Entertainment,Credit,Delhi,0
1667,2392,2023-04-29,370.97,Retail,Transfer,Bangalore,0
1668,4690,2022-07-03,4995.38,Electronics,Debit,Chennai,0
1669,2633,2022-10-05,377.18,Healthcare,Debit,Bangalore,0
1670,3372,2022-10-23,486.56,Retail,Credit,Bangalore,0
1671,4431,2023-07-26,1735.48,Travel,Debit,Chennai,0
1672,3306,2023-02-12,1189.14,Retail,Credit,Chennai,0
1673,2555,2023-10-31,381.35,Entertainment,Credit,Hyderabad,0
1674,4003,2023-12-04,3612.08,Food,Debit,Bangalore,0
1675,1516,2023-09-08,1385.42,Travel,Transfer,Hyderabad,0
1676,1915,2023-09-12,2569.3,Entertainment,Transfer,Mumbai,0
1677,4303,2022-02-21,3597.32,Travel,Transfer,Chennai,0
1678,1569,2023-04-02,2567.44,Retail,Transfer,Delhi,0
1679,2902,2022-02-01,3865.31,Travel,Credit,Hyderabad,0
1680,4789,2022-04-14,1866.28,Electronics,Transfer,Bangalore,0
1681,2780,2022-07-22,2033.25,Travel,Credit,Bangalore,0
1682,2740,2023-03-17,2127.06,Entertainment,Debit,Delhi,0
1683,4195,2023-06-16,3295.99,Entertainment,Debit,Hyderabad,0
1684,3940,2022-07-16,2742.56,Retail,Credit,Chennai,0
1685,2135,2022-06-23,3844.34,Healthcare,Credit,Chennai,0
1686,2542,2023-10-13,2617.91,Entertainment,Credit,Mumbai,0
1687,1311,2023-11-05,1136.45,Travel,Credit,Delhi,0
1688,4788,2023-01-18,1851.64,Travel,Credit,Chennai,0
1689,2536,2022-07-12,2931.66,Food,Transfer,Delhi,0
1690,3703,2023-06-19,2619.59,Food,Debit,Mumbai,0
1691,2927,2022-07-06,2397.16,Travel,Credit,Delhi,0
1692,2721,2022-01-25,2137.18,Entertainment,Transfer,Delhi,0
1693,3197,2022-07-25,825.92,Travel,Debit,Mumbai,0
1694,1448,2022-05-10,1669.83,Travel,Debit,Hyderabad,0
1695,2795,2023-08-31,1465.86,Electronics,Transfer,Bangalore,0
1696,1903,2023-12-26,1173.65,Travel,Debit,Mumbai,0
1697,4299,2022-08-17,2321.94,Healthcare,Transfer,Delhi,0
1698,1955,2022-02-16,32.76,Retail,Transfer,Hyderabad,0
1699,1080,2022-03-11,3685.48,Travel,Transfer,Mumbai,0
1700,3372,2022-12-14,556.96,Electronics,Debit,Delhi,0
1701,1468,2023-09-25,4177.2,Entertainment,Credit,Mumbai,0
1702,3436,2023-12-13,2768.42,Entertainment,Debit,Hyderabad,0
1703,2557,2023-12-21,2887.63,Electronics,Transfer,Delhi,0
1704,1824,2022-11-08,355.04,Entertainment,Debit,Mumbai,0
1705,4880,2022-09-02,3554.33,Food,Transfer,Mumbai,0
1706,3876,2022-09-07,1061.32,Entertainment,Transfer,Chennai,0
1707,4018,2022-07-26,820.91,Food,Debit,Chennai,0
1708,4356,2022-10-01,1595.87,Food,Debit,Delhi,0
1709,2875,2023-07-29,4830.26,Retail,Debit,Delhi,0
1710,4464,2023-03-04,966.1,Electronics,Credit,Delhi,0
1711,4147,2022-11-08,2664.27,Food,Credit,Hyderabad,0
1712,2712,2023-07-13,4572.3,Travel,Transfer,Mumbai,0
1713,2463,2022-12-26,3466.33,Healthcare,Debit,Bangalore,0
1714,4571,2023-09-13,4636.56,Travel,Transfer,Bangalore,0
1715,2282,2022-06-22,4886.31,Electronics,Debit,Delhi,0
1716,2984,2023-12-20,55.24,Retail,Debit,Delhi,0
1717,2472,2023-04-05,1315.71,Retail,Debit,Mumbai,0
1718,1274,2023-01-25,2007.72,Electronics,Transfer,Mumbai,0
1719,1240,2022-05-12,2979.4,Retail,Transfer,Delhi,0
1720,1189,2023-01-05,2866.34,Electronics,Transfer,Delhi,0
1721,4630,2023-11-13,3079.47,Retail,Debit,Mumbai,0
1722,4050,2022-12-17,3116.2,Food,Credit,Hyderabad,0
1723,2000,2023-12-31,4300.11,Healthcare,Debit,Bangalore,0
1724,2246,2022-10-11,1559.49,Entertainment,Credit,Hyderabad,0
1725,1046,2022-05-05,2786.43,Electronics,Transfer,Mumbai,0
1726,1851,2023-09-23,3368.29,Electronics,Transfer,Hyderabad,0
1727,2495,2023-04-25,4272.35,Electronics,Transfer,Bangalore,0
1728,4973,2022-05-16,125.68,Travel,Credit,Chennai,0
1729,4547,2022-01-14,697.02,Healthcare,Transfer,Chennai,0
1730,3413,2023-05-24,1631.29,Retail,Transfer,Hyderabad,0
1731,2071,2022-01-27,2400.61,Electronics,Transfer,Bangalore,0
1732,1350,2022-05-10,2478.89,Electronics,Debit,Hyderabad,0
1733,1463,2022-05-25,4476.24,Healthcare,Debit,Delhi,0
1734,1134,2023-12-31,884.64,Electronics,Transfer,Hyderabad,0
1735,1327,2023-04-19,146.28,Retail,Credit,Mumbai,0
1736,3610,2022-09-11,317.67,Entertainment,Transfer,Delhi,0
1737,1111,2022-06-23,3631.37,Retail,Credit,Delhi,0
1738,2865,2023-10-26,3905.43,Travel,Credit,Delhi,0
1739,4081,2023-10-24,1738.46,Healthcare,Transfer,Chennai,0
1740,1312,2022-08-07,4304.55,Retail,Debit,Bangalore,0
1741,3702,2023-02-22,3636.0,Travel,Credit,Delhi,0
1742,4825,2023-07-19,3819.12,Food,Debit,Delhi,0
1743,4215,2022-10-16,4937.72,Retail,Transfer,Bangalore,0
1744,4313,2023-07-12,3992.43,Healthcare,Transfer,Mumbai,1
1745,2623,2023-02-18,868.55,Healthcare,Transfer,Chennai,0
1746,3979,2022-05-10,3540.69,Electronics,Credit,Chennai,0
1747,2112,2023-03-23,694.28,Travel,Transfer,Chennai,0
1748,4687,2022-09-01,2657.7,Travel,Credit,Bangalore,0
1749,2241,2023-01-24,1829.96,Travel,Debit,Bangalore,0
1750,2763,2023-03-04,1233.09,Entertainment,Transfer,Delhi,0
1751,2196,2022-01-24,4892.6,Healthcare,Debit,Hyderabad,0
1752,2184,2023-02-13,1237.41,Travel,Credit,Chennai,0
1753,4234,2022-05-11,4344.02,Food,Credit,Mumbai,0
1754,4537,2022-05-30,1607.33,Healthcare,Debit,Chennai,0
1755,3869,2022-05-05,1243.09,Retail,Credit,Chennai,0
1756,4271,2022-11-26,3717.4,Healthcare,Debit,Hyderabad,0
1757,3499,2022-02-05,2996.25,Travel,Credit,Mumbai,0
1758,1649,2022-09-25,1450.61,Travel,Transfer,Bangalore,0
1759,1334,2022-05-03,505.36,Electronics,Credit,Mumbai,0
1760,1572,2022-05-29,29.39,Travel,Credit,Chennai,0
1761,2990,2022-05-08,2925.51,Retail,Transfer,Bangalore,0
1762,1040,2023-03-26,3541.07,Retail,Transfer,Hyderabad,0
1763,4469,2022-12-25,2380.57,Entertainment,Debit,Chennai,0
1764,4850,2023-11-12,4866.85,Retail,Debit,Delhi,0
1765,2498,2022-06-23,480.49,Travel,Credit,Hyderabad,0
1766,1210,2022-12-18,1372.49,Electronics,Credit,Delhi,0
1767,4098,2022-12-02,122.73,Electronics,Debit,Delhi,0
1768,3884,2022-04-25,1145.45,Retail,Debit,Delhi,1
1769,4599,2023-01-25,971.49,Entertainment,Debit,Hyderabad,0
1770,4512,2023-04-02,1484.49,Travel,Transfer,Bangalore,0
1771,3262,2022-05-08,2573.25,Travel,Debit,Chennai,0
1772,2950,2023-08-10,4774.56,Electronics,Debit,Bangalore,0
1773,1549,2022-09-30,2506.46,Retail,Credit,Delhi,0
1774,2034,2022-11-23,3654.03,Healthcare,Credit,Delhi,0
1775,1591,2022-05-07,1190.82,Food,Transfer,Bangalore,0
1776,3425,2023-10-26,1269.06,Electronics,Credit,Hyderabad,0
1777,4429,2023-06-01,1218.13,Entertainment,Debit,Hyderabad,0
1778,4050,2022-08-21,4070.9,Travel,Credit,Hyderabad,0
1779,1438,2022-09-10,4749.56,Entertainment,Credit,Delhi,0
1780,4990,2023-05-20,890.11,Food,Credit,Delhi,0
1781,4822,2022-02-27,1324.46,Healthcare,Debit,Delhi,0
1782,1276,2023-05-29,3174.66,Entertainment,Credit,Delhi,0
1783,4558,2022-07-08,4216.3,Food,Transfer,Hyderabad,0
1784,4264,2023-07-07,886.54,Food,Transfer,Mumbai,0
1785,4415,2023-10-12,1281.25,Retail,Credit,Mumbai,0
1786,3706,2022-05-15,531.99,Entertainment,Debit,Bangalore,0
1787,3072,2023-03-25,1460.29,Entertainment,Debit,Bangalore,0
1788,1910,2022-05-06,3694.1,Food,Transfer,Hyderabad,0
1789,1556,2022-11-03,1043.03,Entertainment,Debit,Mumbai,0
1790,1848,2022-07-05,1385.29,Retail,Transfer,Delhi,0
1791,2909,2023-09-09,3496.03,Retail,Transfer,Bangalore,0
1792,4974,2022-06-13,3354.59,Entertainment,Debit,Bangalore,0
1793,4610,2023-12-08,2531.74,Food,Transfer,Mumbai,0
1794,2900,2023-01-02,1249.28,Food,Debit,Delhi,0
1795,4099,2023-03-08,3650.6,Food,Debit,Delhi,0
1796,3509,2023-01-16,2776.58,Entertainment,Debit,Chennai,0
1797,1742,2022-10-01,3112.21,Healthcare,Debit,Delhi,0
1798,4043,2022-05-12,4515.18,Entertainment,Debit,Bangalore,0
1799,3516,2023-07-23,4394.15,Food,Debit,Mumbai,0
1800,1599,2023-09-25,1374.77,Retail,Transfer,Mumbai,0
1801,2683,2022-09-10,2349.93,Retail,Credit,Delhi,0
1802,4195,2023-10-24,2059.03,Healthcare,Transfer,Mumbai,0
1803,3024,2022-06-23,2640.86,Retail,Debit,Mumbai,0
1804,3777,2022-03-28,329.68,Travel,Debit,Delhi,0
1805,1989,2022-10-20,4977.57,Travel,Credit,Bangalore,0
1806,4237,2022-10-27,2514.58,Healthcare,Debit,Mumbai,0
1807,1123,2023-03-30,2962.92,Healthcare,Credit,Hyderabad,0
1808,3562,2023-01-02,4737.63,Electronics,Credit,Hyderabad,0
1809,3780,2022-09-03,1759.65,Healthcare,Debit,Hyderabad,0
1810,1711,2023-12-11,4486.03,Food,Debit,Bangalore,0
1811,2721,2022-02-25,1388.56,Retail,Debit,Delhi,0
1812,1960,2023-11-06,3410.75,Retail,Transfer,Chennai,0
1813,3404,2022-01-29,4989.44,Entertainment,Debit,Chennai,0
1814,4229,2023-09-24,4981.4,Travel,Transfer,Mumbai,0
1815,4704,2022-02-13,272.58,Retail,Credit,Chennai,0
1816,3799,2023-05-29,2697.22,Entertainment,Credit,Mumbai,1
1817,1796,2023-06-21,2685.43,Healthcare,Credit,Bangalore,0
1818,2998,2022-09-04,604.0,Healthcare,Credit,Hyderabad,0
1819,3408,2023-08-08,2950.95,Retail,Credit,Mumbai,0
1820,3874,2022-04-12,4974.87,Entertainment,Debit,Hyderabad,0
1821,2919,2022-11-29,4860.84,Retail,Credit,Hyderabad,0
1822,3982,2022-04-14,1893.93,Healthcare,Transfer,Mumbai,0
1823,4632,2022-11-26,1244.06,Entertainment,Transfer,Chennai,0
1824,1574,2022-03-08,3787.71,Healthcare,Credit,Delhi,0
1825,1153,2022-02-14,2491.43,Food,Credit,Bangalore,0
1826,2190,2023-12-29,1489.18,Retail,Credit,Chennai,0
1827,4441,2023-04-01,3195.89,Entertainment,Transfer,Delhi,0
1828,3336,2023-07-11,4435.17,Travel,Credit,Hyderabad,0
1829,2617,2022-08-16,4269.7,Travel,Credit,Mumbai,0
1830,1434,2023-05-20,423.96,Entertainment,Credit,Bangalore,0
1831,3331,2023-03-25,4066.6,Entertainment,Credit,Delhi,0
1832,2456,2022-02-11,4747.6,Healthcare,Debit,Delhi,0
1833,1877,2023-01-11,3917.57,Travel,Credit,Chennai,0
1834,3559,2023-01-25,1628.64,Food,Transfer,Bangalore,0
1835,1825,2022-10-12,3108.0,Travel,Debit,Hyderabad,0
1836,1117,2023-04-08,825.96,Food,Transfer,Mumbai,0
1837,1279,2023-01-23,3061.86,Travel,Transfer,Chennai,0
1838,3463,2022-05-30,1361.14,Entertainment,Debit,Bangalore,0
1839,4469,2022-11-22,3497.58,Travel,Debit,Delhi,0
1840,1463,2022-10-16,1133.74,Retail,Credit,Delhi,0
1841,4224,2022-10-04,167.67,Food,Debit,Bangalore,0
1842,2554,2022-04-23,584.47,Entertainment,Transfer,Delhi,0
1843,4893,2023-10-29,781.05,Travel,Credit,Chennai,0
1844,3255,2022-01-16,473.49,Entertainment,Transfer,Chennai,0
1845,4177,2023-07-08,2404.44,Electronics,Transfer,Bangalore,0
1846,2529,2022-06-05,4419.54,Electronics,Debit,Bangalore,0
1847,1644,2022-12-27,2709.61,Travel,Credit,Delhi,0
1848,3488,2022-05-17,2938.06,Healthcare,Credit,Bangalore,0
1849,1203,2023-06-13,2488.83,Healthcare,Credit,Hyderabad,0
1850,4649,2022-04-14,1124.48,Travel,Transfer,Mumbai,1
1851,3707,2022-08-25,4072.05,Electronics,Debit,Bangalore,0
1852,3364,2023-06-13,2007.07,Healthcare,Credit,Bangalore,0
1853,3738,2022-03-23,39.69,Retail,Transfer,Mumbai,0
1854,1760,2022-04-02,1914.73,Entertainment,Credit,Mumbai,0
1855,3226,2023-12-23,1273.94,Retail,Transfer,Mumbai,0
1856,1262,2022-05-17,2932.12,Travel,Transfer,Hyderabad,0
1857,4683,2022-05-09,3141.24,Retail,Debit,Delhi,0
1858,4482,2023-12-15,209.89,Retail,Transfer,Chennai,0
1859,1794,2023-12-10,1656.17,Entertainment,Debit,Delhi,0
1860,4633,2022-12-03,1395.45,Retail,Transfer,Mumbai,0
1861,4936,2022-01-21,2839.36,Retail,Transfer,Mumbai,0
1862,4630,2023-12-23,2294.57,Travel,Credit,Delhi,0
1863,1611,2023-03-14,2077.95,Electronics,Credit,Mumbai,0
1864,3388,2022-09-06,965.16,Travel,Credit,Chennai,0
1865,1057,2022-11-25,3443.69,Entertainment,Transfer,Chennai,0
1866,4007,2023-08-31,4698.43,Healthcare,Credit,Mumbai,0
1867,4471,2023-07-26,3804.67,Healthcare,Credit,Bangalore,0
1868,2763,2023-07-21,1862.17,Electronics,Debit,Hyderabad,0
1869,4444,2022-04-13,1835.39,Travel,Transfer,Delhi,0
1870,4829,2023-11-02,1459.73,Travel,Credit,Hyderabad,0
1871,3297,2022-04-22,1961.51,Entertainment,Debit,Chennai,0
1872,4416,2023-08-04,4111.43,Retail,Debit,Hyderabad,0
1873,1695,2023-03-05,1025.03,Food,Debit,Bangalore,0
1874,1656,2022-04-16,2795.46,Food,Debit,Hyderabad,0
1875,3831,2023-09-19,2736.98,Healthcare,Credit,Chennai,0
1876,4281,2022-02-24,3776.12,Food,Credit,Chennai,0
1877,4835,2022-04-11,3091.98,Food,Debit,Hyderabad,0
1878,2619,2023-11-06,2510.28,Electronics,Debit,Bangalore,0
1879,1499,2022-06-22,4096.99,Electronics,Credit,Delhi,0
1880,3415,2023-02-16,1340.86,Travel,Credit,Chennai,0
1881,1299,2023-01-23,4603.64,Entertainment,Transfer,Bangalore,1
1882,4047,2023-09-04,3064.02,Electronics,Debit,Hyderabad,0
1883,3843,2022-02-23,2150.8,Entertainment,Transfer,Hyderabad,0
1884,4604,2022-02-15,4873.18,Electronics,Transfer,Bangalore,0
1885,1006,2022-09-11,353.76,Healthcare,Credit,Chennai,0
1886,1744,2023-06-06,2946.23,Entertainment,Credit,Delhi,0
1887,2591,2023-09-06,3324.48,Food,Credit,Bangalore,0
1888,1471,2023-10-03,690.94,Entertainment,Credit,Bangalore,0
1889,2918,2022-07-17,2522.5,Retail,Debit,Bangalore,0
1890,3047,2022-09-07,976.81,Travel,Credit,Chennai,0
1891,2308,2023-05-29,3314.54,Food,Credit,Chennai,0
1892,3171,2022-04-12,3392.8,Food,Credit,Chennai,0
1893,1786,2022-08-11,3752.75,Electronics,Debit,Mumbai,0
1894,2893,2022-04-02,846.14,Electronics,Transfer,Delhi,0
1895,1828,2023-04-22,704.18,Healthcare,Debit,Mumbai,0
1896,1941,2023-05-20,388.12,Entertainment,Transfer,Chennai,0
1897,2239,2023-01-31,369.94,Food,Transfer,Chennai,0
1898,2773,2022-04-12,285.58,Healthcare,Credit,Chennai,0
1899,1040,2022-08-22,3201.81,Electronics,Transfer,Mumbai,0
1900,4051,2023-06-08,4935.43,Electronics,Credit,Delhi,0
1901,3611,2022-04-10,3003.33,Healthcare,Transfer,Hyderabad,0
1902,2056,2022-04-21,3106.06,Retail,Credit,Chennai,0
1903,3632,2022-09-02,2558.56,Travel,Transfer,Bangalore,0
1904,4754,2023-02-03,4397.93,Electronics,Debit,Hyderabad,0
1905,1883,2023-09-09,3810.16,Electronics,Transfer,Mumbai,0
1906,4546,2023-09-25,633.4,Entertainment,Credit,Chennai,0
1907,3620,2023-01-10,3478.44,Food,Credit,Chennai,0
1908,2707,2023-12-25,1278.95,Travel,Transfer,Bangalore,0
1909,4417,2023-09-18,4924.27,Retail,Credit,Bangalore,0
1910,1862,2023-12-07,213.06,Electronics,Transfer,Hyderabad,0
1911,4679,2023-06-21,798.91,Travel,Debit,Mumbai,0
1912,4538,2023-12-30,4902.54,Entertainment,Debit,Mumbai,0
1913,2711,2022-11-19,3341.22,Healthcare,Transfer,Mumbai,0
1914,1994,2022-10-28,2143.12,Travel,Credit,Bangalore,0
1915,4796,2023-08-21,2878.86,Travel,Credit,Chennai,0
1916,3453,2022-03-11,2117.5,Healthcare,Transfer,Chennai,0
1917,2207,2023-02-04,3521.76,Entertainment,Debit,Chennai,0
1918,1270,2023-06-03,995.1,Travel,Debit,Mumbai,0
1919,4875,2022-05-18,4606.23,Food,Debit,Hyderabad,0
1920,4568,2022-04-26,4602.58,Retail,Credit,Mumbai,0
1921,3256,2022-02-16,1979.84,Entertainment,Debit,Mumbai,0
1922,1452,2023-09-02,3658.24,Food,Credit,Bangalore,0
1923,1206,2022-09-18,4611.98,Travel,Debit,Hyderabad,0
1924,2901,2023-08-05,4886.96,Food,Credit,Hyderabad,0
1925,2706,2022-09-03,4364.6,Retail,Debit,Mumbai,1
1926,4230,2023-09-29,2964.27,Travel,Credit,Hyderabad,0
1927,3901,2022-04-03,2641.66,Food,Debit,Mumbai,0
1928,4738,2022-11-21,1828.98,Electronics,Transfer,Delhi,0
1929,1693,2023-05-08,2196.71,Food,Credit,Bangalore,0
1930,3722,2023-06-09,3453.0,Travel,Credit,Hyderabad,0
1931,4555,2022-06-05,2628.89,Healthcare,Credit,Delhi,0
1932,3435,2022-09-25,2956.31,Healthcare,Transfer,Delhi,0
1933,2234,2022-05-09,796.81,Healthcare,Transfer,Chennai,0
1934,2269,2023-06-18,344.61,Food,Debit,Mumbai,0
1935,1842,2022-11-13,4648.64,Travel,Debit,Bangalore,0
1936,3646,2023-04-28,637.95,Food,Transfer,Mumbai,0
1937,1616,2022-08-03,2172.22,Healthcare,Credit,Hyderabad,1
1938,2542,2022-12-08,507.51,Retail,Transfer,Chennai,0
1939,2481,2022-11-22,1933.62,Electronics,Debit,Hyderabad,0
1940,2004,2023-07-24,449.06,Healthcare,Debit,Mumbai,0
1941,3413,2023-10-26,3887.14,Food,Transfer,Chennai,0
1942,2461,2022-06-22,1534.42,Food,Debit,Chennai,0
1943,4310,2023-02-06,2165.95,Healthcare,Credit,Hyderabad,0
1944,3164,2023-01-30,2484.86,Healthcare,Credit,Hyderabad,0
1945,1697,2023-11-22,2243.0,Entertainment,Credit,Hyderabad,1
1946,4384,2023-03-16,872.66,Food,Debit,Delhi,0
1947,3915,2022-04-20,384.96,Travel,Transfer,Chennai,0
1948,3794,2022-11-05,4262.73,Electronics,Credit,Chennai,0
1949,3458,2023-07-14,2910.96,Electronics,Credit,Delhi,0
1950,1639,2023-12-21,1970.51,Retail,Transfer,Bangalore,0
1951,3268,2023-04-14,4343.34,Travel,Transfer,Delhi,0
1952,2257,2022-02-12,1558.32,Retail,Transfer,Mumbai,0
1953,1624,2022-07-30,2850.81,Travel,Credit,Chennai,0
1954,1630,2022-01-09,1486.11,Retail,Credit,Hyderabad,0
1955,3822,2022-01-17,4042.92,Entertainment,Transfer,Chennai,0
1956,1982,2022-06-02,1880.01,Food,Debit,Mumbai,0
1957,4614,2023-07-04,683.35,Entertainment,Transfer,Chennai,0
1958,3940,2022-08-13,234.74,Retail,Credit,Hyderabad,0
1959,1674,2022-11-04,2907.82,Electronics,Transfer,Hyderabad,0
1960,3748,2022-09-09,4864.85,Healthcare,Credit,Mumbai,0
1961,3643,2022-03-03,2117.23,Entertainment,Credit,Mumbai,0
1962,1370,2022-01-25,736.51,Travel,Credit,Delhi,0
1963,3768,2022-02-24,2909.66,Retail,Credit,Mumbai,1
1964,4240,2023-09-09,2868.8,Electronics,Transfer,Hyderabad,0
1965,2845,2023-12-08,880.38,Entertainment,Credit,Chennai,0
1966,1876,2022-09-19,215.77,Electronics,Credit,Delhi,1
1967,2016,2022-08-08,2028.28,Entertainment,Transfer,Chennai,0
1968,2195,2023-12-21,670.76,Travel,Debit,Hyderabad,0
1969,4897,2022-03-09,2341.83,Healthcare,Credit,Delhi,0
1970,4840,2022-12-12,909.66,Electronics,Transfer,Hyderabad,0
1971,4845,2022-05-03,523.69,Food,Credit,Mumbai,0
1972,4921,2022-09-03,717.38,Electronics,Transfer,Delhi,0
1973,2892,2023-06-29,787.47,Entertainment,Transfer,Hyderabad,0
1974,1459,2023-11-06,4848.08,Retail,Debit,Delhi,0
1975,1795,2023-02-24,1574.43,Entertainment,Transfer,Hyderabad,0
1976,1519,2022-07-23,4855.9,Electronics,Transfer,Chennai,0
1977,3286,2022-07-10,1394.63,Entertainment,Credit,Mumbai,0
1978,1244,2022-05-04,899.6,Healthcare,Debit,Mumbai,0
1979,2166,2023-05-03,1144.49,Healthcare,Debit,Chennai,0
1980,2102,2023-11-22,195.58,Electronics,Credit,Hyderabad,0
1981,3605,2023-06-23,3968.29,Electronics,Credit,Mumbai,0
1982,1228,2023-07-03,2319.14,Entertainment,Debit,Chennai,0
1983,2094,2022-02-24,1714.59,Food,Debit,Delhi,0
1984,4561,2022-05-23,4483.94,Travel,Debit,Mumbai,0
1985,2720,2023-05-30,397.98,Retail,Credit,Bangalore,0
1986,4058,2023-10-03,1238.87,Retail,Debit,Delhi,0
1987,2474,2023-03-26,288.45,Retail,Debit,Chennai,0
1988,3937,2023-06-20,4322.15,Retail,Debit,Hyderabad,0
1989,3334,2022-12-24,1835.14,Entertainment,Debit,Delhi,0
1990,2726,2022-08-20,2770.55,Entertainment,Transfer,Hyderabad,0
1991,1677,2023-05-16,2097.14,Retail,Debit,Hyderabad,0
1992,1893,2022-09-12,4386.51,Healthcare,Debit,Mumbai,0
1993,2327,2023-03-18,1466.62,Entertainment,Credit,Delhi,0
1994,3891,2023-12-20,1257.97,Entertainment,Credit,Delhi,0
1995,2814,2023-02-01,2819.87,Entertainment,Debit,Delhi,0
1996,3246,2022-03-08,2175.26,Travel,Credit,Chennai,0
1997,4344,2023-09-28,2110.72,Electronics,Credit,Chennai,0
1998,3415,2022-10-18,4819.47,Electronics,Debit,Hyderabad,0
1999,1606,2023-09-17,4646.01,Food,Transfer,Hyderabad,0
2000,4612,2023-09-05,499.0,Food,Debit,Hyderabad,0
2001,2608,2022-08-05,1636.78,Entertainment,Debit,Chennai,0
2002,4652,2023-04-28,35.86,Travel,Credit,Mumbai,0
2003,1338,2023-04-29,87.9,Electronics,Transfer,Mumbai,0
2004,4586,2023-05-06,4916.48,Electronics,Credit,Mumbai,0
2005,1917,2023-07-17,80.8,Electronics,Credit,Bangalore,0
2006,1385,2023-12-29,2840.68,Food,Debit,Chennai,0
2007,2040,2023-08-05,312.61,Entertainment,Transfer,Hyderabad,1
2008,2997,2022-03-31,2182.18,Retail,Debit,Mumbai,0
2009,4906,2023-04-05,3682.31,Electronics,Credit,Delhi,0
2010,4893,2022-08-15,4662.51,Entertainment,Transfer,Bangalore,0
2011,4554,2022-04-15,2380.34,Healthcare,Transfer,Mumbai,0
2012,1608,2022-05-14,703.21,Electronics,Transfer,Bangalore,0
2013,1139,2022-03-20,4385.44,Electronics,Transfer,Bangalore,0
2014,2498,2023-09-07,2956.64,Healthcare,Debit,Chennai,0
2015,4550,2022-08-29,4445.44,Entertainment,Debit,Delhi,0
2016,2825,2022-03-01,4549.13,Healthcare,Debit,Mumbai,0
2017,4224,2023-10-15,2152.76,Healthcare,Credit,Chennai,0
2018,1252,2022-04-27,4681.09,Electronics,Transfer,Bangalore,0
2019,2167,2023-02-01,4909.66,Travel,Credit,Chennai,0
2020,4683,2023-01-11,4779.74,Electronics,Debit,Delhi,1
2021,3402,2023-04-27,4282.15,Travel,Transfer,Hyderabad,0
2022,1001,2022-02-21,3218.57,Food,Debit,Hyderabad,0
2023,2163,2022-01-06,2384.49,Electronics,Credit,Mumbai,0
2024,3109,2023-10-23,1678.64,Retail,Transfer,Chennai,0
2025,4460,2023-12-13,4126.99,Electronics,Credit,Mumbai,0
2026,4377,2022-10-02,2770.37,Electronics,Credit,Bangalore,0
2027,4791,2022-01-10,3029.29,Travel,Transfer,Delhi,0
2028,3758,2023-12-14,814.71,Entertainment,Transfer,Delhi,0
2029,1741,2023-06-02,1356.97,Entertainment,Transfer,Hyderabad,0
2030,3642,2023-03-29,2008.6,Electronics,Transfer,Mumbai,1
2031,3808,2022-04-23,4302.77,Travel,Credit,Hyderabad,0
2032,1125,2022-08-23,4821.33,Electronics,Credit,Hyderabad,0
2033,1562,2023-12-07,1007.29,Food,Transfer,Bangalore,0
2034,1860,2023-11-06,2925.96,Travel,Debit,Delhi,0
2035,3342,2022-09-25,4174.78,Healthcare,Credit,Hyderabad,0
2036,1333,2022-12-21,3776.57,Food,Transfer,Delhi,0
2037,4562,2022-01-28,2871.54,Healthcare,Transfer,Mumbai,0
2038,3021,2023-10-28,13.21,Healthcare,Credit,Hyderabad,0
2039,3459,2022-11-11,2218.26,Food,Debit,Mumbai,0
2040,3092,2023-09-27,3897.38,Entertainment,Credit,Bangalore,0
2041,4450,2022-01-26,1521.8,Entertainment,Credit,Chennai,0
2042,1574,2023-03-22,722.16,Healthcare,Credit,Mumbai,0
2043,4369,2022-07-25,1213.84,Healthcare,Credit,Mumbai,0
2044,1990,2023-12-17,1495.08,Healthcare,Debit,Mumbai,0
2045,2863,2022-12-19,920.45,Food,Debit,Chennai,0
2046,2859,2022-11-30,912.96,Retail,Credit,Mumbai,0
2047,4483,2022-05-19,4007.77,Retail,Debit,Delhi,0
2048,4198,2023-05-24,3942.46,Travel,Debit,Delhi,0
2049,4319,2023-08-12,4631.71,Retail,Transfer,Chennai,0
2050,1560,2023-05-10,4259.62,Healthcare,Debit,Hyderabad,0
2051,2007,2022-02-21,1626.77,Electronics,Credit,Mumbai,1
2052,3592,2022-04-14,3159.63,Entertainment,Transfer,Mumbai,0
2053,1746,2023-09-28,1390.68,Retail,Credit,Hyderabad,0
2054,1253,2023-01-30,1826.5,Healthcare,Credit,Chennai,0
2055,3126,2022-09-28,3412.15,Food,Debit,Hyderabad,0
2056,4638,2022-03-29,4190.31,Food,Transfer,Mumbai,0
2057,4797,2023-09-16,3331.15,Healthcare,Debit,Hyderabad,0
2058,3324,2023-11-08,3809.79,Entertainment,Transfer,Bangalore,0
2059,1035,2022-11-18,1815.44,Electronics,Transfer,Chennai,0
2060,4374,2023-09-13,1195.74,Retail,Credit,Hyderabad,0
2061,3848,2022-09-28,4684.29,Electronics,Debit,Hyderabad,0
2062,4734,2022-06-04,3250.29,Entertainment,Debit,Delhi,0
2063,1782,2022-03-24,3872.67,Healthcare,Transfer,Delhi,1
2064,2142,2023-01-21,2824.34,Electronics,Debit,Delhi,0
2065,2201,2023-12-04,4103.03,Travel,Debit,Bangalore,0
2066,1170,2022-03-16,4132.91,Food,Debit,Hyderabad,0
2067,4063,2023-12-26,2009.08,Food,Transfer,Mumbai,0
2068,1363,2022-05-02,4760.37,Electronics,Debit,Chennai,0
2069,4414,2022-09-01,4310.04,Electronics,Transfer,Mumbai,0
2070,3914,2022-01-27,4064.47,Entertainment,Transfer,Chennai,0
2071,4554,2023-01-18,441.23,Travel,Credit,Delhi,0
2072,4698,2023-03-25,2467.88,Healthcare,Debit,Delhi,0
2073,3185,2023-01-23,2152.12,Entertainment,Transfer,Chennai,0
2074,2162,2023-08-12,1704.3,Travel,Transfer,Chennai,0
2075,4995,2022-03-07,1048.08,Entertainment,Credit,Bangalore,0
2076,4931,2023-01-24,2163.67,Electronics,Transfer,Mumbai,0
2077,2147,2022-04-21,1482.79,Travel,Debit,Mumbai,0
2078,3507,2023-03-01,3147.85,Travel,Transfer,Delhi,0
2079,4819,2023-01-08,1300.79,Food,Credit,Bangalore,0
2080,1733,2022-09-14,1296.4,Electronics,Debit,Delhi,0
2081,2655,2022-04-01,39.94,Electronics,Debit,Mumbai,0
2082,1606,2023-12-15,2968.52,Food,Debit,Hyderabad,0
2083,4441,2023-11-26,2645.97,Travel,Transfer,Hyderabad,0
2084,2834,2022-04-01,2789.35,Retail,Credit,Chennai,0
2085,1195,2022-10-14,2884.25,Electronics,Debit,Mumbai,0
2086,4183,2023-02-09,4028.02,Healthcare,Transfer,Bangalore,0
2087,4696,2023-03-14,302.5,Food,Credit,Bangalore,0
2088,1074,2023-10-02,3136.38,Electronics,Transfer,Bangalore,0
2089,3751,2023-05-22,355.25,Food,Transfer,Delhi,0
2090,4597,2023-02-03,1208.58,Electronics,Credit,Delhi,0
2091,1014,2023-03-21,2334.93,Healthcare,Transfer,Chennai,0
2092,2604,2022-04-13,3811.74,Entertainment,Debit,Delhi,0
2093,1485,2023-06-24,890.66,Food,Transfer,Bangalore,0
2094,2062,2023-11-29,3950.48,Entertainment,Debit,Bangalore,1
2095,1234,2023-09-15,3006.62,Travel,Credit,Mumbai,0
2096,2117,2022-12-08,4214.66,Healthcare,Transfer,Delhi,0
2097,4463,2023-12-17,1412.13,Entertainment,Debit,Hyderabad,0
2098,2495,2022-10-04,4741.05,Healthcare,Credit,Mumbai,0
2099,3798,2023-05-02,2517.25,Travel,Credit,Bangalore,0
2100,1608,2022-11-21,3932.63,Food,Credit,Mumbai,0
2101,1030,2022-02-22,919.81,Travel,Debit,Delhi,0
2102,4481,2022-12-02,4624.84,Electronics,Debit,Mumbai,0
2103,2034,2022-04-28,2215.77,Entertainment,Credit,Bangalore,0
2104,3072,2023-11-14,4930.89,Healthcare,Credit,Mumbai,0
2105,2283,2023-08-13,3458.1,Retail,Debit,Delhi,0
2106,4967,2023-09-02,4247.15,Electronics,Transfer,Mumbai,0
2107,4744,2023-07-26,929.57,Food,Credit,Mumbai,0
2108,3178,2023-02-27,3639.17,Retail,Transfer,Bangalore,0
2109,3680,2022-05-18,4539.59,Travel,Transfer,Mumbai,0
2110,3339,2023-11-07,2028.09,Healthcare,Credit,Hyderabad,0
2111,3932,2023-06-17,4035.74,Travel,Credit,Delhi,0
2112,2070,2023-07-06,973.59,Electronics,Credit,Chennai,0
2113,1626,2023-09-28,1865.86,Travel,Credit,Bangalore,0
2114,4876,2023-07-22,4621.33,Food,Transfer,Bangalore,0
2115,1540,2022-02-13,2805.15,Electronics,Credit,Chennai,0
2116,1784,2023-04-28,3660.67,Entertainment,Debit,Hyderabad,0
2117,2618,2022-11-13,751.07,Food,Debit,Mumbai,0
2118,3248,2023-02-05,3933.33,Retail,Debit,Hyderabad,0
2119,3560,2022-10-24,2286.23,Electronics,Debit,Bangalore,0
2120,2831,2023-06-15,1814.58,Food,Debit,Mumbai,0
2121,3560,2022-04-28,4203.14,Healthcare,Credit,Mumbai,0
2122,1778,2022-02-21,593.74,Retail,Transfer,Chennai,0
2123,2045,2023-06-30,1065.75,Travel,Debit,Mumbai,0
2124,2150,2022-04-18,1798.91,Food,Credit,Chennai,0
2125,3364,2023-08-22,1536.29,Electronics,Transfer,Hyderabad,0
2126,2583,2022-10-21,2520.93,Entertainment,Transfer,Bangalore,0
2127,3208,2022-10-03,3196.16,Retail,Transfer,Bangalore,0
2128,2097,2022-03-12,315.82,Entertainment,Credit,Mumbai,1
2129,2199,2023-12-18,2449.59,Retail,Credit,Delhi,0
2130,2897,2022-12-07,4348.03,Entertainment,Credit,Bangalore,0
2131,3722,2022-11-24,3838.21,Healthcare,Debit,Mumbai,0
2132,3650,2022-06-02,4746.22,Travel,Credit,Chennai,0
2133,1465,2022-12-31,240.29,Retail,Transfer,Delhi,0
2134,4723,2023-09-18,896.05,Retail,Transfer,Mumbai,0
2135,2250,2023-06-15,3856.94,Entertainment,Debit,Delhi,0
2136,2300,2022-03-05,2021.34,Electronics,Debit,Hyderabad,0
2137,4304,2022-11-18,2087.15,Retail,Debit,Chennai,0
2138,4007,2022-09-25,324.0,Travel,Debit,Chennai,0
2139,3633,2023-01-02,888.28,Food,Debit,Hyderabad,0
2140,2767,2022-11-09,3783.38,Healthcare,Transfer,Chennai,0
2141,1297,2022-09-02,318.98,Food,Transfer,Bangalore,0
2142,4871,2023-08-19,4573.85,Healthcare,Debit,Chennai,0
2143,4639,2024-01-01,1666.79,Electronics,Debit,Mumbai,0
2144,1643,2022-11-12,4530.88,Food,Debit,Mumbai,0
2145,2626,2023-06-23,3849.06,Food,Debit,Delhi,0
2146,4059,2023-06-26,2283.46,Travel,Credit,Mumbai,0
2147,2961,2022-04-09,961.39,Food,Credit,Hyderabad,0
2148,1708,2022-09-22,1469.29,Travel,Credit,Hyderabad,0
2149,1370,2022-07-24,914.67,Electronics,Credit,Chennai,0
2150,3086,2023-09-26,738.61,Travel,Credit,Chennai,0
2151,3641,2022-01-23,1517.47,Food,Credit,Delhi,0
2152,2015,2023-08-17,286.14,Retail,Debit,Chennai,0
2153,1940,2023-10-28,4677.12,Food,Transfer,Chennai,0
2154,4537,2022-04-01,1954.43,Food,Debit,Delhi,0
2155,4582,2022-02-23,2521.5,Electronics,Debit,Chennai,0
2156,1212,2022-10-31,2358.93,Retail,Transfer,Delhi,0
2157,2118,2022-11-17,29.04,Travel,Transfer,Delhi,0
2158,2847,2023-03-27,4202.39,Healthcare,Transfer,Chennai,0
2159,4990,2022-05-14,3620.7,Food,Transfer,Hyderabad,0
2160,4193,2023-06-20,1802.12,Electronics,Credit,Delhi,0
2161,1501,2022-05-10,3707.26,Electronics,Credit,Delhi,0
2162,2712,2023-08-05,4743.23,Entertainment,Debit,Bangalore,0
2163,2347,2022-01-07,3467.61,Entertainment,Credit,Bangalore,0
2164,1693,2022-05-30,3182.8,Healthcare,Transfer,Bangalore,0
2165,4975,2023-12-30,3130.9,Food,Debit,Bangalore,0
2166,4074,2022-07-26,4173.64,Retail,Credit,Chennai,0
2167,2567,2023-02-02,1995.85,Food,Debit,Bangalore,0
2168,1099,2023-04-01,2192.83,Food,Credit,Mumbai,0
2169,3625,2023-12-17,661.94,Food,Debit,Chennai,0
2170,2358,2023-08-04,2354.03,Entertainment,Credit,Delhi,0
2171,1939,2022-05-04,4201.98,Electronics,Debit,Mumbai,0
2172,4236,2022-05-21,1907.84,Healthcare,Transfer,Hyderabad,0
2173,3641,2023-10-08,339.59,Travel,Debit,Mumbai,0
2174,1445,2022-01-27,1180.87,Healthcare,Transfer,Hyderabad,0
2175,1696,2023-02-03,4183.32,Food,Debit,Bangalore,0
2176,2508,2022-09-29,4615.57,Travel,Debit,Delhi,0
2177,2816,2023-11-28,4985.24,Travel,Transfer,Delhi,0
2178,3688,2022-06-08,670.75,Electronics,Transfer,Delhi,0
2179,3696,2023-11-09,312.48,Food,Debit,Bangalore,1
2180,4699,2023-10-10,380.71,Food,Transfer,Delhi,0
2181,2294,2023-01-15,727.41,Retail,Credit,Delhi,0
2182,1589,2022-03-30,4146.99,Retail,Debit,Chennai,0
2183,1884,2023-05-09,1670.02,Retail,Debit,Delhi,0
2184,2229,2023-08-22,2195.14,Retail,Debit,Hyderabad,0
2185,2794,2023-06-23,2649.79,Healthcare,Transfer,Delhi,0
2186,1952,2022-12-19,2533.16,Travel,Transfer,Hyderabad,0
2187,4768,2022-05-14,501.86,Entertainment,Debit,Chennai,1
2188,1892,2022-06-13,1432.15,Entertainment,Debit,Mumbai,0
2189,1840,2023-08-13,1014.22,Electronics,Debit,Hyderabad,0
2190,4212,2023-06-19,4869.62,Food,Credit,Delhi,0
2191,3012,2023-07-27,3522.96,Retail,Credit,Bangalore,0
2192,3962,2022-10-18,1960.04,Entertainment,Debit,Chennai,0
2193,2488,2022-03-29,1703.91,Food,Transfer,Bangalore,0
2194,4812,2023-10-31,1014.15,Electronics,Transfer,Hyderabad,0
2195,4474,2023-11-14,39.45,Food,Credit,Mumbai,0
2196,2981,2023-07-13,4200.54,Food,Transfer,Bangalore,0
2197,4302,2022-07-07,1197.83,Travel,Transfer,Chennai,0
2198,4079,2023-04-16,4555.24,Food,Transfer,Hyderabad,0
2199,1124,2023-09-21,521.7,Food,Credit,Chennai,0
2200,1045,2022-08-27,2376.08,Retail,Transfer,Chennai,0
2201,1532,2022-05-09,1513.74,Travel,Debit,Chennai,0
2202,4890,2023-07-31,3737.28,Food,Debit,Hyderabad,0
2203,3687,2022-08-23,3282.29,Retail,Debit,Mumbai,0
2204,4462,2022-06-01,3671.45,Food,Transfer,Chennai,0
2205,1360,2022-06-19,655.77,Entertainment,Transfer,Delhi,0
2206,1313,2023-04-19,2695.92,Entertainment,Credit,Chennai,0
2207,2067,2022-10-05,1627.55,Travel,Credit,Delhi,0
2208,3349,2023-01-08,327.99,Food,Debit,Chennai,0
2209,4380,2022-10-09,3458.88,Healthcare,Transfer,Delhi,0
2210,2073,2022-09-30,2155.03,Retail,Credit,Mumbai,0
2211,3746,2023-11-23,185.78,Food,Transfer,Mumbai,0
2212,1154,2022-06-13,4629.83,Healthcare,Credit,Hyderabad,0
2213,1321,2023-03-24,1255.03,Healthcare,Debit,Hyderabad,0
2214,2498,2023-10-04,3650.31,Food,Transfer,Bangalore,0
2215,3403,2023-09-19,4815.14,Travel,Debit,Hyderabad,0
2216,4881,2022-11-21,213.32,Travel,Debit,Chennai,0
2217,3730,2023-08-05,4897.6,Food,Credit,Chennai,0
2218,2959,2022-07-26,83.58,Electronics,Credit,Hyderabad,0
2219,1932,2023-03-08,3150.0,Food,Credit,Mumbai,0
2220,1787,2023-03-20,4797.43,Food,Transfer,Delhi,0
2221,3397,2023-01-29,1131.9,Travel,Transfer,Delhi,1
2222,1051,2023-06-30,1065.32,Travel,Credit,Delhi,0
2223,2971,2023-03-03,3897.07,Electronics,Debit,Mumbai,0
2224,1356,2023-06-12,198.32,Retail,Transfer,Delhi,0
2225,4668,2023-02-01,3859.51,Electronics,Credit,Hyderabad,0
2226,1941,2023-01-16,1969.17,Healthcare,Transfer,Delhi,1
2227,3577,2022-09-13,4709.46,Retail,Credit,Hyderabad,0
2228,2573,2022-11-12,1102.75,Food,Transfer,Mumbai,0
2229,3462,2022-06-20,2784.65,Retail,Credit,Hyderabad,0
2230,1000,2022-11-24,4984.78,Healthcare,Credit,Delhi,0
2231,1527,2023-05-28,425.33,Electronics,Transfer,Mumbai,0
2232,4026,2022-10-23,10.98,Healthcare,Debit,Mumbai,0
2233,3995,2022-12-04,4578.31,Entertainment,Credit,Chennai,0
2234,2694,2023-01-11,3349.33,Retail,Transfer,Delhi,0
2235,3758,2022-06-10,2081.89,Travel,Transfer,Mumbai,0
2236,4457,2023-02-21,2447.4,Retail,Debit,Delhi,0
2237,1979,2022-06-14,1689.83,Food,Transfer,Mumbai,0
2238,4559,2023-07-15,4384.52,Healthcare,Transfer,Bangalore,0
2239,2943,2023-08-29,4218.21,Retail,Debit,Delhi,0
2240,3718,2022-07-30,3239.3,Travel,Credit,Delhi,1
2241,3071,2023-08-07,4430.23,Travel,Transfer,Hyderabad,0
2242,4138,2023-05-19,626.57,Electronics,Transfer,Delhi,0
2243,4539,2022-01-04,3800.53,Entertainment,Credit,Mumbai,0
2244,2114,2023-06-17,4134.43,Food,Transfer,Delhi,0
2245,3378,2023-07-29,4629.59,Healthcare,Debit,Hyderabad,0
2246,3220,2022-05-22,3211.71,Food,Debit,Delhi,0
2247,2488,2022-01-13,1447.42,Electronics,Transfer,Hyderabad,0
2248,4967,2022-02-20,2320.34,Retail,Debit,Hyderabad,0
2249,3187,2022-12-05,3162.39,Travel,Credit,Mumbai,0
2250,3480,2022-01-21,3702.02,Healthcare,Transfer,Hyderabad,0
2251,4082,2023-04-27,4448.76,Electronics,Transfer,Chennai,0
2252,4413,2023-10-05,761.52,Food,Credit,Delhi,0
2253,1060,2023-09-17,2387.87,Electronics,Credit,Bangalore,0
2254,2958,2022-06-30,4051.92,Healthcare,Debit,Chennai,0
2255,1600,2022-03-13,3010.71,Electronics,Debit,Hyderabad,0
2256,1118,2023-01-09,3240.18,Entertainment,Debit,Hyderabad,0
2257,1919,2022-08-25,519.84,Entertainment,Credit,Bangalore,0
2258,3980,2022-03-11,3066.52,Entertainment,Credit,Chennai,0
2259,3141,2022-03-17,3952.35,Entertainment,Debit,Delhi,0
2260,2120,2023-05-28,1949.6,Electronics,Credit,Bangalore,0
2261,3829,2023-08-09,1847.58,Travel,Credit,Chennai,0
2262,1343,2022-09-22,1818.82,Travel,Debit,Delhi,0
2263,2240,2022-11-09,2568.24,Food,Transfer,Hyderabad,0
2264,3537,2023-12-31,1458.47,Retail,Debit,Hyderabad,0
2265,4758,2023-02-05,4909.65,Healthcare,Credit,Mumbai,0
2266,3430,2023-02-20,1284.97,Retail,Credit,Bangalore,0
2267,2862,2023-10-08,134.39,Electronics,Transfer,Chennai,0
2268,3784,2022-09-26,1074.19,Food,Debit,Delhi,0
2269,3918,2022-12-17,1669.96,Food,Transfer,Chennai,0
2270,4522,2023-04-06,1398.94,Healthcare,Debit,Bangalore,0
2271,2660,2022-06-30,4416.13,Food,Debit,Bangalore,0
2272,2857,2023-09-28,4430.83,Entertainment,Transfer,Delhi,0
2273,4266,2023-05-16,1881.48,Food,Debit,Mumbai,0
2274,3668,2022-01-18,2117.81,Retail,Credit,Mumbai,0
2275,3164,2022-04-26,4582.32,Travel,Credit,Mumbai,0
2276,2403,2023-09-28,1802.6,Entertainment,Transfer,Delhi,0
2277,4225,2023-01-23,2186.64,Healthcare,Debit,Hyderabad,0
2278,4857,2023-12-11,4633.79,Entertainment,Debit,Bangalore,0
2279,3038,2022-10-20,4269.75,Retail,Transfer,Hyderabad,0
2280,1058,2023-03-13,3962.06,Healthcare,Debit,Delhi,0
2281,3234,2022-02-05,2966.37,Travel,Debit,Bangalore,0
2282,2782,2023-07-29,1096.73,Healthcare,Credit,Mumbai,0
2283,1673,2022-01-25,1016.82,Electronics,Credit,Mumbai,0
2284,4926,2022-04-18,3168.35,Travel,Debit,Mumbai,0
2285,1561,2022-08-27,4345.47,Healthcare,Credit,Mumbai,0
2286,2146,2022-10-31,3085.38,Food,Debit,Hyderabad,0
2287,2177,2022-02-01,411.51,Food,Debit,Bangalore,0
2288,3061,2023-11-13,2355.48,Entertainment,Transfer,Hyderabad,0
2289,2994,2022-03-08,4994.46,Electronics,Debit,Chennai,0
2290,2243,2022-02-01,3805.94,Food,Transfer,Delhi,0
2291,1380,2022-04-03,3546.1,Food,Debit,Bangalore,0
2292,3807,2023-07-31,2502.83,Electronics,Credit,Chennai,0
2293,4298,2023-07-08,524.28,Entertainment,Debit,Bangalore,0
2294,2517,2022-09-15,3772.84,Entertainment,Credit,Delhi,0
2295,2672,2022-11-10,4916.16,Retail,Debit,Chennai,0
2296,1140,2022-05-31,3209.98,Healthcare,Credit,Chennai,0
2297,4658,2022-09-12,3462.65,Travel,Transfer,Chennai,0
2298,4657,2023-02-23,1749.28,Electronics,Credit,Chennai,0
2299,3383,2022-04-25,429.55,Healthcare,Debit,Bangalore,0
2300,1752,2023-01-08,457.82,Retail,Debit,Delhi,0
2301,2614,2023-11-23,4624.38,Electronics,Credit,Bangalore,0
2302,3985,2022-04-08,2359.3,Retail,Transfer,Delhi,0
2303,1401,2023-08-06,3492.06,Entertainment,Credit,Delhi,0
2304,4298,2023-08-24,2802.74,Retail,Debit,Delhi,0
2305,4311,2023-08-23,2920.58,Healthcare,Debit,Hyderabad,0
2306,3797,2022-08-19,3758.05,Retail,Debit,Chennai,0
2307,2985,2023-03-30,2785.86,Travel,Credit,Delhi,0
2308,2484,2022-05-02,4776.99,Electronics,Credit,Chennai,0
2309,4301,2023-07-25,4989.15,Healthcare,Debit,Bangalore,0
2310,1640,2023-11-11,4214.44,Travel,Credit,Delhi,0
2311,4223,2023-01-09,4631.02,Entertainment,Transfer,Mumbai,0
2312,4867,2023-05-21,3526.86,Electronics,Debit,Bangalore,1
2313,1840,2022-02-15,3003.33,Retail,Credit,Hyderabad,0
2314,2259,2022-04-14,2174.51,Healthcare,Credit,Chennai,0
2315,4323,2023-08-02,4250.21,Entertainment,Transfer,Mumbai,0
2316,2605,2023-04-16,4600.72,Entertainment,Transfer,Chennai,0
2317,4767,2022-03-19,4665.75,Retail,Transfer,Mumbai,0
2318,2463,2023-05-05,4844.33,Electronics,Credit,Chennai,0
2319,3296,2022-08-01,1057.88,Entertainment,Transfer,Hyderabad,0
2320,2210,2023-06-01,4180.56,Travel,Transfer,Delhi,0
2321,4069,2023-09-27,1159.14,Entertainment,Transfer,Mumbai,0
2322,3029,2023-01-08,1134.63,Electronics,Debit,Mumbai,1
2323,1941,2022-04-25,3317.7,Travel,Credit,Chennai,0
2324,2397,2023-09-30,2116.3,Healthcare,Transfer,Bangalore,0
2325,1073,2022-05-29,996.27,Food,Transfer,Delhi,0
2326,1750,2022-06-13,2656.92,Travel,Credit,Hyderabad,0
2327,2325,2022-11-28,3922.45,Retail,Credit,Hyderabad,0
2328,4637,2022-08-05,1025.94,Electronics,Credit,Bangalore,0
2329,2041,2023-11-28,1455.78,Retail,Credit,Bangalore,0
2330,3179,2023-05-02,1803.9,Entertainment,Debit,Chennai,0
2331,4142,2023-01-08,1876.33,Retail,Credit,Chennai,0
2332,1335,2023-09-01,1621.95,Healthcare,Credit,Bangalore,0
2333,3368,2022-03-09,1053.73,Food,Credit,Bangalore,0
2334,3695,2023-10-26,503.74,Travel,Credit,Mumbai,0
2335,2874,2023-07-18,2864.59,Entertainment,Credit,Hyderabad,0
2336,4978,2023-04-22,353.04,Travel,Debit,Delhi,0
2337,3786,2022-01-10,2446.06,Entertainment,Credit,Mumbai,0
2338,1823,2023-05-29,2906.51,Food,Debit,Bangalore,1
2339,4781,2023-11-26,636.09,Entertainment,Transfer,Bangalore,0
2340,1053,2023-06-24,2330.93,Entertainment,Credit,Delhi,0
2341,1015,2023-02-10,4612.79,Healthcare,Debit,Delhi,1
2342,2640,2023-08-17,1463.04,Electronics,Credit,Delhi,0
2343,1572,2022-10-11,2864.95,Travel,Credit,Bangalore,0
2344,3625,2022-12-21,4318.39,Entertainment,Transfer,Mumbai,0
2345,2827,2023-03-17,886.05,Healthcare,Transfer,Chennai,0
2346,3255,2023-10-19,2703.57,Retail,Credit,Bangalore,0
2347,1958,2023-09-11,4470.2,Retail,Transfer,Mumbai,0
2348,3487,2022-03-08,2863.29,Food,Credit,Chennai,0
2349,1941,2022-08-07,872.49,Travel,Transfer,Hyderabad,0
2350,1234,2023-02-11,3708.37,Healthcare,Credit,Chennai,0
2351,4938,2022-06-07,1730.37,Electronics,Debit,Hyderabad,0
2352,2089,2023-07-03,2278.17,Entertainment,Transfer,Bangalore,0
2353,4841,2022-08-13,485.25,Healthcare,Debit,Mumbai,0
2354,1080,2023-09-27,1849.57,Electronics,Transfer,Chennai,0
2355,4455,2022-06-07,1533.03,Healthcare,Transfer,Mumbai,0
2356,1165,2022-08-19,2500.6,Entertainment,Credit,Hyderabad,0
2357,4521,2023-03-10,1653.62,Food,Transfer,Bangalore,0
2358,3417,2023-09-06,3475.49,Entertainment,Debit,Mumbai,0
2359,4999,2023-10-01,263.19,Retail,Credit,Hyderabad,0
2360,4033,2022-06-18,4040.33,Healthcare,Credit,Bangalore,0
2361,3167,2023-02-09,3704.65,Food,Transfer,Chennai,0
2362,1213,2022-09-30,4586.3,Healthcare,Debit,Mumbai,0
2363,3040,2022-03-04,1185.93,Healthcare,Debit,Hyderabad,0
2364,2587,2023-04-20,2409.48,Healthcare,Debit,Bangalore,0
2365,3149,2022-11-22,2404.34,Healthcare,Debit,Chennai,0
2366,3452,2022-12-01,41.39,Retail,Transfer,Hyderabad,0
2367,2188,2023-08-03,4096.9,Food,Transfer,Delhi,0
2368,3700,2022-07-09,175.59,Healthcare,Debit,Hyderabad,0
2369,3590,2022-10-26,2760.8,Travel,Transfer,Chennai,0
2370,1710,2022-04-16,584.4,Travel,Transfer,Hyderabad,0
2371,3487,2022-05-30,2693.95,Food,Debit,Bangalore,0
2372,1495,2022-10-18,3680.09,Healthcare,Credit,Chennai,0
2373,1030,2023-11-24,4125.39,Entertainment,Debit,Delhi,0
2374,1749,2022-12-13,3702.97,Healthcare,Credit,Delhi,0
2375,4961,2022-10-24,3127.29,Entertainment,Credit,Bangalore,0
2376,4814,2023-09-15,123.05,Electronics,Transfer,Chennai,0
2377,1574,2022-01-02,3770.73,Electronics,Transfer,Mumbai,0
2378,4546,2022-08-15,3587.43,Entertainment,Debit,Chennai,1
2379,1632,2023-05-24,975.5,Entertainment,Debit,Delhi,0
2380,3771,2022-09-23,144.22,Entertainment,Credit,Chennai,0
2381,2992,2022-08-09,3581.98,Food,Transfer,Chennai,0
2382,2211,2022-08-13,4428.62,Entertainment,Debit,Mumbai,0
2383,4090,2023-04-29,2007.05,Healthcare,Debit,Bangalore,0
2384,3131,2022-07-09,3692.33,Food,Credit,Bangalore,0
2385,3124,2023-07-01,485.53,Food,Debit,Bangalore,0
2386,4559,2023-02-20,2730.82,Electronics,Transfer,Chennai,0
2387,3627,2023-02-16,143.55,Food,Credit,Chennai,0
2388,4409,2022-05-04,2773.29,Entertainment,Transfer,Bangalore,0
2389,3976,2022-01-21,4879.64,Food,Debit,Bangalore,0
2390,1310,2022-11-13,709.66,Healthcare,Transfer,Bangalore,0
2391,2023,2022-08-08,2552.44,Electronics,Transfer,Bangalore,0
2392,2024,2022-06-12,1295.22,Electronics,Debit,Hyderabad,0
2393,2784,2023-09-01,4097.7,Food,Credit,Bangalore,0
2394,3517,2022-02-01,2537.35,Healthcare,Credit,Mumbai,0
2395,1724,2023-07-03,1997.25,Electronics,Transfer,Mumbai,0
2396,3004,2022-02-19,3055.95,Healthcare,Debit,Delhi,0
2397,3843,2022-02-23,2324.09,Food,Credit,Hyderabad,0
2398,2615,2022-10-23,1334.25,Food,Credit,Chennai,0
2399,4209,2023-11-09,992.6,Retail,Debit,Chennai,0
2400,2512,2022-03-24,2033.17,Travel,Credit,Bangalore,0
2401,3210,2022-09-28,2110.23,Retail,Credit,Delhi,0
2402,2273,2023-11-11,635.68,Retail,Credit,Bangalore,0
2403,1601,2022-11-30,775.88,Travel,Transfer,Mumbai,0
2404,4586,2022-06-12,2099.54,Healthcare,Transfer,Chennai,0
2405,2617,2023-03-02,2864.0,Electronics,Transfer,Delhi,0
2406,1425,2022-07-12,3203.05,Food,Transfer,Bangalore,0
2407,1271,2022-05-18,2647.61,Retail,Credit,Delhi,0
2408,1956,2023-09-17,2098.33,Retail,Credit,Mumbai,0
2409,1795,2022-04-30,4089.21,Food,Debit,Bangalore,0
2410,3769,2023-12-17,1226.8,Entertainment,Credit,Delhi,0
2411,4146,2023-01-28,4248.42,Entertainment,Debit,Hyderabad,0
2412,4944,2022-01-24,4236.91,Healthcare,Transfer,Mumbai,0
2413,3372,2022-09-24,2790.54,Food,Transfer,Hyderabad,0
2414,3216,2023-06-27,170.45,Food,Debit,Hyderabad,0
2415,4286,2023-10-21,3419.22,Food,Credit,Chennai,0
2416,4666,2022-02-28,2300.06,Travel,Credit,Hyderabad,0
2417,2664,2023-08-01,4236.52,Healthcare,Credit,Chennai,0
2418,3468,2023-03-25,2462.99,Electronics,Debit,Delhi,0
2419,3762,2022-06-25,4836.24,Electronics,Transfer,Mumbai,0
2420,1900,2022-01-15,4665.24,Food,Credit,Mumbai,0
2421,2641,2022-11-26,2462.44,Travel,Transfer,Bangalore,0
2422,3424,2022-01-30,2506.47,Electronics,Credit,Mumbai,0
2423,4332,2023-07-23,4272.57,Food,Credit,Hyderabad,0
2424,4997,2023-05-02,4660.61,Travel,Debit,Chennai,0
2425,2148,2023-12-08,4981.9,Travel,Debit,Mumbai,0
2426,3007,2022-04-21,605.74,Electronics,Credit,Mumbai,0
2427,3730,2022-06-17,3207.53,Entertainment,Credit,Mumbai,0
2428,2131,2023-10-21,1609.34,Entertainment,Transfer,Hyderabad,0
2429,2712,2022-03-10,4860.04,Electronics,Debit,Bangalore,0
2430,1828,2022-01-28,39.88,Electronics,Debit,Mumbai,0
2431,1065,2023-06-09,2544.3,Entertainment,Transfer,Mumbai,0
2432,2411,2022-06-29,4468.13,Food,Transfer,Mumbai,0
2433,4087,2023-12-13,2318.42,Retail,Credit,Bangalore,0
2434,2066,2022-11-22,186.05,Food,Debit,Delhi,0
2435,4943,2023-06-21,1227.71,Healthcare,Credit,Bangalore,0
2436,4106,2022-11-17,4085.29,Entertainment,Debit,Delhi,0
2437,4146,2023-08-02,3382.73,Travel,Credit,Delhi,0
2438,1190,2023-12-24,2810.65,Retail,Debit,Delhi,0
2439,2857,2022-04-28,4234.82,Healthcare,Transfer,Bangalore,0
2440,2125,2022-01-06,675.11,Electronics,Debit,Bangalore,0
2441,2440,2022-11-07,429.84,Food,Debit,Delhi,0
2442,1921,2022-08-24,4642.81,Retail,Transfer,Mumbai,0
2443,3694,2023-04-29,3901.58,Retail,Credit,Bangalore,0
2444,1350,2022-02-23,259.82,Retail,Debit,Mumbai,1
2445,2201,2023-03-18,2578.32,Food,Debit,Chennai,0
2446,2879,2022-02-26,2359.7,Healthcare,Debit,Chennai,0
2447,3270,2022-12-08,1435.78,Electronics,Transfer,Chennai,1
2448,3143,2023-08-10,3250.03,Electronics,Debit,Chennai,0
2449,2575,2022-10-28,2247.62,Healthcare,Credit,Hyderabad,0
2450,3402,2022-05-06,2799.2,Retail,Credit,Delhi,0
2451,2519,2023-08-20,1611.66,Healthcare,Credit,Hyderabad,0
2452,4428,2023-09-11,1574.04,Travel,Debit,Chennai,0
2453,3690,2022-09-12,4469.42,Electronics,Credit,Chennai,0
2454,1454,2023-05-05,1128.62,Electronics,Transfer,Hyderabad,0
2455,2597,2022-04-24,4312.47,Entertainment,Credit,Bangalore,0
2456,1678,2022-12-22,1302.81,Electronics,Credit,Mumbai,0
2457,3757,2023-08-24,3713.13,Electronics,Debit,Bangalore,0
2458,4820,2023-09-10,4956.49,Food,Transfer,Chennai,1
2459,2955,2023-02-24,1817.79,Electronics,Debit,Hyderabad,0
2460,2205,2023-09-18,2046.13,Food,Transfer,Chennai,0
2461,4744,2022-06-12,1841.01,Entertainment,Transfer,Chennai,0
2462,4444,2022-05-10,1537.24,Healthcare,Debit,Delhi,0
2463,3889,2022-04-25,3736.93,Electronics,Debit,Hyderabad,1
2464,3867,2022-06-25,4870.04,Electronics,Debit,Chennai,0
2465,1040,2023-03-20,2829.09,Entertainment,Transfer,Chennai,0
2466,1693,2022-07-25,4129.45,Travel,Credit,Mumbai,0
2467,2149,2023-02-10,2603.73,Travel,Credit,Delhi,0
2468,4820,2023-10-28,3365.84,Electronics,Debit,Chennai,0
2469,1354,2023-01-17,1974.61,Entertainment,Debit,Hyderabad,0
2470,2665,2023-11-09,4356.83,Food,Debit,Delhi,0
2471,3349,2022-07-15,2220.61,Food,Debit,Bangalore,0
2472,4611,2023-10-23,3162.9,Food,Transfer,Bangalore,0
2473,4359,2022-11-05,3593.73,Travel,Debit,Delhi,0
2474,3876,2023-04-20,306.55,Travel,Credit,Hyderabad,0
2475,2984,2022-04-18,33.31,Entertainment,Credit,Hyderabad,0
2476,3928,2023-02-05,2556.6,Food,Debit,Delhi,0
2477,3639,2022-03-11,414.28,Electronics,Transfer,Chennai,0
2478,3014,2023-04-14,513.3,Entertainment,Transfer,Mumbai,0
2479,2179,2023-04-01,3577.65,Travel,Transfer,Bangalore,0
2480,3971,2022-10-01,350.48,Retail,Credit,Chennai,0
2481,3997,2023-01-23,2101.65,Healthcare,Debit,Chennai,0
2482,4753,2022-04-24,2551.99,Entertainment,Credit,Bangalore,0
2483,3862,2023-09-02,1057.64,Food,Debit,Chennai,0
2484,4258,2022-07-27,4946.14,Food,Transfer,Bangalore,0
2485,1164,2022-10-09,3756.35,Electronics,Transfer,Hyderabad,0
2486,4706,2023-09-03,3574.64,Electronics,Debit,Delhi,0
2487,3443,2022-06-25,1300.05,Retail,Credit,Mumbai,0
2488,4594,2023-08-28,2968.5,Electronics,Transfer,Bangalore,0
2489,3924,2023-07-12,4470.89,Food,Transfer,Bangalore,0
2490,1234,2022-11-21,3663.04,Food,Debit,Chennai,0
2491,4553,2023-04-11,3873.76,Entertainment,Debit,Delhi,0
2492,3798,2022-11-12,4858.34,Food,Debit,Bangalore,0
2493,1765,2023-04-19,3089.23,Travel,Credit,Bangalore,0
2494,2790,2023-04-20,2619.39,Electronics,Transfer,Chennai,0
2495,1637,2023-01-29,2731.93,Healthcare,Credit,Bangalore,0
2496,2263,2022-07-08,561.65,Entertainment,Transfer,Bangalore,0
2497,3671,2023-03-30,4613.89,Travel,Transfer,Delhi,0
2498,1592,2023-02-25,3406.17,Electronics,Transfer,Delhi,0
2499,4296,2022-02-21,4677.77,Travel,Debit,Mumbai,1
2500,3570,2023-11-04,2011.49,Food,Credit,Delhi,0
2501,2984,2022-09-30,4974.72,Healthcare,Transfer,Chennai,0
2502,3348,2022-01-21,4157.62,Healthcare,Credit,Bangalore,0
2503,1633,2023-12-15,3332.06,Entertainment,Credit,Hyderabad,0
2504,1099,2023-03-14,2634.93,Retail,Transfer,Bangalore,0
2505,3564,2023-10-17,1516.35,Travel,Transfer,Hyderabad,0
2506,3553,2022-08-28,4649.36,Food,Transfer,Chennai,0
2507,4909,2023-09-29,1796.0,Travel,Transfer,Bangalore,0
2508,4875,2022-08-11,2929.98,Healthcare,Debit,Chennai,0
2509,3356,2022-06-28,2531.57,Healthcare,Debit,Mumbai,0
2510,2152,2023-12-19,1209.32,Travel,Debit,Chennai,0
2511,3087,2023-07-29,1665.87,Retail,Debit,Chennai,0
2512,3812,2022-07-09,519.34,Retail,Transfer,Bangalore,0
2513,2545,2023-10-28,4956.56,Food,Debit,Mumbai,0
2514,3664,2022-04-25,2456.13,Entertainment,Credit,Chennai,0
2515,3404,2023-10-21,1215.39,Entertainment,Debit,Bangalore,0
2516,1972,2022-04-13,3071.09,Travel,Credit,Delhi,0
2517,2559,2022-11-14,1987.78,Retail,Debit,Delhi,0
2518,1948,2023-02-19,850.78,Food,Debit,Mumbai,0
2519,4683,2022-09-16,279.5,Electronics,Transfer,Chennai,0
2520,2841,2023-12-01,2254.93,Food,Transfer,Hyderabad,0
2521,1072,2023-11-12,3587.52,Entertainment,Transfer,Bangalore,0
2522,2176,2022-08-31,4766.61,Retail,Transfer,Chennai,0
2523,1831,2023-11-04,870.55,Food,Debit,Delhi,0
2524,3678,2023-06-01,1579.37,Retail,Debit,Hyderabad,0
2525,1155,2023-08-17,37.05,Healthcare,Credit,Chennai,0
2526,1297,2022-03-18,3815.69,Travel,Debit,Mumbai,0
2527,3319,2023-02-07,1827.41,Electronics,Debit,Hyderabad,0
2528,1511,2023-04-21,4528.66,Healthcare,Credit,Hyderabad,0
2529,4087,2023-08-02,502.6,Travel,Transfer,Delhi,0
2530,4447,2023-02-03,1503.02,Food,Transfer,Mumbai,0
2531,3552,2023-10-19,4979.47,Electronics,Credit,Hyderabad,0
2532,1418,2023-07-30,3406.48,Retail,Debit,Chennai,0
2533,4849,2023-01-20,3874.09,Retail,Credit,Mumbai,0
2534,3553,2022-09-04,4150.42,Entertainment,Credit,Chennai,0
2535,3709,2022-08-13,3032.34,Electronics,Credit,Delhi,0
2536,4270,2023-03-02,4615.99,Retail,Debit,Chennai,0
2537,1388,2022-07-06,2380.18,Retail,Credit,Bangalore,0
2538,1215,2022-10-07,496.83,Electronics,Transfer,Delhi,0
2539,3428,2023-10-14,1835.82,Electronics,Debit,Hyderabad,0
2540,2659,2023-04-01,732.6,Food,Transfer,Mumbai,0
2541,3851,2022-11-11,1771.87,Retail,Credit,Chennai,0
2542,3046,2023-05-29,3494.01,Travel,Transfer,Chennai,0
2543,3383,2023-07-15,2942.67,Retail,Transfer,Bangalore,0
2544,2973,2023-06-11,1799.48,Retail,Debit,Bangalore,0
2545,1810,2022-07-27,315.07,Electronics,Credit,Mumbai,0
2546,2501,2022-04-21,3910.54,Healthcare,Transfer,Chennai,0
2547,1612,2022-01-23,4490.56,Electronics,Debit,Bangalore,0
2548,2305,2023-02-07,3421.71,Retail,Credit,Delhi,0
2549,1918,2023-01-27,3413.28,Electronics,Transfer,Hyderabad,0
2550,1033,2022-09-09,96.63,Retail,Debit,Bangalore,0
2551,1480,2022-08-25,4836.1,Retail,Credit,Mumbai,0
2552,3925,2023-08-31,4735.99,Travel,Transfer,Hyderabad,0
2553,3828,2023-02-05,3014.29,Food,Transfer,Chennai,0
2554,1778,2022-11-03,2496.6,Travel,Debit,Chennai,0
2555,4645,2023-10-04,3000.33,Healthcare,Credit,Chennai,0
2556,1787,2022-07-04,102.32,Travel,Transfer,Chennai,0
2557,4944,2023-02-01,398.01,Food,Debit,Chennai,0
2558,4996,2022-03-03,910.44,Retail,Debit,Chennai,1
2559,4964,2023-06-30,1683.8,Travel,Credit,Bangalore,0
2560,1260,2022-11-05,565.98,Travel,Transfer,Bangalore,0
2561,3124,2022-03-04,413.9,Food,Transfer,Chennai,0
2562,2488,2023-02-11,3295.54,Food,Debit,Chennai,0
2563,1972,2023-06-30,1875.23,Entertainment,Transfer,Bangalore,0
2564,2956,2023-05-06,1577.94,Entertainment,Transfer,Mumbai,0
2565,1973,2023-02-23,3240.92,Travel,Credit,Hyderabad,0
2566,4348,2023-05-05,4903.67,Retail,Transfer,Chennai,0
2567,3668,2022-07-23,3453.91,Healthcare,Transfer,Bangalore,0
2568,2553,2023-10-30,2131.95,Food,Debit,Hyderabad,1
2569,1922,2022-01-22,2183.05,Electronics,Debit,Bangalore,0
2570,4282,2023-11-01,3151.43,Travel,Debit,Hyderabad,0
2571,1671,2022-09-06,1889.59,Healthcare,Transfer,Chennai,0
2572,1886,2022-04-16,953.67,Healthcare,Credit,Chennai,0
2573,4045,2023-03-16,2607.23,Food,Transfer,Mumbai,0
2574,2821,2022-08-12,2033.83,Healthcare,Credit,Hyderabad,0
2575,4199,2022-12-23,1327.48,Healthcare,Debit,Bangalore,0
2576,3766,2022-09-09,1621.44,Healthcare,Debit,Mumbai,0
2577,1815,2023-01-09,4343.05,Travel,Debit,Mumbai,0
2578,4978,2023-11-27,2428.18,Entertainment,Credit,Hyderabad,0
2579,2043,2022-12-03,568.24,Travel,Credit,Delhi,0
2580,1068,2022-02-28,4751.2,Healthcare,Debit,Chennai,0
2581,2105,2022-03-25,1021.49,Travel,Transfer,Mumbai,0
2582,1277,2023-08-04,4569.14,Entertainment,Transfer,Bangalore,0
2583,4269,2022-11-07,892.64,Travel,Debit,Bangalore,0
2584,3261,2022-02-21,2223.64,Food,Transfer,Bangalore,0
2585,2706,2022-12-19,2067.47,Travel,Credit,Bangalore,0
2586,3119,2023-11-29,4929.19,Electronics,Transfer,Bangalore,0
2587,4200,2022-06-23,1055.14,Travel,Credit,Hyderabad,0
2588,1766,2022-01-02,3348.54,Food,Debit,Bangalore,0
2589,2532,2023-08-11,620.7,Electronics,Credit,Mumbai,0
2590,4657,2023-04-07,1208.84,Electronics,Transfer,Mumbai,0
2591,3529,2022-02-21,4632.45,Food,Credit,Hyderabad,0
2592,3505,2023-09-25,71.25,Retail,Debit,Delhi,0
2593,3844,2022-08-03,4361.94,Travel,Transfer,Chennai,0
2594,2378,2023-06-19,4508.96,Retail,Credit,Chennai,0
2595,3004,2022-10-23,4333.87,Travel,Transfer,Chennai,0
2596,2648,2022-03-26,2405.58,Food,Credit,Chennai,0
2597,4225,2023-08-22,1948.02,Electronics,Debit,Hyderabad,0
2598,4133,2023-12-15,1582.17,Travel,Debit,Hyderabad,0
2599,3390,2023-10-27,3886.39,Travel,Debit,Bangalore,0
2600,4235,2022-01-06,1664.58,Electronics,Transfer,Hyderabad,0
2601,4288,2023-07-29,4620.31,Electronics,Credit,Mumbai,0
2602,3444,2022-01-14,733.53,Travel,Credit,Delhi,0
2603,2537,2023-04-09,2028.48,Electronics,Debit,Chennai,0
2604,1186,2023-10-06,894.0,Food,Credit,Delhi,0
2605,3067,2023-10-18,1596.15,Entertainment,Credit,Mumbai,0
2606,4514,2023-09-13,3314.16,Food,Debit,Chennai,0
2607,4400,2023-05-05,4822.26,Healthcare,Credit,Delhi,0
2608,1558,2022-01-20,1163.69,Travel,Debit,Mumbai,0
2609,4995,2023-04-16,2765.24,Healthcare,Credit,Mumbai,0
2610,1468,2023-09-12,1469.59,Food,Transfer,Delhi,0
2611,4384,2023-12-12,4950.16,Electronics,Debit,Chennai,0
2612,2178,2022-11-27,3019.86,Food,Credit,Hyderabad,0
2613,2432,2023-11-07,2976.95,Entertainment,Transfer,Chennai,0
2614,2627,2023-06-09,139.01,Food,Transfer,Hyderabad,0
2615,3773,2022-03-26,3910.96,Entertainment,Debit,Mumbai,0
2616,2019,2022-09-01,1104.17,Healthcare,Credit,Bangalore,0
2617,3761,2023-09-22,3818.77,Healthcare,Credit,Chennai,0
2618,1641,2023-11-17,2405.58,Entertainment,Credit,Hyderabad,0
2619,2857,2023-12-24,1849.76,Entertainment,Credit,Hyderabad,0
2620,4205,2022-01-19,770.58,Retail,Transfer,Delhi,0
2621,4691,2023-03-18,2143.42,Entertainment,Credit,Delhi,0
2622,2514,2022-07-29,541.57,Entertainment,Transfer,Hyderabad,0
2623,2152,2023-07-08,1364.3,Electronics,Transfer,Bangalore,0
2624,4665,2022-06-23,1398.04,Entertainment,Credit,Delhi,0
2625,2179,2023-03-26,3935.97,Travel,Credit,Delhi,0
2626,2931,2022-08-16,93.53,Travel,Credit,Chennai,0
2627,4640,2022-08-16,1618.87,Food,Debit,Delhi,0
2628,3638,2023-02-18,3136.09,Travel,Debit,Mumbai,0
2629,2692,2023-02-26,3771.05,Retail,Credit,Chennai,0
2630,3761,2023-10-22,3882.3,Healthcare,Credit,Delhi,0
2631,3065,2023-06-08,3298.31,Food,Transfer,Delhi,0
2632,4096,2023-01-08,3093.03,Food,Transfer,Mumbai,0
2633,1557,2023-08-29,4985.63,Entertainment,Transfer,Chennai,0
2634,3943,2022-05-10,929.28,Food,Credit,Hyderabad,0
2635,4868,2023-04-27,3130.88,Healthcare,Credit,Delhi,1
2636,4682,2023-01-07,2935.56,Travel,Credit,Mumbai,0
2637,1663,2022-04-06,2719.28,Food,Credit,Delhi,0
2638,2039,2023-10-28,3965.02,Travel,Transfer,Chennai,0
2639,4317,2023-05-18,2402.13,Entertainment,Credit,Bangalore,0
2640,2144,2022-02-10,2003.57,Healthcare,Transfer,Chennai,0
2641,2546,2022-09-17,3852.66,Retail,Credit,Mumbai,0
2642,2075,2023-09-01,3367.32,Healthcare,Credit,Delhi,0
2643,4258,2022-01-13,4590.98,Healthcare,Transfer,Chennai,0
2644,2452,2022-03-08,4287.61,Healthcare,Debit,Mumbai,0
2645,1543,2022-04-16,4595.27,Electronics,Transfer,Mumbai,0
2646,3323,2023-01-11,1004.83,Healthcare,Credit,Bangalore,0
2647,3288,2022-11-12,3002.07,Travel,Transfer,Chennai,0
2648,4401,2023-06-12,4585.7,Travel,Credit,Chennai,0
2649,2516,2023-09-05,2011.44,Entertainment,Transfer,Mumbai,0
2650,3739,2023-05-25,409.41,Food,Debit,Bangalore,0
2651,3149,2022-08-14,4883.07,Travel,Credit,Hyderabad,0
2652,4807,2023-01-21,564.79,Travel,Transfer,Bangalore,0
2653,3015,2023-03-20,4179.02,Food,Credit,Chennai,0
2654,2961,2023-10-23,182.02,Electronics,Transfer,Chennai,0
2655,1402,2022-08-30,4903.38,Travel,Credit,Delhi,0
2656,4772,2023-12-08,893.96,Retail,Credit,Hyderabad,0
2657,1098,2022-07-25,2413.31,Food,Transfer,Hyderabad,0
2658,3127,2023-05-06,4708.76,Travel,Credit,Delhi,0
2659,3625,2023-10-22,3971.46,Electronics,Debit,Bangalore,0
2660,1494,2023-06-10,1399.91,Travel,Debit,Delhi,0
2661,4049,2023-02-19,3873.19,Electronics,Credit,Bangalore,0
2662,2149,2022-12-09,4615.65,Electronics,Credit,Chennai,0
2663,3623,2022-06-05,3978.37,Travel,Debit,Bangalore,0
2664,4660,2023-02-03,211.17,Electronics,Debit,Bangalore,0
2665,3856,2023-01-07,4447.8,Food,Credit,Hyderabad,0
2666,4820,2024-01-01,716.85,Healthcare,Transfer,Delhi,0
2667,2217,2023-03-24,1040.36,Electronics,Transfer,Chennai,0
2668,1305,2022-11-22,3327.38,Travel,Transfer,Delhi,0
2669,4539,2023-07-26,3183.03,Travel,Credit,Chennai,0
2670,4370,2022-01-10,2050.45,Entertainment,Credit,Chennai,0
2671,3055,2023-06-01,329.68,Food,Transfer,Chennai,0
2672,2196,2023-03-04,528.38,Food,Debit,Hyderabad,0
2673,2155,2023-03-15,2565.16,Entertainment,Debit,Hyderabad,0
2674,3478,2023-05-22,4637.76,Healthcare,Debit,Bangalore,0
2675,1346,2023-05-01,3681.07,Travel,Debit,Hyderabad,0
2676,2403,2022-09-11,2674.28,Retail,Debit,Bangalore,0
2677,1005,2023-03-27,4714.67,Retail,Credit,Mumbai,0
2678,2272,2022-04-15,4565.89,Electronics,Credit,Chennai,0
2679,1016,2022-11-29,2543.06,Healthcare,Credit,Delhi,0
2680,2006,2023-04-30,1634.18,Retail,Credit,Delhi,0
2681,4861,2022-03-03,3961.08,Electronics,Transfer,Delhi,0
2682,1233,2022-10-15,1377.58,Retail,Transfer,Chennai,0
2683,2155,2022-01-03,263.99,Healthcare,Credit,Mumbai,0
2684,4047,2022-09-04,1242.45,Retail,Transfer,Mumbai,0
2685,1747,2022-10-19,817.67,Food,Credit,Chennai,0
2686,1344,2022-05-06,4580.15,Electronics,Credit,Mumbai,0
2687,3128,2023-09-17,1907.39,Food,Credit,Mumbai,0
2688,4032,2023-07-29,2841.47,Food,Debit,Chennai,0
2689,3194,2023-12-25,1209.63,Retail,Credit,Bangalore,0
2690,2356,2023-12-12,877.57,Healthcare,Debit,Bangalore,0
2691,4929,2022-06-26,1399.68,Retail,Transfer,Chennai,0
2692,2618,2022-01-04,1262.24,Entertainment,Transfer,Mumbai,0
2693,1763,2022-07-21,4280.72,Entertainment,Debit,Bangalore,0
2694,2108,2023-08-11,2369.94,Retail,Credit,Bangalore,0
2695,3376,2023-08-20,1242.41,Food,Credit,Bangalore,0
2696,2418,2022-02-19,1173.92,Retail,Credit,Bangalore,0
2697,4700,2023-06-04,2576.59,Travel,Debit,Hyderabad,0
2698,4063,2023-11-25,2766.09,Food,Debit,Delhi,0
2699,2874,2022-03-11,4249.77,Retail,Transfer,Mumbai,0
2700,3064,2023-11-08,2269.94,Retail,Debit,Bangalore,0
2701,1369,2023-03-03,34.91,Healthcare,Transfer,Chennai,0
2702,1668,2023-03-06,1507.39,Entertainment,Debit,Chennai,0
2703,1463,2023-07-12,1412.08,Food,Debit,Mumbai,0
2704,2231,2023-04-27,4721.41,Travel,Debit,Mumbai,0
2705,3397,2022-10-14,4123.38,Travel,Credit,Delhi,0
2706,3254,2023-07-25,1585.66,Entertainment,Credit,Chennai,1
2707,2333,2023-07-05,899.61,Entertainment,Transfer,Mumbai,0
2708,3389,2023-11-25,4146.55,Healthcare,Credit,Bangalore,0
2709,3666,2023-11-01,1623.66,Travel,Debit,Chennai,0
2710,4287,2023-09-06,4219.31,Electronics,Credit,Mumbai,0
2711,3137,2023-06-13,3386.6,Travel,Transfer,Chennai,0
2712,2580,2023-07-01,884.01,Travel,Debit,Hyderabad,0
2713,4315,2023-03-13,431.32,Electronics,Credit,Delhi,0
2714,4629,2023-05-22,1744.52,Entertainment,Credit,Bangalore,0
2715,1924,2022-10-17,4424.1,Healthcare,Credit,Delhi,0
2716,4343,2023-11-24,2696.2,Entertainment,Transfer,Delhi,0
2717,3012,2022-01-01,868.0,Travel,Credit,Delhi,0
2718,2245,2023-06-04,1157.41,Entertainment,Debit,Bangalore,0
2719,3719,2022-09-08,2161.13,Food,Debit,Mumbai,0
2720,1179,2023-01-28,2962.25,Healthcare,Transfer,Delhi,0
2721,1577,2022-08-23,2791.7,Food,Debit,Mumbai,0
2722,2445,2023-06-26,1383.24,Entertainment,Transfer,Delhi,1
2723,4260,2023-06-20,1352.51,Food,Transfer,Chennai,0
2724,3693,2023-04-14,1424.15,Healthcare,Credit,Bangalore,0
2725,2134,2022-03-27,1535.71,Food,Credit,Hyderabad,0
2726,4150,2023-09-04,1181.55,Healthcare,Credit,Bangalore,0
2727,2351,2022-02-24,1603.3,Food,Debit,Bangalore,0
2728,3118,2022-01-15,3878.33,Entertainment,Credit,Hyderabad,0
2729,4146,2022-12-13,4521.8,Retail,Transfer,Bangalore,0
2730,3684,2023-10-13,366.86,Food,Credit,Delhi,0
2731,2193,2022-10-04,655.95,Healthcare,Debit,Chennai,0
2732,3208,2023-02-10,1537.14,Food,Credit,Delhi,0
2733,4258,2022-12-05,4541.63,Healthcare,Credit,Delhi,0
2734,2500,2023-04-22,316.2,Entertainment,Credit,Delhi,0
2735,3822,2022-08-06,853.97,Entertainment,Debit,Bangalore,0
2736,4746,2022-03-28,780.11,Travel,Debit,Bangalore,0
2737,4292,2023-10-22,1486.61,Retail,Credit,Bangalore,0
2738,4309,2023-11-20,2731.52,Entertainment,Debit,Delhi,0
2739,1900,2022-05-03,3425.61,Healthcare,Transfer,Delhi,0
2740,4937,2023-12-14,572.04,Electronics,Transfer,Delhi,0
2741,3679,2023-10-12,2006.03,Food,Transfer,Bangalore,0
2742,1172,2023-08-11,3822.46,Retail,Credit,Hyderabad,0
2743,3352,2023-09-30,2486.73,Travel,Credit,Delhi,0
2744,2853,2023-07-14,646.34,Entertainment,Transfer,Bangalore,0
2745,3532,2023-02-06,2172.01,Electronics,Debit,Bangalore,0
2746,1583,2022-03-12,2533.86,Travel,Debit,Mumbai,0
2747,1832,2023-08-16,3740.95,Healthcare,Transfer,Chennai,0
2748,1345,2023-12-09,3392.01,Healthcare,Credit,Mumbai,0
2749,4687,2022-06-10,2766.29,Food,Credit,Bangalore,0
2750,1998,2023-06-29,1660.5,Travel,Debit,Hyderabad,0
2751,1504,2023-08-13,4064.51,Healthcare,Debit,Bangalore,0
2752,2480,2022-08-26,807.52,Retail,Credit,Delhi,0
2753,1506,2022-12-27,2925.39,Healthcare,Debit,Chennai,0
2754,1746,2022-01-25,4157.9,Retail,Debit,Chennai,0
2755,3912,2022-12-31,2836.15,Electronics,Transfer,Delhi,0
2756,3342,2022-07-26,1003.93,Entertainment,Credit,Delhi,0
2757,4217,2023-11-24,643.72,Electronics,Transfer,Bangalore,0
2758,4037,2023-12-20,3994.67,Retail,Credit,Bangalore,0
2759,4819,2023-04-11,1622.48,Food,Transfer,Bangalore,0
2760,2378,2023-03-05,1500.04,Food,Transfer,Hyderabad,0
2761,4006,2023-10-12,4063.96,Entertainment,Transfer,Bangalore,0
2762,1640,2023-07-11,3175.35,Entertainment,Transfer,Delhi,0
2763,4540,2023-10-01,2097.86,Travel,Credit,Bangalore,1
2764,4451,2022-09-26,1606.5,Food,Debit,Delhi,0
2765,3575,2023-09-02,2812.66,Electronics,Debit,Delhi,0
2766,4598,2022-11-16,1150.11,Travel,Debit,Hyderabad,0
2767,2508,2022-03-10,3231.59,Entertainment,Transfer,Mumbai,0
2768,1389,2023-07-01,831.66,Healthcare,Debit,Bangalore,0
2769,1155,2023-04-28,4997.48,Food,Credit,Bangalore,0
2770,3019,2022-11-18,2015.93,Food,Debit,Bangalore,0
2771,4682,2023-12-12,2347.97,Travel,Credit,Delhi,0
2772,2492,2023-10-05,62.35,Healthcare,Transfer,Delhi,0
2773,3261,2022-12-12,3191.81,Entertainment,Debit,Chennai,0
2774,4168,2023-05-04,2648.14,Food,Credit,Hyderabad,0
2775,2829,2022-05-29,4475.24,Travel,Transfer,Delhi,0
2776,2635,2022-07-21,4504.33,Retail,Debit,Bangalore,0
2777,4702,2023-06-07,4152.41,Retail,Transfer,Bangalore,0
2778,3372,2023-09-14,3458.97,Food,Debit,Mumbai,0
2779,4258,2022-05-09,3562.49,Food,Transfer,Chennai,0
2780,2223,2023-01-07,551.66,Travel,Transfer,Hyderabad,0
2781,4428,2023-09-23,4823.82,Travel,Credit,Mumbai,0
2782,3243,2022-04-28,4164.3,Retail,Debit,Hyderabad,0
2783,4175,2023-06-13,1624.69,Electronics,Transfer,Bangalore,0
2784,3654,2023-02-15,3025.87,Food,Credit,Delhi,0
2785,2255,2023-07-04,1911.38,Retail,Credit,Delhi,0
2786,3582,2023-02-18,4121.07,Healthcare,Transfer,Mumbai,0
2787,3038,2022-09-23,1088.91,Electronics,Debit,Hyderabad,0
2788,1565,2023-11-17,2900.13,Retail,Credit,Chennai,0
2789,1135,2022-10-28,1687.55,Healthcare,Credit,Hyderabad,0
2790,2611,2023-02-28,1190.43,Electronics,Debit,Delhi,0
2791,1589,2023-08-08,1851.09,Entertainment,Transfer,Mumbai,0
2792,3813,2023-05-20,2001.36,Retail,Transfer,Mumbai,0
2793,2344,2023-11-02,2374.19,Healthcare,Credit,Delhi,0
2794,4614,2023-12-23,3444.42,Travel,Debit,Delhi,0
2795,1200,2023-07-27,4279.98,Travel,Credit,Delhi,0
2796,4388,2023-05-18,414.94,Electronics,Credit,Delhi,0
2797,3072,2023-04-11,833.28,Electronics,Debit,Hyderabad,0
2798,1653,2023-09-25,4846.27,Healthcare,Credit,Mumbai,0
2799,3324,2022-09-30,2772.97,Travel,Transfer,Bangalore,0
2800,1031,2023-07-10,4806.16,Entertainment,Transfer,Bangalore,0
2801,3774,2022-09-19,2842.48,Healthcare,Debit,Mumbai,0
2802,3898,2022-03-02,3843.66,Electronics,Transfer,Delhi,0
2803,2087,2023-04-07,1696.85,Retail,Credit,Hyderabad,0
2804,1194,2022-10-23,133.3,Travel,Transfer,Hyderabad,0
2805,4653,2023-07-21,3461.58,Travel,Credit,Mumbai,0
2806,3959,2023-06-28,3834.35,Travel,Transfer,Bangalore,0
2807,1416,2022-11-14,4717.38,Electronics,Transfer,Hyderabad,0
2808,4580,2022-11-19,1691.76,Travel,Transfer,Delhi,0
2809,2630,2022-03-15,733.69,Healthcare,Debit,Delhi,0
2810,2126,2022-04-18,2078.15,Retail,Credit,Mumbai,0
2811,4296,2022-04-01,1888.23,Electronics,Debit,Chennai,0
2812,2007,2023-01-25,4153.49,Food,Credit,Mumbai,0
2813,3414,2023-03-28,2039.28,Entertainment,Credit,Delhi,1
2814,3565,2022-04-29,2649.27,Electronics,Transfer,Hyderabad,0
2815,1337,2022-08-20,3514.18,Travel,Credit,Chennai,0
2816,3389,2022-02-13,3314.7,Retail,Credit,Hyderabad,0
2817,3313,2023-09-29,1236.16,Food,Debit,Chennai,0
2818,3215,2023-09-28,1849.82,Travel,Credit,Chennai,0
2819,3604,2022-05-30,2715.36,Travel,Transfer,Mumbai,0
2820,2859,2023-10-11,647.36,Food,Credit,Mumbai,0
2821,2737,2023-04-19,1458.94,Electronics,Debit,Delhi,0
2822,2471,2022-08-25,2602.93,Food,Credit,Hyderabad,0
2823,1664,2023-03-17,1934.25,Food,Credit,Bangalore,0
2824,2037,2022-12-14,4153.5,Food,Credit,Bangalore,0
2825,3761,2022-10-16,3802.1,Electronics,Credit,Delhi,0
2826,4540,2023-04-17,3064.37,Entertainment,Transfer,Delhi,0
2827,2147,2023-03-27,4683.24,Retail,Credit,Mumbai,0
2828,4833,2023-10-20,4705.8,Healthcare,Transfer,Hyderabad,0
2829,3305,2023-04-06,3029.75,Electronics,Credit,Hyderabad,0
2830,3556,2022-11-08,203.54,Food,Debit,Mumbai,0
2831,1102,2022-11-14,527.17,Electronics,Debit,Hyderabad,0
2832,1928,2022-02-04,4455.17,Retail,Transfer,Mumbai,0
2833,3591,2022-04-16,3646.87,Food,Transfer,Bangalore,0
2834,1462,2023-08-28,4803.18,Retail,Debit,Delhi,0
2835,2506,2022-03-05,3270.04,Healthcare,Credit,Bangalore,0
2836,2000,2022-12-02,1368.16,Retail,Transfer,Bangalore,0
2837,3791,2022-03-08,4804.45,Retail,Credit,Chennai,0
2838,3811,2022-08-24,963.41,Retail,Credit,Chennai,0
2839,3880,2022-07-20,2354.51,Healthcare,Credit,Chennai,0
2840,4348,2022-01-07,1391.91,Healthcare,Credit,Chennai,0
2841,3928,2023-10-17,1023.74,Food,Credit,Mumbai,0
2842,2823,2023-12-01,4349.09,Electronics,Transfer,Mumbai,0
2843,4632,2022-07-15,4831.07,Travel,Credit,Delhi,0
2844,2945,2023-07-03,4140.34,Entertainment,Debit,Delhi,0
2845,4493,2022-06-27,525.23,Retail,Debit,Chennai,0
2846,1479,2022-07-11,3618.47,Retail,Transfer,Chennai,0
2847,2479,2023-01-14,3241.93,Electronics,Debit,Bangalore,1
2848,1305,2022-11-11,1436.19,Entertainment,Credit,Bangalore,0
2849,4034,2022-10-27,2577.93,Retail,Transfer,Hyderabad,0
2850,4229,2023-06-19,821.83,Food,Credit,Chennai,0
2851,4301,2023-11-15,1111.21,Electronics,Transfer,Bangalore,0
2852,3099,2023-10-16,2299.06,Travel,Transfer,Bangalore,0
2853,3323,2022-08-11,2320.91,Electronics,Credit,Mumbai,0
2854,1706,2023-12-23,4994.56,Travel,Debit,Chennai,0
2855,4026,2023-04-23,3905.92,Travel,Transfer,Chennai,0
2856,3632,2022-12-19,3716.18,Healthcare,Credit,Mumbai,0
2857,4317,2023-03-01,4416.68,Electronics,Credit,Chennai,0
2858,4796,2022-03-16,253.32,Travel,Debit,Delhi,0
2859,4261,2023-05-23,3287.35,Retail,Credit,Delhi,0
2860,3858,2023-09-25,4888.47,Electronics,Credit,Bangalore,0
2861,4959,2023-05-21,2004.26,Electronics,Transfer,Chennai,0
2862,1873,2022-09-13,4878.91,Food,Credit,Hyderabad,0
2863,2969,2022-08-17,4189.52,Entertainment,Transfer,Delhi,0
2864,4670,2022-09-02,2285.51,Healthcare,Debit,Mumbai,0
2865,1070,2022-02-22,2850.88,Electronics,Transfer,Delhi,0
2866,3116,2023-08-23,639.88,Travel,Transfer,Bangalore,0
2867,3427,2022-01-15,2962.85,Food,Debit,Chennai,0
2868,4601,2023-02-24,1498.01,Electronics,Transfer,Delhi,0
2869,4316,2023-05-02,1306.38,Electronics,Transfer,Bangalore,0
2870,3380,2023-01-20,3995.54,Healthcare,Transfer,Mumbai,0
2871,2492,2023-01-04,3361.41,Healthcare,Credit,Bangalore,0
2872,1360,2022-07-17,2822.64,Entertainment,Credit,Mumbai,0
2873,3720,2023-10-10,4352.91,Travel,Credit,Chennai,0
2874,2085,2022-05-05,3486.91,Healthcare,Transfer,Mumbai,0
2875,3131,2023-04-21,1070.05,Food,Credit,Mumbai,0
2876,2505,2022-04-09,2408.23,Food,Debit,Mumbai,0
2877,2649,2023-06-06,2444.15,Food,Credit,Chennai,0
2878,3952,2022-01-23,1313.5,Healthcare,Transfer,Mumbai,0
2879,1076,2022-07-14,2664.41,Food,Transfer,Delhi,0
2880,2788,2022-01-18,2537.74,Retail,Debit,Bangalore,0
2881,3889,2022-02-17,2078.62,Healthcare,Credit,Mumbai,0
2882,2060,2022-04-06,3771.45,Retail,Credit,Delhi,1
2883,3557,2023-01-16,1886.3,Travel,Credit,Mumbai,0
2884,2427,2022-10-02,401.43,Healthcare,Credit,Delhi,0
2885,4537,2023-07-20,2101.0,Travel,Credit,Hyderabad,0
2886,3742,2023-08-02,4701.69,Electronics,Credit,Bangalore,0
2887,3681,2022-10-15,4231.03,Healthcare,Transfer,Bangalore,0
2888,4427,2023-06-23,4192.92,Entertainment,Debit,Mumbai,0
2889,3962,2022-05-23,3855.84,Travel,Credit,Hyderabad,0
2890,2791,2022-06-28,1227.45,Entertainment,Credit,Hyderabad,1
2891,3976,2022-01-22,760.78,Entertainment,Transfer,Mumbai,0
2892,2552,2023-04-11,3760.91,Retail,Transfer,Delhi,0
2893,4069,2023-10-01,3073.37,Travel,Transfer,Delhi,0
2894,4293,2023-09-09,2626.23,Entertainment,Debit,Mumbai,0
2895,1978,2022-08-29,3092.76,Food,Debit,Mumbai,0
2896,4974,2023-12-07,3652.43,Food,Transfer,Chennai,1
2897,4937,2023-09-26,1404.04,Entertainment,Transfer,Bangalore,0
2898,3651,2022-04-06,4328.49,Retail,Debit,Chennai,0
2899,4900,2022-08-28,3389.34,Food,Credit,Chennai,0
2900,2653,2022-08-05,4279.98,Retail,Transfer,Chennai,0
2901,2133,2023-08-24,2371.78,Electronics,Transfer,Bangalore,0
2902,1724,2022-02-25,4866.38,Entertainment,Transfer,Chennai,0
2903,3758,2022-01-20,1777.84,Travel,Credit,Delhi,0
2904,4585,2023-09-24,3258.88,Food,Credit,Delhi,0
2905,2184,2022-03-25,4824.62,Entertainment,Transfer,Mumbai,0
2906,4882,2022-07-11,3110.59,Healthcare,Credit,Delhi,0
2907,4269,2022-06-19,4401.81,Travel,Credit,Mumbai,0
2908,2816,2022-01-18,2139.0,Entertainment,Transfer,Hyderabad,0
2909,3458,2022-12-21,343.2,Travel,Credit,Chennai,0
2910,3564,2022-01-18,4128.9,Healthcare,Credit,Bangalore,0
2911,1038,2023-08-26,2381.93,Food,Transfer,Hyderabad,0
2912,1856,2022-08-29,485.02,Healthcare,Debit,Hyderabad,0
2913,1390,2023-07-04,3849.03,Retail,Transfer,Delhi,0
2914,4625,2022-05-16,2658.01,Electronics,Transfer,Delhi,0
2915,2488,2023-11-22,4072.21,Travel,Credit,Chennai,1
2916,1984,2023-01-06,2390.68,Healthcare,Debit,Bangalore,0
2917,4592,2023-04-23,1238.93,Travel,Debit,Chennai,0
2918,2020,2022-04-12,2774.74,Electronics,Transfer,Delhi,0
2919,2637,2023-02-26,689.03,Travel,Debit,Bangalore,0
2920,2877,2022-02-12,4494.74,Retail,Transfer,Mumbai,0
2921,2063,2023-06-20,3387.11,Entertainment,Debit,Bangalore,0
2922,4991,2022-12-30,3153.66,Retail,Debit,Delhi,0
2923,3090,2022-10-25,4949.54,Retail,Transfer,Bangalore,0
2924,4836,2023-04-25,4370.63,Electronics,Credit,Delhi,0
2925,1383,2022-09-03,70.71,Electronics,Credit,Hyderabad,0
2926,1472,2023-02-03,4283.14,Healthcare,Debit,Chennai,0
2927,2457,2022-12-08,3104.85,Electronics,Transfer,Chennai,0
2928,3464,2023-10-12,1774.73,Electronics,Transfer,Hyderabad,0
2929,3153,2023-08-29,3137.79,Travel,Debit,Delhi,0
2930,4896,2022-01-27,3921.35,Healthcare,Transfer,Chennai,0
2931,2334,2022-02-20,2919.38,Travel,Debit,Mumbai,0
2932,3315,2023-12-25,2765.48,Retail,Transfer,Hyderabad,0
2933,3947,2023-08-22,3290.3,Travel,Debit,Chennai,0
2934,2162,2023-12-17,4722.34,Retail,Debit,Mumbai,0
2935,1616,2023-12-24,4387.18,Food,Transfer,Bangalore,0
2936,3480,2022-03-06,2670.96,Retail,Debit,Bangalore,0
2937,1156,2022-01-14,347.24,Entertainment,Credit,Delhi,0
2938,1995,2023-05-07,2727.17,Retail,Debit,Chennai,0
2939,2859,2023-12-16,737.59,Electronics,Credit,Chennai,0
2940,1353,2022-10-25,1327.68,Retail,Transfer,Chennai,0
2941,4287,2022-12-10,4143.85,Entertainment,Debit,Mumbai,0
2942,2688,2023-09-03,1197.45,Retail,Transfer,Hyderabad,0
2943,2246,2023-10-31,1030.41,Entertainment,Debit,Delhi,0
2944,4165,2022-04-11,1060.6,Electronics,Credit,Hyderabad,0
2945,4119,2022-03-07,1570.15,Entertainment,Credit,Mumbai,0
2946,4432,2022-03-04,1341.62,Food,Debit,Bangalore,0
2947,3591,2022-04-22,2096.44,Retail,Transfer,Delhi,0
2948,4739,2023-12-08,4875.12,Food,Debit,Bangalore,0
2949,1415,2022-09-30,3753.7,Travel,Debit,Bangalore,0
2950,2382,2023-07-13,2376.73,Retail,Debit,Hyderabad,0
2951,1588,2022-08-05,4591.64,Food,Debit,Chennai,0
2952,4863,2022-02-11,4076.39,Electronics,Credit,Bangalore,0
2953,3107,2023-03-29,3620.26,Entertainment,Debit,Hyderabad,0
2954,2609,2023-04-13,4980.81,Entertainment,Transfer,Bangalore,0
2955,2058,2022-08-22,4573.98,Retail,Debit,Bangalore,0
2956,4468,2023-11-08,4583.38,Electronics,Credit,Delhi,0
2957,3600,2023-03-08,887.58,Healthcare,Transfer,Hyderabad,0
2958,2011,2023-08-26,4018.11,Food,Debit,Chennai,0
2959,4522,2022-08-29,2795.63,Entertainment,Transfer,Mumbai,0
2960,3199,2023-10-31,1736.29,Food,Credit,Mumbai,0
2961,1105,2022-10-01,3200.29,Entertainment,Transfer,Bangalore,0
2962,1246,2023-07-04,4837.21,Food,Debit,Chennai,0
2963,1739,2023-01-25,2425.87,Entertainment,Transfer,Hyderabad,0
2964,1985,2023-06-26,3121.89,Electronics,Credit,Delhi,0
2965,3207,2023-03-29,2926.37,Food,Debit,Chennai,0
2966,2310,2023-02-01,1306.93,Electronics,Transfer,Bangalore,0
2967,3134,2023-10-16,4685.57,Healthcare,Transfer,Chennai,0
2968,2024,2023-06-11,1762.7,Healthcare,Transfer,Hyderabad,0
2969,4163,2022-05-07,2624.91,Retail,Debit,Chennai,0
2970,3564,2022-01-20,4835.99,Healthcare,Debit,Bangalore,0
2971,1747,2022-02-06,4163.06,Travel,Credit,Delhi,0
2972,2604,2022-06-02,3278.35,Healthcare,Transfer,Mumbai,0
2973,4124,2022-08-11,3624.88,Electronics,Transfer,Delhi,0
2974,4755,2023-10-16,2225.28,Travel,Debit,Chennai,0
2975,1309,2023-01-30,2262.76,Travel,Debit,Chennai,0
2976,1084,2023-07-22,1518.32,Healthcare,Transfer,Delhi,1
2977,3969,2023-03-21,4989.94,Travel,Debit,Chennai,0
2978,2579,2022-11-11,409.94,Travel,Transfer,Delhi,0
2979,2177,2022-01-28,4555.02,Travel,Transfer,Delhi,0
2980,1535,2022-08-02,381.2,Electronics,Debit,Chennai,0
2981,2131,2022-05-08,330.01,Electronics,Credit,Chennai,0
2982,1778,2022-04-04,4515.7,Food,Credit,Delhi,0
2983,1848,2023-06-14,3471.6,Healthcare,Debit,Chennai,0
2984,2891,2023-08-11,679.69,Travel,Debit,Bangalore,0
2985,3880,2022-12-04,4523.68,Retail,Debit,Chennai,0
2986,3449,2023-12-01,1995.15,Healthcare,Debit,Chennai,0
2987,2535,2023-06-02,2049.92,Travel,Debit,Chennai,0
2988,2221,2022-11-08,2181.99,Healthcare,Credit,Chennai,0
2989,2983,2023-02-02,2020.8,Entertainment,Debit,Chennai,0
2990,2587,2022-07-18,357.72,Electronics,Credit,Delhi,0
2991,2014,2023-02-21,1704.89,Food,Debit,Chennai,0
2992,2122,2022-02-10,483.92,Electronics,Debit,Delhi,0
2993,1201,2023-07-13,11.76,Electronics,Credit,Hyderabad,0
2994,2822,2023-05-26,1228.1,Retail,Credit,Hyderabad,0
2995,4258,2023-02-14,741.7,Electronics,Debit,Mumbai,0
2996,3971,2022-01-25,1660.75,Food,Transfer,Hyderabad,0
2997,1977,2022-10-04,478.51,Healthcare,Credit,Mumbai,0
2998,1330,2022-02-28,1821.26,Retail,Transfer,Bangalore,0
2999,2723,2022-12-28,4138.53,Travel,Credit,Mumbai,0
3000,4420,2022-09-25,366.8,Travel,Debit,Bangalore,0
3001,4661,2023-07-06,2310.93,Food,Debit,Delhi,0
3002,1720,2022-01-11,2222.34,Electronics,Debit,Bangalore,0
3003,2890,2023-10-02,492.47,Electronics,Credit,Chennai,0
3004,1033,2023-03-31,224.07,Entertainment,Transfer,Hyderabad,0
3005,4058,2023-08-13,257.72,Retail,Transfer,Bangalore,0
3006,1421,2022-04-18,2878.41,Healthcare,Transfer,Mumbai,0
3007,5000,2023-07-13,2982.07,Electronics,Debit,Bangalore,0
3008,4013,2023-05-20,4566.01,Travel,Transfer,Bangalore,0
3009,3724,2023-04-30,3790.23,Electronics,Transfer,Bangalore,0
3010,4676,2023-04-17,3210.13,Travel,Transfer,Hyderabad,0
3011,2648,2023-01-21,2243.99,Healthcare,Transfer,Bangalore,0
3012,3993,2022-01-01,4430.92,Food,Transfer,Chennai,0
3013,4755,2022-06-02,1747.48,Retail,Credit,Bangalore,0
3014,1438,2022-07-06,1867.71,Travel,Transfer,Bangalore,0
3015,4400,2022-02-27,3541.8,Food,Debit,Bangalore,0
3016,3522,2023-06-09,2509.69,Entertainment,Credit,Chennai,0
3017,4380,2023-01-12,612.85,Travel,Credit,Delhi,0
3018,1525,2023-02-20,1444.75,Healthcare,Transfer,Chennai,0
3019,4952,2023-07-16,299.36,Electronics,Transfer,Chennai,0
3020,1136,2022-04-24,4045.71,Food,Transfer,Delhi,0
3021,1900,2023-01-06,4150.93,Healthcare,Debit,Delhi,0
3022,2410,2023-12-04,509.65,Electronics,Transfer,Bangalore,0
3023,3812,2022-09-14,2192.21,Retail,Credit,Delhi,0
3024,2645,2022-06-29,1191.84,Food,Credit,Mumbai,0
3025,3479,2022-01-06,1335.34,Food,Credit,Delhi,0
3026,4717,2022-05-20,4603.35,Electronics,Debit,Delhi,0
3027,4181,2023-04-14,2473.35,Healthcare,Credit,Mumbai,0
3028,1248,2022-03-11,685.16,Electronics,Transfer,Delhi,0
3029,2354,2022-10-12,3950.88,Entertainment,Credit,Bangalore,0
3030,1826,2022-11-19,982.11,Healthcare,Credit,Hyderabad,1
3031,4465,2023-07-20,4576.16,Healthcare,Credit,Hyderabad,0
3032,4355,2022-07-21,2712.83,Food,Transfer,Hyderabad,0
3033,2921,2022-04-04,4376.31,Travel,Debit,Chennai,0
3034,3139,2022-09-13,2259.24,Food,Credit,Chennai,0
3035,2205,2023-03-20,2844.62,Healthcare,Debit,Chennai,0
3036,2634,2023-10-06,3582.73,Food,Credit,Hyderabad,0
3037,4999,2022-07-11,2897.36,Retail,Debit,Hyderabad,0
3038,4173,2022-05-31,4037.69,Entertainment,Transfer,Hyderabad,0
3039,2205,2022-12-28,4255.22,Entertainment,Transfer,Mumbai,0
3040,4026,2022-12-03,3029.49,Food,Credit,Delhi,0
3041,1754,2023-07-05,2301.93,Travel,Credit,Bangalore,0
3042,2241,2023-08-21,689.28,Electronics,Transfer,Mumbai,0
3043,2048,2022-12-08,3346.44,Healthcare,Debit,Hyderabad,0
3044,3261,2022-03-04,2828.76,Food,Debit,Mumbai,0
3045,4874,2023-04-08,2389.19,Healthcare,Credit,Delhi,0
3046,3761,2023-10-22,3017.16,Electronics,Credit,Bangalore,0
3047,1585,2022-08-21,3593.96,Healthcare,Debit,Mumbai,0
3048,3837,2023-12-06,321.93,Electronics,Credit,Chennai,0
3049,3752,2023-10-15,63.38,Food,Debit,Bangalore,0
3050,1525,2022-09-11,1356.2,Entertainment,Debit,Mumbai,0
3051,1586,2022-12-03,441.49,Food,Debit,Chennai,0
3052,2493,2023-05-03,2743.82,Entertainment,Credit,Bangalore,0
3053,1364,2022-08-09,3591.38,Travel,Debit,Delhi,0
3054,1654,2023-10-02,4080.19,Travel,Debit,Mumbai,0
3055,4417,2023-12-02,286.4,Retail,Transfer,Delhi,0
3056,3202,2022-04-01,1033.27,Travel,Credit,Bangalore,0
3057,2815,2023-09-19,4868.06,Travel,Credit,Hyderabad,0
3058,1265,2022-12-04,3148.32,Entertainment,Debit,Delhi,0
3059,1303,2022-11-17,3552.81,Healthcare,Debit,Bangalore,0
3060,2337,2022-12-01,2812.96,Electronics,Transfer,Chennai,0
3061,3844,2023-02-16,3444.18,Travel,Debit,Delhi,0
3062,1297,2023-09-22,457.47,Entertainment,Transfer,Mumbai,0
3063,1502,2023-10-27,1288.61,Healthcare,Credit,Delhi,0
3064,4772,2022-05-14,1808.21,Entertainment,Debit,Delhi,0
3065,4475,2023-01-02,4290.15,Electronics,Transfer,Chennai,0
3066,3410,2022-12-08,1335.2,Electronics,Credit,Mumbai,0
3067,2554,2022-07-16,3507.58,Retail,Debit,Delhi,0
3068,3678,2023-10-10,792.13,Food,Credit,Delhi,0
3069,1697,2023-08-06,2604.07,Entertainment,Debit,Hyderabad,0
3070,3157,2022-01-19,3160.09,Retail,Debit,Bangalore,0
3071,2457,2022-01-04,401.75,Healthcare,Transfer,Mumbai,0
3072,4705,2022-06-20,4843.09,Food,Credit,Bangalore,0
3073,2917,2022-07-19,146.37,Food,Debit,Chennai,1
3074,3318,2022-06-02,4387.22,Healthcare,Transfer,Chennai,0
3075,3617,2022-12-05,2196.8,Electronics,Credit,Chennai,0
3076,2311,2022-05-16,209.43,Travel,Debit,Mumbai,0
3077,2662,2022-04-26,1821.08,Electronics,Debit,Hyderabad,0
3078,2380,2022-01-17,1996.78,Food,Debit,Hyderabad,0
3079,1581,2022-03-07,2223.27,Food,Transfer,Hyderabad,0
3080,2351,2022-07-24,3656.33,Healthcare,Transfer,Delhi,0
3081,4426,2022-04-23,4589.28,Retail,Credit,Delhi,0
3082,4179,2022-01-31,3300.49,Food,Transfer,Bangalore,1
3083,2713,2023-07-07,1415.56,Healthcare,Debit,Chennai,0
3084,3434,2022-10-17,3896.12,Entertainment,Debit,Bangalore,0
3085,3197,2022-07-11,332.39,Retail,Credit,Chennai,0
3086,4909,2023-10-20,1789.36,Electronics,Credit,Mumbai,0
3087,4452,2022-03-04,274.15,Food,Transfer,Delhi,1
3088,2818,2023-08-30,3365.37,Healthcare,Debit,Bangalore,0
3089,1176,2022-03-01,2741.1,Entertainment,Transfer,Hyderabad,0
3090,2806,2023-10-01,2878.31,Entertainment,Transfer,Mumbai,0
3091,3376,2022-02-06,812.43,Entertainment,Debit,Delhi,0
3092,1136,2022-04-19,1130.84,Entertainment,Credit,Hyderabad,0
3093,2851,2023-11-25,3700.2,Entertainment,Credit,Hyderabad,0
3094,4670,2022-03-13,3321.06,Travel,Transfer,Hyderabad,0
3095,2976,2023-09-15,4198.97,Entertainment,Transfer,Hyderabad,0
3096,1214,2023-10-25,1935.71,Healthcare,Debit,Delhi,0
3097,3272,2023-08-24,3349.89,Food,Credit,Delhi,0
3098,1672,2022-11-19,812.34,Food,Credit,Chennai,0
3099,4673,2023-03-13,3834.3,Entertainment,Debit,Chennai,0
3100,3082,2023-05-16,4926.24,Retail,Debit,Mumbai,0
3101,2188,2022-01-24,3985.67,Entertainment,Debit,Bangalore,0
3102,2102,2023-04-12,2760.55,Electronics,Credit,Hyderabad,0
3103,3421,2023-06-04,3637.72,Food,Credit,Bangalore,0
3104,3183,2023-04-03,2141.74,Food,Debit,Mumbai,0
3105,2478,2023-01-19,797.68,Travel,Transfer,Delhi,0
3106,3809,2022-09-11,3180.24,Electronics,Credit,Bangalore,0
3107,2624,2023-05-07,3194.61,Retail,Transfer,Chennai,0
3108,3187,2023-10-18,3967.77,Healthcare,Debit,Mumbai,0
3109,4087,2023-04-12,1913.73,Travel,Transfer,Chennai,0
3110,4586,2022-12-29,1341.97,Retail,Transfer,Bangalore,0
3111,3168,2023-05-06,741.4,Retail,Debit,Hyderabad,0
3112,3060,2022-11-11,970.6,Travel,Credit,Mumbai,0
3113,3712,2022-07-22,1791.36,Travel,Transfer,Chennai,0
3114,1674,2022-09-28,1195.08,Healthcare,Debit,Bangalore,0
3115,3739,2023-04-26,4274.08,Travel,Transfer,Mumbai,0
3116,1477,2023-11-27,4557.06,Retail,Debit,Chennai,0
3117,3015,2023-02-24,3528.31,Retail,Credit,Chennai,0
3118,4633,2022-10-19,4587.48,Food,Transfer,Bangalore,0
3119,4668,2022-02-24,2067.68,Healthcare,Debit,Bangalore,0
3120,1449,2023-04-07,4300.62,Electronics,Credit,Bangalore,0
3121,1481,2023-10-01,3057.79,Travel,Credit,Hyderabad,0
3122,2067,2023-07-08,900.48,Healthcare,Credit,Delhi,0
3123,1217,2023-12-10,1218.03,Electronics,Credit,Bangalore,0
3124,4275,2022-12-14,4966.39,Retail,Transfer,Delhi,0
3125,1907,2022-08-15,3566.63,Food,Credit,Chennai,0
3126,1337,2022-10-05,20.81,Retail,Transfer,Mumbai,0
3127,4727,2022-07-04,4466.62,Retail,Debit,Delhi,0
3128,1369,2023-05-11,1310.78,Electronics,Debit,Chennai,1
3129,1079,2022-11-02,1564.76,Entertainment,Credit,Hyderabad,1
3130,4365,2022-04-09,477.96,Travel,Transfer,Bangalore,0
3131,4085,2023-08-17,2221.7,Healthcare,Transfer,Delhi,0
3132,4175,2022-12-29,3457.43,Entertainment,Debit,Hyderabad,0
3133,1642,2023-03-31,4831.87,Healthcare,Credit,Hyderabad,0
3134,3032,2022-10-11,476.32,Travel,Debit,Hyderabad,0
3135,2041,2022-03-01,859.36,Healthcare,Transfer,Mumbai,0
3136,2322,2023-06-14,4283.13,Retail,Transfer,Delhi,0
3137,2781,2022-09-14,1470.5,Food,Transfer,Chennai,0
3138,1181,2023-02-09,3007.19,Entertainment,Credit,Mumbai,0
3139,1439,2023-04-22,1196.43,Entertainment,Transfer,Delhi,0
3140,2835,2022-05-22,1849.97,Entertainment,Debit,Chennai,1
3141,2276,2022-05-17,2454.04,Entertainment,Transfer,Hyderabad,0
3142,2904,2022-04-10,3189.44,Retail,Debit,Chennai,0
3143,4659,2023-11-17,4540.46,Food,Transfer,Bangalore,0
3144,4134,2022-01-08,620.75,Entertainment,Credit,Hyderabad,0
3145,4366,2023-06-21,4526.27,Retail,Credit,Bangalore,0
3146,3011,2023-12-30,3997.02,Healthcare,Credit,Mumbai,0
3147,4706,2022-06-26,1339.81,Healthcare,Transfer,Bangalore,1
3148,2195,2022-05-25,2549.89,Food,Debit,Chennai,0
3149,3053,2023-01-18,3604.43,Retail,Credit,Mumbai,0
3150,4056,2022-02-12,1880.48,Travel,Credit,Hyderabad,0
3151,4194,2022-04-13,2853.53,Retail,Transfer,Hyderabad,0
3152,4639,2023-08-25,423.92,Retail,Debit,Mumbai,0
3153,2305,2023-05-03,1235.07,Entertainment,Debit,Hyderabad,0
3154,3108,2023-12-24,470.13,Retail,Transfer,Hyderabad,0
3155,4410,2023-12-09,4912.25,Retail,Credit,Hyderabad,0
3156,2641,2022-02-13,1421.34,Retail,Transfer,Chennai,0
3157,1983,2022-07-28,3156.91,Electronics,Transfer,Hyderabad,0
3158,2767,2022-02-19,231.55,Food,Debit,Chennai,0
3159,1826,2023-12-29,1542.12,Healthcare,Debit,Chennai,0
3160,1387,2022-08-16,2867.1,Retail,Transfer,Chennai,0
3161,1328,2023-03-02,3652.74,Entertainment,Debit,Bangalore,0
3162,2118,2022-09-17,4789.48,Travel,Transfer,Hyderabad,0
3163,1788,2022-05-11,4638.73,Travel,Transfer,Mumbai,0
3164,3391,2023-02-18,2415.53,Entertainment,Credit,Hyderabad,0
3165,1263,2023-05-05,2991.3,Entertainment,Credit,Delhi,0
3166,2305,2023-12-31,317.04,Entertainment,Transfer,Bangalore,0
3167,3568,2023-03-09,2704.95,Healthcare,Transfer,Chennai,0
3168,2200,2022-07-06,2381.42,Entertainment,Transfer,Hyderabad,0
3169,3293,2022-03-30,3162.48,Retail,Debit,Mumbai,0
3170,3015,2022-07-22,2636.23,Retail,Transfer,Hyderabad,0
3171,4931,2022-06-14,3399.47,Electronics,Debit,Hyderabad,0
3172,3634,2023-10-17,2106.27,Healthcare,Transfer,Chennai,0
3173,1260,2022-02-03,2265.38,Entertainment,Debit,Bangalore,0
3174,2430,2022-09-14,69.97,Travel,Transfer,Mumbai,0
3175,1920,2022-09-15,1126.14,Healthcare,Debit,Hyderabad,0
3176,4599,2022-03-28,3171.28,Food,Credit,Mumbai,1
3177,4863,2022-10-01,3208.44,Electronics,Credit,Mumbai,0
3178,3661,2024-01-01,3838.04,Travel,Debit,Hyderabad,0
3179,4353,2023-04-11,4029.47,Retail,Debit,Mumbai,0
3180,3742,2023-09-12,2465.82,Electronics,Credit,Delhi,0
3181,1716,2023-08-18,4006.95,Retail,Debit,Delhi,0
3182,1140,2023-02-13,707.11,Entertainment,Debit,Mumbai,0
3183,4366,2023-09-12,88.89,Retail,Credit,Chennai,0
3184,3583,2022-09-10,3144.91,Healthcare,Transfer,Hyderabad,0
3185,1973,2023-07-15,3309.27,Travel,Credit,Chennai,0
3186,3414,2022-03-07,4785.32,Travel,Transfer,Hyderabad,0
3187,2018,2022-08-25,4788.57,Entertainment,Credit,Bangalore,0
3188,2764,2022-10-02,4564.42,Entertainment,Transfer,Mumbai,0
3189,1188,2022-08-20,4879.58,Electronics,Transfer,Delhi,0
3190,2978,2023-05-15,4390.21,Entertainment,Credit,Mumbai,0
3191,3718,2022-12-13,1853.75,Entertainment,Credit,Bangalore,0
3192,4031,2022-01-27,3171.38,Travel,Transfer,Mumbai,0
3193,1769,2022-10-25,183.82,Retail,Debit,Bangalore,0
3194,4796,2023-06-13,2788.14,Electronics,Debit,Hyderabad,0
3195,1134,2023-07-07,1623.74,Food,Transfer,Delhi,0
3196,4319,2022-07-20,2260.87,Entertainment,Credit,Bangalore,0
3197,1467,2023-03-26,4877.98,Entertainment,Credit,Mumbai,0
3198,3458,2022-01-15,864.33,Electronics,Transfer,Chennai,0
3199,2232,2023-01-14,3398.87,Food,Debit,Chennai,0
3200,2421,2022-03-06,4324.47,Food,Transfer,Bangalore,0
3201,2137,2023-04-28,4665.22,Entertainment,Transfer,Hyderabad,0
3202,3617,2023-06-03,2618.05,Healthcare,Transfer,Delhi,0
3203,4133,2023-05-22,357.43,Entertainment,Transfer,Delhi,0
3204,2108,2023-10-10,2494.59,Travel,Debit,Delhi,0
3205,4794,2023-12-30,3254.56,Entertainment,Transfer,Mumbai,0
3206,3831,2023-01-14,4600.72,Entertainment,Credit,Delhi,0
3207,2528,2022-03-18,428.05,Electronics,Credit,Chennai,0
3208,4908,2022-02-13,2547.95,Healthcare,Credit,Mumbai,0
3209,3444,2022-12-07,740.04,Healthcare,Debit,Bangalore,0
3210,1182,2023-12-27,4248.76,Retail,Debit,Delhi,0
3211,4369,2022-10-31,2610.21,Electronics,Debit,Hyderabad,0
3212,3801,2023-07-16,515.97,Electronics,Transfer,Chennai,0
3213,3838,2022-01-07,2131.49,Retail,Debit,Delhi,0
3214,1699,2022-06-01,1459.24,Electronics,Transfer,Bangalore,0
3215,2614,2023-11-24,874.54,Healthcare,Transfer,Mumbai,0
3216,1288,2022-05-30,822.06,Healthcare,Debit,Chennai,0
3217,3583,2022-02-04,1508.96,Food,Transfer,Delhi,0
3218,4773,2023-10-25,2929.46,Entertainment,Transfer,Chennai,0
3219,2646,2022-05-29,3173.56,Entertainment,Debit,Delhi,0
3220,4287,2022-11-27,1610.44,Retail,Credit,Chennai,0
3221,1058,2022-06-19,2953.66,Electronics,Debit,Hyderabad,0
3222,2181,2022-03-22,4127.36,Retail,Credit,Mumbai,0
3223,1108,2022-10-17,4544.32,Electronics,Transfer,Hyderabad,0
3224,1730,2023-08-26,1743.72,Food,Transfer,Chennai,0
3225,3538,2022-07-22,4140.18,Travel,Debit,Mumbai,0
3226,1545,2023-10-02,4115.5,Travel,Debit,Delhi,0
3227,3335,2023-03-24,2580.35,Entertainment,Credit,Delhi,0
3228,4713,2023-04-07,1660.86,Travel,Credit,Bangalore,0
3229,4666,2023-05-12,23.98,Retail,Debit,Delhi,0
3230,3704,2022-12-29,1199.94,Travel,Transfer,Bangalore,0
3231,1999,2022-01-01,54.89,Entertainment,Transfer,Chennai,1
3232,3396,2023-06-02,1390.26,Food,Transfer,Bangalore,0
3233,3361,2023-08-18,4928.94,Travel,Credit,Delhi,0
3234,1162,2022-10-15,1795.09,Food,Debit,Bangalore,0
3235,1892,2022-02-16,790.46,Healthcare,Transfer,Mumbai,0
3236,1765,2022-05-08,248.83,Retail,Debit,Hyderabad,0
3237,4633,2022-01-18,67.27,Food,Credit,Bangalore,0
3238,3058,2022-09-15,1337.49,Electronics,Debit,Hyderabad,0
3239,1430,2023-06-29,3634.19,Entertainment,Debit,Mumbai,0
3240,4576,2022-06-03,2821.99,Healthcare,Credit,Bangalore,0
3241,2683,2023-02-22,2472.17,Food,Credit,Chennai,0
3242,4490,2022-03-17,660.56,Travel,Credit,Mumbai,0
3243,4779,2022-04-04,4147.86,Healthcare,Debit,Delhi,0
3244,3348,2022-09-04,787.93,Retail,Credit,Mumbai,0
3245,2579,2022-08-30,1566.75,Entertainment,Credit,Mumbai,0
3246,1166,2022-02-05,1241.43,Travel,Debit,Bangalore,1
3247,1875,2022-12-16,3769.34,Food,Debit,Chennai,0
3248,3062,2023-06-21,1963.54,Food,Transfer,Delhi,0
3249,1534,2022-01-03,3606.38,Retail,Credit,Hyderabad,0
3250,1411,2022-08-13,4276.17,Electronics,Credit,Bangalore,0
3251,2695,2022-04-13,3090.53,Entertainment,Debit,Delhi,0
3252,3277,2022-07-23,141.14,Entertainment,Transfer,Chennai,0
3253,1950,2023-05-10,2886.66,Retail,Credit,Hyderabad,0
3254,3424,2022-11-18,2934.16,Food,Credit,Chennai,0
3255,2558,2023-11-29,664.01,Entertainment,Debit,Bangalore,0
3256,2506,2022-12-21,4419.0,Electronics,Transfer,Mumbai,0
3257,3606,2023-04-10,4050.05,Travel,Credit,Hyderabad,0
3258,4066,2023-10-06,4551.34,Travel,Credit,Mumbai,0
3259,2946,2022-02-08,1499.57,Entertainment,Credit,Mumbai,0
3260,3553,2022-12-21,3763.37,Retail,Debit,Chennai,0
3261,1028,2023-01-16,2582.22,Electronics,Transfer,Bangalore,0
3262,4007,2023-02-11,2180.98,Travel,Debit,Chennai,0
3263,4661,2022-05-16,1715.35,Food,Debit,Mumbai,0
3264,3831,2023-01-09,4016.3,Electronics,Transfer,Delhi,0
3265,4727,2022-11-11,3462.34,Food,Debit,Delhi,0
3266,4108,2023-07-01,4716.13,Food,Credit,Hyderabad,0
3267,1393,2022-12-25,791.24,Healthcare,Transfer,Hyderabad,0
3268,2582,2022-05-08,1523.65,Entertainment,Transfer,Mumbai,0
3269,3514,2023-12-19,2156.24,Healthcare,Debit,Bangalore,0
3270,3796,2022-05-16,2367.84,Travel,Credit,Bangalore,0
3271,1379,2023-08-08,3353.04,Travel,Credit,Delhi,0
3272,3001,2022-08-07,281.17,Retail,Credit,Hyderabad,0
3273,2042,2022-05-04,3591.82,Travel,Transfer,Delhi,0
3274,2349,2022-10-05,1758.37,Electronics,Credit,Mumbai,0
3275,1399,2022-05-25,1717.39,Electronics,Transfer,Delhi,0
3276,3877,2022-02-09,501.65,Healthcare,Debit,Chennai,0
3277,3353,2023-08-04,135.26,Travel,Debit,Delhi,0
3278,4225,2022-07-31,2498.99,Travel,Transfer,Mumbai,0
3279,1616,2022-11-17,4039.57,Healthcare,Transfer,Hyderabad,0
3280,3859,2023-09-24,1184.26,Healthcare,Transfer,Chennai,0
3281,2310,2023-08-28,2307.85,Retail,Transfer,Mumbai,0
3282,3327,2023-03-25,2671.19,Food,Debit,Bangalore,0
3283,3094,2022-07-02,839.26,Food,Debit,Hyderabad,0
3284,2405,2022-07-18,1308.65,Travel,Credit,Mumbai,0
3285,4770,2023-06-12,1354.67,Travel,Debit,Delhi,0
3286,1043,2022-03-11,2261.89,Electronics,Transfer,Delhi,0
3287,1189,2023-03-31,3219.27,Travel,Debit,Chennai,0
3288,3619,2022-03-24,1779.32,Travel,Debit,Delhi,0
3289,4988,2022-11-25,2416.61,Electronics,Transfer,Bangalore,0
3290,3168,2022-12-31,3469.53,Entertainment,Transfer,Delhi,0
3291,3823,2023-11-25,3365.37,Entertainment,Transfer,Bangalore,0
3292,3083,2023-09-28,4226.82,Retail,Debit,Mumbai,0
3293,1891,2023-07-13,4058.26,Food,Debit,Hyderabad,0
3294,1507,2022-09-09,4673.3,Food,Credit,Mumbai,0
3295,2812,2022-02-12,3266.23,Retail,Debit,Delhi,0
3296,3774,2023-11-05,3870.74,Retail,Credit,Mumbai,0
3297,2168,2022-04-02,4048.65,Entertainment,Debit,Delhi,0
3298,4043,2023-03-06,3549.45,Electronics,Debit,Delhi,0
3299,1210,2023-08-05,1465.3,Travel,Credit,Mumbai,0
3300,2921,2023-10-14,4725.25,Healthcare,Transfer,Hyderabad,0
3301,3389,2022-08-14,4891.98,Food,Transfer,Delhi,0
3302,2334,2022-01-12,3014.86,Electronics,Credit,Hyderabad,0
3303,2581,2022-05-27,3411.55,Travel,Credit,Chennai,0
3304,3328,2022-08-15,3403.71,Food,Debit,Delhi,0
3305,2823,2022-05-04,4834.98,Healthcare,Debit,Chennai,0
3306,2311,2023-07-15,572.33,Travel,Debit,Hyderabad,0
3307,1214,2023-02-21,417.65,Travel,Credit,Hyderabad,0
3308,3777,2022-06-22,1288.37,Healthcare,Credit,Hyderabad,0
3309,1879,2023-12-29,3464.28,Retail,Transfer,Hyderabad,0
3310,2460,2023-04-20,4731.52,Retail,Debit,Delhi,0
3311,4977,2022-11-02,315.53,Healthcare,Debit,Delhi,0
3312,3033,2022-11-28,2521.69,Travel,Transfer,Delhi,0
3313,3876,2023-03-26,4645.5,Healthcare,Debit,Delhi,0
3314,4533,2023-06-11,888.52,Retail,Debit,Delhi,0
3315,3748,2023-01-18,3848.94,Food,Credit,Delhi,0
3316,4222,2022-12-03,3573.66,Travel,Credit,Chennai,0
3317,4759,2023-04-27,2166.17,Retail,Credit,Hyderabad,0
3318,3905,2022-08-19,1628.84,Food,Transfer,Delhi,0
3319,1945,2022-01-29,3802.71,Entertainment,Credit,Bangalore,0
3320,1243,2022-05-26,604.66,Food,Debit,Hyderabad,0
3321,1246,2023-02-25,1439.75,Electronics,Transfer,Bangalore,0
3322,3173,2023-07-10,667.08,Healthcare,Credit,Chennai,0
3323,1120,2022-04-07,1121.38,Travel,Debit,Bangalore,0
3324,2922,2022-02-02,310.63,Healthcare,Credit,Delhi,0
3325,3327,2023-09-17,2847.16,Food,Credit,Delhi,0
3326,2463,2022-12-10,3509.22,Retail,Transfer,Hyderabad,0
3327,1367,2022-03-25,2876.1,Electronics,Transfer,Delhi,0
3328,2781,2023-03-04,3597.07,Travel,Credit,Mumbai,0
3329,1665,2022-10-19,3056.93,Healthcare,Transfer,Chennai,0
3330,4407,2023-01-17,428.9,Retail,Transfer,Chennai,0
3331,1555,2022-08-29,1644.74,Electronics,Credit,Mumbai,0
3332,4618,2022-09-02,2087.14,Entertainment,Credit,Chennai,0
3333,3697,2023-12-13,70.3,Electronics,Credit,Delhi,0
3334,2246,2022-05-05,474.33,Travel,Credit,Bangalore,0
3335,3357,2022-03-19,4916.7,Entertainment,Debit,Bangalore,0
3336,3668,2022-03-18,234.15,Food,Debit,Chennai,0
3337,3139,2022-04-21,339.59,Entertainment,Credit,Bangalore,0
3338,1216,2022-08-22,516.26,Retail,Credit,Bangalore,0
3339,3435,2023-01-12,1717.25,Entertainment,Transfer,Chennai,0
3340,2035,2022-07-10,1972.57,Food,Transfer,Hyderabad,0
3341,4742,2022-01-10,3307.36,Retail,Transfer,Delhi,0
3342,4489,2023-08-04,599.77,Food,Debit,Mumbai,0
3343,3592,2023-06-06,3974.73,Travel,Debit,Chennai,0
3344,3829,2023-05-18,2076.28,Retail,Credit,Mumbai,0
3345,2016,2022-03-28,4721.68,Electronics,Transfer,Delhi,0
3346,2886,2022-12-07,1254.7,Retail,Transfer,Delhi,0
3347,3165,2022-05-20,2683.33,Electronics,Transfer,Mumbai,0
3348,4808,2022-04-16,2391.93,Food,Credit,Bangalore,0
3349,2429,2023-02-21,3791.22,Entertainment,Transfer,Bangalore,0
3350,3218,2023-04-26,2118.32,Electronics,Debit,Hyderabad,0
3351,4411,2023-09-08,2027.13,Food,Debit,Chennai,0
3352,3569,2022-03-11,4483.32,Electronics,Debit,Hyderabad,0
3353,2535,2022-06-02,548.55,Travel,Credit,Chennai,0
3354,3187,2022-09-26,4932.89,Food,Debit,Bangalore,0
3355,1269,2023-07-11,1617.18,Retail,Credit,Mumbai,0
3356,3329,2022-09-12,3537.5,Electronics,Credit,Mumbai,0
3357,3965,2023-09-12,1229.28,Entertainment,Transfer,Delhi,0
3358,2604,2023-11-22,1941.99,Travel,Transfer,Delhi,0
3359,4079,2022-02-20,2385.33,Travel,Credit,Mumbai,0
3360,3676,2023-06-15,388.59,Healthcare,Credit,Mumbai,0
3361,2861,2023-07-17,1996.99,Food,Transfer,Delhi,0
3362,3392,2023-02-17,3648.2,Electronics,Transfer,Bangalore,0
3363,2989,2023-03-26,2715.52,Entertainment,Credit,Bangalore,0
3364,3050,2022-09-02,4837.4,Food,Credit,Bangalore,0
3365,4973,2022-05-02,1357.52,Retail,Debit,Bangalore,0
3366,1572,2022-06-27,281.83,Healthcare,Debit,Delhi,0
3367,3229,2022-12-14,2936.08,Retail,Debit,Chennai,0
3368,4793,2022-01-26,492.45,Food,Debit,Bangalore,0
3369,2965,2022-01-15,4742.25,Food,Credit,Chennai,0
3370,1517,2022-07-17,1572.69,Healthcare,Transfer,Delhi,0
3371,1892,2022-08-10,3427.57,Healthcare,Credit,Mumbai,0
3372,1307,2022-07-13,4516.28,Electronics,Transfer,Chennai,0
3373,3190,2023-08-25,2372.31,Food,Transfer,Delhi,0
3374,3177,2022-08-19,1371.12,Electronics,Transfer,Hyderabad,0
3375,2676,2023-12-25,1839.12,Travel,Transfer,Chennai,0
3376,2010,2022-11-16,2572.89,Electronics,Transfer,Delhi,0
3377,4004,2023-07-18,3398.96,Food,Credit,Hyderabad,0
3378,2858,2022-09-16,3829.16,Electronics,Transfer,Bangalore,0
3379,2676,2023-11-22,3885.31,Food,Debit,Hyderabad,0
3380,3452,2022-06-20,518.42,Retail,Transfer,Bangalore,0
3381,3810,2023-05-09,3624.23,Entertainment,Credit,Hyderabad,0
3382,3838,2022-03-15,3282.34,Healthcare,Credit,Chennai,0
3383,1881,2022-04-24,744.83,Healthcare,Transfer,Bangalore,0
3384,3142,2022-02-21,2967.71,Healthcare,Debit,Hyderabad,0
3385,4490,2023-10-26,851.11,Electronics,Credit,Chennai,0
3386,2495,2023-06-25,1899.32,Retail,Credit,Mumbai,0
3387,3583,2023-03-08,2603.51,Food,Credit,Hyderabad,0
3388,3564,2023-08-24,4461.88,Electronics,Transfer,Hyderabad,0
3389,4039,2022-12-24,1267.3,Retail,Transfer,Delhi,0
3390,3816,2023-12-04,1824.22,Entertainment,Credit,Chennai,0
3391,1086,2023-12-20,3434.71,Healthcare,Debit,Delhi,0
3392,3585,2023-12-28,3354.43,Entertainment,Credit,Delhi,0
3393,1028,2023-03-28,2544.23,Travel,Credit,Chennai,0
3394,3217,2023-08-05,739.87,Entertainment,Credit,Bangalore,0
3395,3853,2022-10-12,2275.74,Healthcare,Credit,Delhi,1
3396,3335,2023-10-18,1411.67,Healthcare,Credit,Bangalore,0
3397,2318,2022-11-06,4518.59,Food,Transfer,Bangalore,0
3398,1168,2023-09-09,661.55,Retail,Credit,Hyderabad,0
3399,1130,2022-06-25,3202.44,Travel,Credit,Bangalore,0
3400,3374,2022-11-29,1054.64,Entertainment,Credit,Hyderabad,0
3401,2257,2022-02-15,1848.47,Food,Transfer,Chennai,0
3402,1523,2023-02-09,1249.49,Healthcare,Credit,Mumbai,0
3403,1951,2022-10-03,3663.02,Retail,Credit,Mumbai,0
3404,1606,2023-10-07,4525.37,Entertainment,Transfer,Chennai,0
3405,1616,2022-11-27,4745.16,Retail,Credit,Mumbai,0
3406,4614,2023-05-24,4220.82,Electronics,Transfer,Bangalore,0
3407,4909,2023-03-26,3149.28,Retail,Credit,Mumbai,0
3408,4874,2023-06-02,4605.31,Healthcare,Debit,Bangalore,0
3409,4183,2023-07-05,1428.33,Healthcare,Debit,Mumbai,0
3410,4327,2023-01-21,2744.15,Entertainment,Credit,Bangalore,0
3411,1093,2022-10-13,1199.81,Food,Credit,Bangalore,1
3412,4578,2023-09-27,2089.37,Retail,Credit,Delhi,0
3413,4897,2022-02-21,2252.21,Travel,Debit,Chennai,0
3414,4195,2022-07-09,3361.74,Electronics,Transfer,Mumbai,0
3415,4935,2023-11-10,3045.66,Food,Transfer,Mumbai,0
3416,2114,2023-10-14,3902.2,Electronics,Credit,Delhi,0
3417,3254,2022-07-03,3257.85,Travel,Debit,Bangalore,0
3418,4045,2023-09-24,3652.72,Healthcare,Credit,Bangalore,0
3419,2898,2022-05-27,4335.74,Healthcare,Credit,Bangalore,0
3420,2287,2022-11-29,3666.52,Entertainment,Debit,Delhi,0
3421,4853,2023-10-06,2777.0,Electronics,Debit,Mumbai,0
3422,4235,2022-11-02,4300.74,Travel,Credit,Delhi,0
3423,3752,2022-03-21,3297.0,Electronics,Debit,Chennai,0
3424,1213,2022-07-11,3976.35,Entertainment,Transfer,Delhi,0
3425,3794,2022-05-02,1181.99,Entertainment,Credit,Mumbai,0
3426,3101,2022-10-20,2699.69,Retail,Debit,Bangalore,0
3427,4838,2022-02-08,1082.91,Entertainment,Credit,Delhi,0
3428,3328,2022-09-23,4623.44,Entertainment,Debit,Chennai,0
3429,2133,2022-04-18,1878.42,Entertainment,Debit,Chennai,0
3430,3569,2023-06-23,2550.27,Travel,Debit,Delhi,0
3431,4431,2022-10-04,2277.3,Electronics,Credit,Delhi,0
3432,1395,2023-03-13,4374.9,Retail,Credit,Hyderabad,0
3433,3246,2022-01-28,891.66,Travel,Credit,Mumbai,0
3434,3803,2022-12-28,911.16,Healthcare,Transfer,Chennai,0
3435,1089,2022-01-31,4491.78,Travel,Debit,Chennai,0
3436,1931,2022-01-26,4604.24,Food,Debit,Chennai,0
3437,4307,2022-04-15,2528.29,Electronics,Credit,Delhi,0
3438,2293,2022-08-04,2911.71,Entertainment,Transfer,Chennai,0
3439,4504,2023-03-22,758.71,Food,Debit,Mumbai,0
3440,4205,2022-11-25,2193.43,Food,Debit,Mumbai,0
3441,1278,2023-02-14,4267.62,Entertainment,Credit,Mumbai,0
3442,3359,2023-02-02,176.16,Travel,Credit,Delhi,0
3443,2023,2022-02-04,4867.29,Travel,Debit,Hyderabad,0
3444,3897,2023-09-13,2509.55,Entertainment,Debit,Mumbai,0
3445,3746,2022-04-29,3229.29,Entertainment,Credit,Mumbai,0
3446,1687,2022-09-04,644.61,Entertainment,Transfer,Delhi,0
3447,4423,2022-11-22,2073.68,Travel,Debit,Chennai,0
3448,4620,2023-10-23,1278.68,Entertainment,Debit,Chennai,0
3449,4004,2023-11-16,3760.52,Food,Debit,Delhi,0
3450,3835,2022-12-23,4094.9,Healthcare,Credit,Mumbai,0
3451,3779,2022-03-05,1185.71,Food,Credit,Chennai,0
3452,3320,2022-06-26,2124.76,Entertainment,Transfer,Hyderabad,0
3453,4357,2022-01-24,2463.99,Entertainment,Debit,Hyderabad,0
3454,4187,2022-12-29,2622.71,Electronics,Credit,Bangalore,0
3455,2248,2022-11-10,344.99,Electronics,Transfer,Bangalore,0
3456,1588,2022-11-16,817.58,Food,Transfer,Hyderabad,0
3457,4030,2023-04-05,3754.27,Healthcare,Debit,Bangalore,0
3458,1704,2023-03-15,1770.53,Food,Credit,Hyderabad,0
3459,1203,2023-02-27,1353.58,Healthcare,Debit,Bangalore,0
3460,2162,2022-09-02,1921.25,Travel,Transfer,Bangalore,0
3461,3268,2023-03-01,1439.86,Travel,Credit,Bangalore,0
3462,4405,2022-10-18,611.8,Travel,Credit,Bangalore,0
3463,2646,2023-04-23,3880.39,Retail,Debit,Bangalore,0
3464,3835,2022-05-12,4950.24,Travel,Credit,Bangalore,0
3465,2693,2023-12-04,1712.38,Food,Transfer,Delhi,0
3466,1720,2022-04-07,376.16,Travel,Debit,Hyderabad,0
3467,4421,2023-02-18,324.83,Entertainment,Credit,Chennai,0
3468,1967,2022-05-07,1014.09,Food,Credit,Mumbai,0
3469,4499,2023-03-11,3931.6,Electronics,Transfer,Chennai,0
3470,4309,2022-02-06,4815.78,Food,Debit,Bangalore,0
3471,3983,2023-07-13,2720.06,Retail,Debit,Delhi,0
3472,2018,2023-11-16,2548.4,Travel,Debit,Bangalore,0
3473,4399,2023-05-03,3763.58,Food,Debit,Bangalore,0
3474,2054,2023-09-02,3441.95,Food,Debit,Bangalore,0
3475,1171,2022-09-28,4875.51,Electronics,Debit,Delhi,0
3476,1822,2022-11-24,1048.74,Healthcare,Credit,Chennai,0
3477,4353,2023-09-04,124.46,Travel,Credit,Delhi,0
3478,2551,2022-12-14,3298.18,Healthcare,Debit,Bangalore,1
3479,3646,2022-05-02,4523.84,Food,Transfer,Bangalore,0
3480,2884,2022-11-25,3658.4,Entertainment,Debit,Bangalore,0
3481,3317,2022-12-23,1150.12,Travel,Debit,Bangalore,0
3482,2064,2023-03-05,4951.99,Retail,Transfer,Bangalore,0
3483,1039,2023-11-18,2209.35,Travel,Credit,Mumbai,0
3484,2404,2023-12-29,2433.03,Food,Credit,Delhi,1
3485,4985,2023-01-28,3267.95,Healthcare,Credit,Chennai,0
3486,2096,2022-11-10,3043.67,Electronics,Credit,Chennai,0
3487,2975,2022-07-31,4486.4,Retail,Debit,Mumbai,0
3488,3429,2023-04-11,4687.62,Healthcare,Transfer,Delhi,0
3489,3179,2023-02-28,4591.06,Food,Transfer,Chennai,0
3490,4447,2022-12-23,3963.46,Retail,Credit,Mumbai,0
3491,2465,2023-02-13,2622.95,Healthcare,Credit,Mumbai,0
3492,4451,2022-12-18,132.98,Retail,Credit,Bangalore,0
3493,4303,2022-09-22,3909.08,Electronics,Debit,Mumbai,0
3494,4884,2022-08-02,1107.15,Electronics,Debit,Chennai,0
3495,3540,2023-01-26,3711.16,Entertainment,Credit,Delhi,0
3496,3486,2023-08-29,663.69,Electronics,Debit,Mumbai,0
3497,1550,2023-11-12,3915.96,Travel,Credit,Delhi,0
3498,3892,2023-12-29,4344.6,Food,Transfer,Chennai,0
3499,1839,2022-08-24,848.0,Healthcare,Credit,Chennai,0
3500,2516,2022-04-27,3129.99,Electronics,Transfer,Delhi,0
3501,2257,2023-06-24,4214.62,Electronics,Credit,Hyderabad,0
3502,4358,2023-05-14,819.18,Electronics,Credit,Mumbai,0
3503,2558,2023-01-05,4275.52,Retail,Transfer,Hyderabad,0
3504,4996,2023-10-24,4265.82,Entertainment,Transfer,Delhi,0
3505,1209,2023-05-21,162.4,Travel,Credit,Chennai,0
3506,2086,2022-05-23,2295.3,Entertainment,Transfer,Delhi,0
3507,1215,2022-10-16,1781.96,Food,Transfer,Delhi,0
3508,3675,2022-03-27,4048.7,Electronics,Debit,Chennai,1
3509,1251,2022-12-23,2306.91,Retail,Transfer,Delhi,0
3510,3171,2023-10-13,2400.02,Entertainment,Debit,Hyderabad,0
3511,3765,2023-02-14,3091.18,Healthcare,Transfer,Hyderabad,0
3512,1455,2023-07-15,1764.26,Electronics,Credit,Chennai,0
3513,1105,2022-03-31,1899.43,Healthcare,Debit,Chennai,0
3514,4280,2023-09-01,3743.5,Healthcare,Credit,Bangalore,0
3515,4660,2022-11-05,4230.6,Healthcare,Credit,Chennai,0
3516,3368,2023-09-15,834.02,Entertainment,Debit,Delhi,0
3517,1215,2023-06-13,4683.61,Travel,Transfer,Chennai,0
3518,4978,2022-03-31,3887.33,Electronics,Credit,Mumbai,0
3519,2631,2022-07-27,3283.93,Retail,Transfer,Hyderabad,0
3520,2927,2022-11-20,3190.41,Entertainment,Transfer,Bangalore,0
3521,1089,2022-01-13,4616.27,Healthcare,Credit,Delhi,0
3522,1741,2022-02-22,4451.12,Entertainment,Transfer,Bangalore,0
3523,2073,2023-09-14,2025.98,Entertainment,Transfer,Hyderabad,0
3524,3135,2022-06-09,3615.29,Electronics,Transfer,Chennai,0
3525,1351,2023-04-15,1111.67,Food,Transfer,Mumbai,0
3526,2743,2022-01-08,2140.82,Electronics,Credit,Delhi,0
3527,2495,2022-12-10,2668.58,Entertainment,Debit,Mumbai,0
3528,4162,2022-05-12,4055.5,Travel,Debit,Bangalore,0
3529,2722,2022-12-11,3297.57,Electronics,Transfer,Bangalore,0
3530,2959,2023-12-28,3787.1,Travel,Credit,Mumbai,0
3531,4641,2023-07-11,2539.92,Electronics,Debit,Bangalore,0
3532,1036,2023-08-24,1964.5,Retail,Credit,Hyderabad,0
3533,4051,2022-01-17,3728.23,Retail,Debit,Bangalore,0
3534,1518,2022-04-21,1321.16,Electronics,Credit,Mumbai,0
3535,3661,2023-03-07,1538.74,Healthcare,Credit,Delhi,0
3536,3856,2022-09-26,1084.05,Electronics,Transfer,Mumbai,0
3537,2213,2023-10-12,3408.63,Retail,Debit,Bangalore,0
3538,2281,2023-12-26,332.11,Retail,Credit,Hyderabad,0
3539,1072,2023-03-26,2422.38,Electronics,Credit,Chennai,0
3540,4171,2022-04-28,3042.56,Entertainment,Credit,Bangalore,0
3541,2163,2022-06-12,2458.64,Entertainment,Debit,Delhi,0
3542,2197,2022-06-16,3865.22,Travel,Transfer,Mumbai,0
3543,3335,2023-11-08,4740.2,Entertainment,Transfer,Delhi,0
3544,1600,2022-07-09,4583.92,Entertainment,Transfer,Bangalore,0
3545,1759,2023-04-07,883.83,Entertainment,Transfer,Hyderabad,0
3546,2203,2022-07-08,4033.09,Entertainment,Debit,Bangalore,0
3547,1685,2022-01-02,1324.35,Electronics,Transfer,Chennai,0
3548,4926,2023-08-28,491.21,Travel,Debit,Hyderabad,0
3549,3234,2023-06-18,1856.34,Travel,Credit,Hyderabad,0
3550,2101,2023-11-16,990.83,Healthcare,Debit,Bangalore,0
3551,1629,2023-04-27,4180.59,Retail,Credit,Hyderabad,0
3552,4766,2023-06-21,4430.6,Travel,Credit,Hyderabad,0
3553,3581,2023-05-16,3773.71,Retail,Debit,Chennai,0
3554,1032,2023-08-17,4275.13,Electronics,Credit,Hyderabad,0
3555,4932,2023-08-20,4838.29,Entertainment,Credit,Bangalore,0
3556,1972,2022-07-23,3422.33,Healthcare,Transfer,Delhi,0
3557,2447,2023-12-18,1404.09,Healthcare,Credit,Delhi,0
3558,4516,2022-06-19,3819.82,Food,Credit,Chennai,1
3559,4881,2022-09-13,4315.52,Retail,Credit,Chennai,0
3560,1248,2023-02-03,2853.78,Retail,Credit,Mumbai,0
3561,3574,2023-03-20,4979.76,Electronics,Transfer,Chennai,0
3562,4727,2022-12-23,3351.29,Entertainment,Credit,Hyderabad,0
3563,4011,2023-11-14,3910.22,Electronics,Credit,Hyderabad,0
3564,3277,2023-04-03,317.77,Healthcare,Credit,Bangalore,0
3565,4799,2022-04-19,1082.68,Healthcare,Debit,Chennai,0
3566,2827,2022-09-08,271.22,Travel,Credit,Chennai,0
3567,3987,2022-11-16,1714.33,Healthcare,Credit,Mumbai,0
3568,4787,2023-07-15,130.13,Electronics,Transfer,Delhi,0
3569,3735,2023-09-28,4670.32,Electronics,Debit,Delhi,0
3570,2026,2022-07-29,2257.44,Entertainment,Debit,Bangalore,0
3571,2769,2022-11-27,4688.81,Retail,Transfer,Mumbai,0
3572,3994,2022-04-13,4239.35,Entertainment,Credit,Bangalore,0
3573,2065,2023-09-06,2823.49,Healthcare,Credit,Chennai,0
3574,4123,2023-07-16,2263.62,Travel,Debit,Delhi,0
3575,3489,2023-12-02,3799.87,Entertainment,Debit,Bangalore,0
3576,3596,2023-05-28,3320.98,Healthcare,Debit,Mumbai,0
3577,1117,2022-05-11,2630.56,Healthcare,Transfer,Hyderabad,0
3578,2932,2023-10-19,2771.43,Healthcare,Transfer,Chennai,0
3579,2510,2023-06-10,1725.5,Healthcare,Debit,Bangalore,0
3580,4723,2022-06-25,3987.15,Retail,Debit,Bangalore,0
3581,1904,2022-02-08,469.66,Retail,Transfer,Mumbai,0
3582,2474,2023-06-10,1191.98,Food,Transfer,Chennai,0
3583,3105,2022-02-28,3049.98,Retail,Debit,Hyderabad,1
3584,3649,2022-07-16,4515.73,Travel,Credit,Bangalore,0
3585,4607,2023-12-15,2143.68,Food,Credit,Chennai,0
3586,3325,2023-04-24,3252.52,Retail,Credit,Mumbai,0
3587,1263,2023-10-25,823.5,Healthcare,Credit,Hyderabad,0
3588,2631,2022-06-21,4159.05,Food,Credit,Delhi,0
3589,3226,2022-11-10,4225.18,Electronics,Credit,Hyderabad,0
3590,4095,2023-06-18,4736.53,Food,Debit,Chennai,0
3591,3206,2022-04-30,2258.37,Travel,Credit,Bangalore,0
3592,1626,2022-10-05,4338.98,Electronics,Credit,Bangalore,0
3593,3057,2022-03-03,2280.11,Retail,Credit,Hyderabad,0
3594,3024,2022-08-29,3466.16,Travel,Credit,Hyderabad,0
3595,2097,2022-08-27,4918.74,Entertainment,Credit,Chennai,0
3596,1408,2022-10-29,2762.68,Electronics,Credit,Hyderabad,0
3597,2076,2022-02-08,474.65,Healthcare,Debit,Delhi,0
3598,2888,2022-12-31,4170.33,Healthcare,Debit,Bangalore,0
3599,1566,2023-05-17,3532.63,Healthcare,Transfer,Mumbai,0
3600,4904,2023-04-04,1176.44,Retail,Credit,Delhi,0
3601,3155,2022-08-01,4755.21,Entertainment,Transfer,Mumbai,0
3602,3713,2023-12-24,1380.67,Electronics,Transfer,Chennai,0
3603,2653,2023-07-19,1705.91,Entertainment,Transfer,Chennai,0
3604,3118,2023-08-20,2759.79,Entertainment,Debit,Bangalore,0
3605,4328,2022-02-25,674.47,Electronics,Credit,Mumbai,0
3606,4830,2022-02-27,4225.11,Retail,Debit,Mumbai,0
3607,2103,2022-11-30,103.83,Electronics,Transfer,Delhi,0
3608,2601,2023-07-28,13.33,Entertainment,Credit,Hyderabad,0
3609,4084,2022-08-26,2747.17,Healthcare,Transfer,Delhi,0
3610,1511,2023-04-15,1256.18,Retail,Credit,Chennai,0
3611,4496,2023-09-11,3055.53,Healthcare,Debit,Delhi,0
3612,2627,2022-01-19,4326.32,Healthcare,Debit,Bangalore,0
3613,3141,2023-04-16,1086.19,Healthcare,Credit,Bangalore,0
3614,1112,2022-04-29,1070.31,Food,Debit,Chennai,0
3615,1688,2022-06-19,4691.62,Travel,Transfer,Chennai,0
3616,4401,2023-03-02,3639.18,Entertainment,Credit,Hyderabad,0
3617,3981,2023-01-31,4018.6,Food,Credit,Delhi,0
3618,1589,2023-01-28,558.88,Retail,Transfer,Delhi,0
3619,4313,2023-03-21,4400.54,Food,Credit,Chennai,0
3620,3856,2022-06-07,2724.53,Travel,Transfer,Bangalore,0
3621,3635,2023-06-17,3590.61,Travel,Transfer,Bangalore,0
3622,2982,2023-04-26,4696.98,Entertainment,Transfer,Mumbai,0
3623,4109,2023-04-13,3747.0,Electronics,Debit,Mumbai,0
3624,2905,2023-02-19,1446.95,Healthcare,Transfer,Bangalore,0
3625,3923,2023-07-27,4815.77,Entertainment,Debit,Mumbai,0
3626,4890,2022-08-28,640.29,Food,Debit,Chennai,0
3627,1843,2023-06-22,1696.03,Travel,Transfer,Hyderabad,0
3628,2816,2023-01-10,3636.0,Travel,Debit,Chennai,0
3629,2431,2022-07-31,3475.43,Travel,Transfer,Mumbai,0
3630,1708,2023-10-20,286.85,Healthcare,Debit,Bangalore,0
3631,3850,2022-03-25,1714.64,Electronics,Credit,Mumbai,0
3632,1555,2023-12-21,3510.3,Electronics,Credit,Chennai,0
3633,4254,2023-07-19,4026.46,Electronics,Credit,Bangalore,0
3634,1864,2022-12-11,1445.73,Entertainment,Transfer,Delhi,0
3635,2397,2022-11-20,481.55,Electronics,Debit,Hyderabad,0
3636,2831,2023-04-05,2128.78,Entertainment,Debit,Chennai,0
3637,2931,2023-12-17,2586.7,Food,Debit,Hyderabad,0
3638,3373,2022-09-08,4487.13,Electronics,Credit,Mumbai,0
3639,3685,2022-07-29,4975.23,Entertainment,Transfer,Delhi,0
3640,2089,2022-01-20,807.38,Travel,Transfer,Bangalore,0
3641,1890,2023-07-24,3408.77,Entertainment,Credit,Mumbai,0
3642,3333,2023-03-23,2616.42,Retail,Transfer,Mumbai,0
3643,2791,2022-07-14,1518.44,Healthcare,Credit,Delhi,0
3644,2635,2022-02-20,627.17,Retail,Debit,Bangalore,0
3645,2935,2023-11-11,1457.28,Entertainment,Transfer,Delhi,0
3646,3449,2022-04-12,1309.99,Travel,Credit,Mumbai,0
3647,1862,2023-08-15,2765.47,Healthcare,Transfer,Bangalore,0
3648,4367,2023-05-18,2842.75,Food,Credit,Chennai,0
3649,1370,2023-06-06,4930.49,Entertainment,Debit,Delhi,0
3650,4299,2022-03-06,664.85,Entertainment,Credit,Delhi,0
3651,4655,2022-03-29,1466.14,Food,Credit,Bangalore,0
3652,2471,2023-12-20,1156.77,Healthcare,Credit,Mumbai,0
3653,4094,2023-12-07,492.81,Healthcare,Debit,Bangalore,0
3654,4271,2023-12-21,4180.63,Healthcare,Credit,Bangalore,0
3655,1516,2022-04-27,2769.7,Entertainment,Transfer,Hyderabad,0
3656,3733,2022-03-22,2600.69,Healthcare,Transfer,Chennai,0
3657,4838,2022-07-03,1723.94,Electronics,Transfer,Delhi,0
3658,2447,2022-01-31,4462.29,Food,Debit,Chennai,0
3659,1573,2022-12-25,525.06,Electronics,Debit,Mumbai,0
3660,4681,2022-06-23,4034.41,Electronics,Debit,Hyderabad,1
3661,1715,2023-02-11,4013.27,Entertainment,Transfer,Hyderabad,0
3662,2607,2022-09-26,3379.08,Retail,Debit,Delhi,0
3663,2532,2022-09-23,3142.8,Food,Debit,Delhi,0
3664,2534,2022-09-29,2029.31,Electronics,Debit,Hyderabad,0
3665,3431,2022-10-19,3193.78,Retail,Credit,Delhi,0
3666,3930,2023-11-24,2555.94,Entertainment,Transfer,Chennai,0
3667,3910,2022-12-23,2164.72,Travel,Debit,Hyderabad,0
3668,3810,2022-03-11,1046.4,Entertainment,Credit,Chennai,0
3669,3653,2023-02-09,190.89,Healthcare,Transfer,Bangalore,0
3670,4522,2022-06-29,3663.02,Electronics,Transfer,Chennai,0
3671,1494,2023-10-25,254.95,Retail,Debit,Mumbai,0
3672,4983,2022-12-08,3699.9,Healthcare,Transfer,Mumbai,0
3673,2337,2023-05-04,4137.21,Healthcare,Credit,Chennai,0
3674,4036,2023-12-25,435.28,Electronics,Transfer,Bangalore,1
3675,4766,2022-06-06,4242.81,Healthcare,Credit,Chennai,0
3676,2334,2023-01-23,2804.62,Food,Credit,Mumbai,0
3677,3724,2022-08-01,954.07,Healthcare,Credit,Mumbai,0
3678,4828,2023-11-16,2230.29,Entertainment,Credit,Mumbai,0
3679,4536,2023-03-12,2202.29,Entertainment,Debit,Chennai,0
3680,3633,2023-07-12,242.93,Travel,Transfer,Hyderabad,0
3681,2408,2023-04-23,3087.89,Healthcare,Credit,Hyderabad,0
3682,3391,2023-07-16,1427.12,Healthcare,Credit,Hyderabad,0
3683,4851,2022-03-20,2342.77,Retail,Debit,Delhi,0
3684,4546,2022-06-25,3857.84,Healthcare,Debit,Delhi,0
3685,1414,2023-10-20,2974.05,Retail,Debit,Hyderabad,0
3686,2275,2023-10-04,2745.29,Retail,Debit,Chennai,0
3687,3687,2023-09-23,3633.64,Travel,Transfer,Delhi,0
3688,2042,2022-04-26,3127.29,Electronics,Credit,Delhi,0
3689,2974,2022-02-23,2011.84,Travel,Credit,Delhi,0
3690,4691,2023-01-27,1784.89,Healthcare,Debit,Delhi,0
3691,1653,2022-06-10,1435.52,Entertainment,Transfer,Chennai,0
3692,2039,2023-05-18,1668.57,Healthcare,Credit,Chennai,0
3693,3629,2022-10-20,4441.68,Retail,Transfer,Hyderabad,0
3694,2376,2023-03-23,1887.64,Entertainment,Credit,Mumbai,0
3695,4058,2023-05-06,3371.53,Retail,Debit,Delhi,0
3696,3774,2023-08-25,3670.96,Healthcare,Debit,Bangalore,0
3697,3739,2022-10-19,1362.84,Entertainment,Transfer,Hyderabad,0
3698,4907,2022-08-29,3911.26,Healthcare,Credit,Delhi,0
3699,1358,2022-12-02,4982.09,Retail,Debit,Delhi,0
3700,2107,2023-12-06,4070.49,Healthcare,Credit,Bangalore,0
3701,4715,2022-02-25,2417.17,Entertainment,Credit,Hyderabad,0
3702,1257,2022-12-25,1501.47,Healthcare,Credit,Mumbai,0
3703,2940,2023-01-06,3050.19,Food,Transfer,Bangalore,0
3704,3539,2022-12-06,2041.94,Entertainment,Credit,Delhi,0
3705,2443,2023-11-28,1818.49,Food,Transfer,Hyderabad,0
3706,3094,2022-06-08,556.9,Entertainment,Debit,Hyderabad,0
3707,4746,2023-10-09,3054.77,Electronics,Credit,Bangalore,0
3708,4008,2022-05-12,1918.65,Entertainment,Credit,Mumbai,0
3709,2001,2023-01-04,325.19,Electronics,Credit,Mumbai,0
3710,1503,2023-05-14,406.51,Electronics,Credit,Bangalore,0
3711,2274,2023-11-12,1478.47,Electronics,Credit,Bangalore,0
3712,2494,2022-02-28,4202.01,Travel,Credit,Bangalore,0
3713,1508,2022-06-30,1718.09,Healthcare,Credit,Delhi,0
3714,2627,2023-11-21,1033.22,Travel,Transfer,Mumbai,0
3715,3012,2023-10-12,2294.79,Entertainment,Credit,Hyderabad,1
3716,3039,2022-03-05,1910.25,Entertainment,Debit,Chennai,0
3717,2182,2023-01-06,4878.48,Healthcare,Debit,Mumbai,0
3718,3561,2022-10-05,2430.93,Retail,Transfer,Delhi,0
3719,2194,2023-07-13,3850.67,Food,Debit,Delhi,0
3720,3552,2022-03-11,2910.84,Retail,Credit,Hyderabad,1
3721,2888,2022-02-19,3147.97,Retail,Credit,Bangalore,0
3722,2859,2023-10-16,1508.53,Travel,Credit,Hyderabad,0
3723,4085,2022-07-10,3099.02,Healthcare,Transfer,Hyderabad,0
3724,4355,2023-03-11,649.48,Entertainment,Transfer,Delhi,0
3725,4784,2022-11-08,3898.11,Travel,Transfer,Mumbai,0
3726,4395,2022-04-22,3819.97,Healthcare,Transfer,Chennai,0
3727,4440,2023-03-08,2585.42,Food,Debit,Delhi,0
3728,3845,2022-04-01,1632.29,Retail,Debit,Hyderabad,0
3729,1549,2023-12-04,1785.8,Healthcare,Debit,Hyderabad,0
3730,2773,2023-03-13,1883.65,Electronics,Transfer,Mumbai,0
3731,2480,2023-05-06,683.99,Food,Credit,Chennai,0
3732,1976,2022-02-09,2244.64,Healthcare,Debit,Bangalore,0
3733,4309,2023-08-16,1761.62,Entertainment,Credit,Bangalore,0
3734,2470,2023-03-20,946.22,Healthcare,Transfer,Bangalore,0
3735,3440,2022-10-11,4632.45,Electronics,Transfer,Chennai,0
3736,2673,2023-06-27,1860.12,Healthcare,Debit,Chennai,1
3737,4651,2023-03-11,4209.68,Entertainment,Debit,Chennai,0
3738,1724,2022-12-24,2985.67,Food,Credit,Delhi,0
3739,2572,2023-10-13,2658.2,Entertainment,Debit,Hyderabad,0
3740,1973,2022-12-24,2985.21,Entertainment,Credit,Bangalore,0
3741,2942,2023-01-06,1405.29,Travel,Transfer,Chennai,0
3742,1310,2023-08-02,3031.11,Entertainment,Debit,Delhi,0
3743,2604,2022-06-07,3924.05,Entertainment,Transfer,Mumbai,0
3744,1086,2022-12-25,86.36,Entertainment,Debit,Delhi,0
3745,2783,2022-01-29,4088.62,Entertainment,Transfer,Bangalore,0
3746,4001,2023-08-17,207.33,Entertainment,Transfer,Delhi,0
3747,3606,2022-10-13,2311.94,Electronics,Debit,Bangalore,0
3748,2012,2022-05-18,4336.63,Retail,Credit,Hyderabad,0
3749,2424,2023-07-20,3849.33,Entertainment,Credit,Chennai,0
3750,1747,2023-06-30,162.31,Travel,Credit,Mumbai,0
3751,1925,2023-10-20,2940.75,Travel,Credit,Delhi,0
3752,3999,2023-05-30,2915.53,Electronics,Credit,Bangalore,0
3753,2228,2022-01-08,3676.63,Electronics,Debit,Chennai,0
3754,2835,2023-02-10,1607.49,Travel,Debit,Delhi,0
3755,1038,2022-11-07,4918.22,Entertainment,Transfer,Hyderabad,0
3756,1158,2023-02-23,405.86,Entertainment,Transfer,Hyderabad,0
3757,4185,2023-07-18,4170.75,Entertainment,Transfer,Hyderabad,0
3758,3266,2022-10-14,2728.91,Food,Transfer,Hyderabad,0
3759,3792,2022-01-31,3150.17,Retail,Transfer,Delhi,0
3760,3332,2022-01-06,4246.23,Food,Credit,Chennai,0
3761,2023,2022-04-07,4284.02,Entertainment,Transfer,Bangalore,0
3762,3052,2023-01-10,2893.65,Electronics,Credit,Hyderabad,0
3763,2602,2023-08-01,4968.87,Food,Transfer,Mumbai,0
3764,2791,2022-11-04,3839.67,Retail,Credit,Mumbai,0
3765,4038,2022-08-26,4806.29,Travel,Transfer,Chennai,0
3766,3486,2023-06-17,2101.5,Food,Transfer,Delhi,0
3767,2401,2023-06-08,1700.09,Electronics,Credit,Delhi,0
3768,2589,2023-12-23,763.85,Entertainment,Debit,Bangalore,0
3769,4364,2022-06-01,3512.08,Healthcare,Transfer,Delhi,1
3770,2535,2023-05-13,628.1,Healthcare,Credit,Delhi,0
3771,2835,2023-10-10,4145.93,Entertainment,Debit,Mumbai,0
3772,3205,2022-01-22,222.71,Retail,Debit,Mumbai,0
3773,3060,2023-06-24,1896.84,Travel,Credit,Mumbai,0
3774,2042,2023-12-14,4946.98,Retail,Transfer,Hyderabad,0
3775,1187,2022-10-08,811.76,Retail,Debit,Delhi,0
3776,1305,2022-09-16,2137.32,Entertainment,Credit,Delhi,0
3777,1610,2023-02-19,1971.38,Healthcare,Credit,Chennai,0
3778,4611,2022-06-28,1812.96,Entertainment,Debit,Hyderabad,0
3779,3080,2022-07-19,1604.61,Entertainment,Credit,Mumbai,1
3780,1013,2022-12-19,2570.53,Travel,Credit,Mumbai,0
3781,2076,2022-11-22,1010.84,Food,Debit,Hyderabad,0
3782,2438,2023-06-03,4950.99,Food,Debit,Bangalore,0
3783,2525,2023-06-14,2155.42,Electronics,Debit,Hyderabad,0
3784,4033,2023-01-12,3454.92,Electronics,Transfer,Bangalore,0
3785,4738,2022-02-04,3307.28,Food,Debit,Hyderabad,0
3786,1979,2022-01-29,3102.63,Electronics,Debit,Hyderabad,0
3787,4295,2023-05-29,4524.15,Entertainment,Transfer,Bangalore,0
3788,1889,2023-02-06,3867.96,Electronics,Credit,Hyderabad,0
3789,4161,2023-05-21,559.23,Entertainment,Credit,Delhi,0
3790,4903,2022-08-18,2330.95,Retail,Credit,Delhi,0
3791,4962,2023-03-08,3273.65,Travel,Transfer,Delhi,0
3792,4737,2022-12-27,3792.4,Retail,Transfer,Bangalore,0
3793,2238,2023-01-27,4190.57,Electronics,Debit,Mumbai,0
3794,2014,2022-07-05,4471.29,Electronics,Transfer,Bangalore,0
3795,4808,2022-05-20,3114.57,Travel,Transfer,Mumbai,0
3796,3630,2023-09-28,3773.71,Food,Transfer,Delhi,0
3797,3465,2022-05-28,2317.96,Healthcare,Debit,Delhi,0
3798,4896,2023-07-29,1439.37,Healthcare,Transfer,Hyderabad,0
3799,1537,2023-06-02,3904.43,Entertainment,Transfer,Hyderabad,0
3800,3982,2023-12-19,2072.95,Retail,Credit,Bangalore,0
3801,4807,2022-07-27,4587.52,Electronics,Credit,Mumbai,0
3802,3236,2023-08-07,2915.57,Electronics,Debit,Mumbai,0
3803,3106,2022-02-20,1376.02,Healthcare,Transfer,Bangalore,0
3804,3623,2022-07-26,1211.0,Electronics,Debit,Bangalore,0
3805,4892,2023-03-16,149.28,Electronics,Debit,Bangalore,0
3806,3029,2022-01-22,1337.03,Food,Debit,Delhi,1
3807,1502,2022-03-09,1402.81,Food,Debit,Delhi,0
3808,4888,2023-07-17,13.67,Travel,Transfer,Delhi,0
3809,3900,2022-09-17,2499.81,Entertainment,Credit,Bangalore,0
3810,3070,2022-11-09,4130.4,Travel,Credit,Hyderabad,0
3811,2747,2022-10-07,4248.84,Healthcare,Debit,Delhi,0
3812,4919,2023-03-20,665.52,Electronics,Credit,Mumbai,0
3813,2491,2022-03-03,1217.27,Retail,Debit,Mumbai,0
3814,2577,2023-02-22,177.88,Food,Credit,Bangalore,0
3815,1466,2023-04-22,4580.9,Healthcare,Debit,Mumbai,0
3816,3951,2022-07-16,4354.53,Travel,Credit,Delhi,0
3817,4561,2023-06-24,890.35,Retail,Debit,Mumbai,0
3818,2510,2022-05-13,3099.03,Healthcare,Credit,Hyderabad,0
3819,3093,2022-06-19,2196.59,Food,Transfer,Chennai,0
3820,2090,2022-08-31,3843.69,Entertainment,Credit,Hyderabad,0
3821,1843,2023-01-12,1598.81,Entertainment,Debit,Bangalore,0
3822,4818,2023-07-04,735.04,Retail,Debit,Chennai,0
3823,1656,2023-01-23,2741.2,Retail,Transfer,Mumbai,0
3824,1863,2023-05-05,1143.95,Electronics,Transfer,Chennai,0
3825,3465,2023-04-12,2876.37,Electronics,Debit,Mumbai,0
3826,4083,2023-06-16,2507.24,Electronics,Credit,Chennai,0
3827,4844,2023-01-31,1111.74,Retail,Transfer,Chennai,0
3828,3365,2023-10-15,859.83,Food,Credit,Delhi,0
3829,3480,2023-02-20,283.82,Retail,Transfer,Chennai,0
3830,1043,2023-06-25,1337.85,Retail,Credit,Delhi,0
3831,2586,2022-03-27,1251.09,Food,Transfer,Chennai,0
3832,2857,2023-10-09,182.05,Food,Debit,Delhi,0
3833,4736,2023-01-15,495.17,Food,Debit,Delhi,0
3834,2950,2023-11-02,707.39,Food,Credit,Chennai,0
3835,2745,2023-01-28,2982.17,Healthcare,Debit,Mumbai,0
3836,1524,2022-02-20,949.96,Healthcare,Credit,Chennai,1
3837,2465,2022-10-05,1382.35,Travel,Credit,Mumbai,0
3838,1303,2022-07-01,2065.39,Retail,Transfer,Mumbai,0
3839,1768,2022-03-05,707.43,Electronics,Transfer,Bangalore,0
3840,1960,2022-10-23,907.07,Electronics,Transfer,Mumbai,0
3841,3695,2022-09-16,1752.92,Entertainment,Debit,Delhi,0
3842,3766,2023-05-22,39.98,Electronics,Credit,Mumbai,0
3843,1856,2023-03-22,1036.59,Healthcare,Credit,Mumbai,0
3844,2536,2022-01-10,2329.32,Electronics,Transfer,Mumbai,0
3845,3707,2022-11-25,276.1,Entertainment,Debit,Chennai,0
3846,1437,2023-07-28,689.45,Travel,Credit,Bangalore,0
3847,2348,2023-10-18,2696.93,Electronics,Debit,Bangalore,0
3848,3464,2022-01-12,4841.2,Food,Transfer,Bangalore,0
3849,2160,2023-04-28,2871.04,Travel,Credit,Delhi,0
3850,3250,2022-10-30,1797.95,Healthcare,Transfer,Hyderabad,0
3851,3983,2022-01-29,4193.65,Entertainment,Debit,Hyderabad,0
3852,2834,2023-09-01,4322.08,Travel,Transfer,Chennai,0
3853,1276,2022-10-30,1681.92,Retail,Debit,Mumbai,0
3854,2055,2022-02-13,753.94,Retail,Transfer,Hyderabad,0
3855,2340,2022-01-07,2418.07,Electronics,Credit,Chennai,0
3856,2335,2023-05-15,1516.1,Retail,Transfer,Bangalore,0
3857,4956,2023-05-09,2864.79,Healthcare,Transfer,Mumbai,0
3858,2798,2023-04-15,926.25,Travel,Debit,Chennai,0
3859,2733,2023-07-13,2561.67,Food,Transfer,Mumbai,0
3860,2344,2022-01-26,1518.56,Food,Transfer,Bangalore,0
3861,1763,2023-10-09,180.94,Electronics,Transfer,Bangalore,0
3862,2729,2022-11-17,4552.48,Travel,Debit,Chennai,0
3863,2477,2022-07-09,1041.78,Electronics,Transfer,Bangalore,0
3864,4973,2022-03-08,4250.61,Travel,Debit,Bangalore,0
3865,4805,2022-01-08,904.66,Electronics,Debit,Mumbai,0
3866,3657,2023-07-15,1440.78,Electronics,Credit,Hyderabad,1
3867,2069,2022-06-22,1051.89,Healthcare,Credit,Chennai,0
3868,1029,2023-04-28,4892.38,Electronics,Credit,Hyderabad,0
3869,1150,2022-01-04,1820.39,Entertainment,Transfer,Hyderabad,0
3870,2457,2022-03-26,1926.63,Electronics,Transfer,Delhi,0
3871,1797,2023-02-06,4115.35,Entertainment,Credit,Delhi,0
3872,3865,2022-07-15,4648.82,Travel,Debit,Bangalore,0
3873,3454,2023-02-18,3269.07,Food,Transfer,Bangalore,0
3874,1337,2022-07-23,3355.7,Healthcare,Transfer,Hyderabad,0
3875,1347,2022-12-11,4250.07,Healthcare,Credit,Chennai,0
3876,4515,2022-04-22,4030.78,Retail,Debit,Chennai,0
3877,2553,2023-02-03,4331.04,Healthcare,Transfer,Chennai,0
3878,3696,2022-10-26,3967.5,Retail,Credit,Hyderabad,0
3879,1742,2023-03-27,735.92,Entertainment,Credit,Chennai,0
3880,3290,2022-04-29,2132.14,Electronics,Credit,Bangalore,0
3881,3035,2022-06-04,690.48,Healthcare,Debit,Hyderabad,0
3882,2464,2023-09-01,2155.64,Retail,Debit,Hyderabad,0
3883,2999,2022-06-13,465.13,Travel,Credit,Chennai,0
3884,2529,2023-08-31,4106.47,Food,Transfer,Mumbai,0
3885,3280,2022-08-26,1511.21,Retail,Debit,Chennai,0
3886,4239,2022-07-08,2961.94,Entertainment,Credit,Chennai,0
3887,2899,2023-06-08,704.93,Entertainment,Credit,Chennai,0
3888,3053,2022-02-24,514.71,Healthcare,Credit,Bangalore,0
3889,1985,2023-09-28,1107.36,Healthcare,Credit,Mumbai,0
3890,2776,2022-03-16,2109.73,Retail,Transfer,Bangalore,0
3891,2947,2022-10-30,3189.7,Healthcare,Credit,Mumbai,0
3892,2017,2023-10-17,1126.82,Retail,Credit,Bangalore,1
3893,2286,2023-09-18,1768.08,Entertainment,Credit,Hyderabad,0
3894,3711,2022-06-28,2138.15,Travel,Credit,Hyderabad,0
3895,3146,2022-01-28,2879.19,Retail,Debit,Chennai,0
3896,1124,2022-10-15,4795.3,Healthcare,Debit,Delhi,0
3897,1690,2023-01-03,4247.73,Travel,Transfer,Delhi,0
3898,3022,2023-06-07,2151.59,Healthcare,Debit,Mumbai,0
3899,4488,2023-11-24,3121.81,Food,Credit,Mumbai,0
3900,2340,2023-08-12,2552.62,Retail,Transfer,Bangalore,0
3901,1780,2023-04-11,2029.6,Entertainment,Debit,Mumbai,0
3902,1347,2022-02-02,970.25,Retail,Debit,Bangalore,0
3903,2711,2022-03-21,2957.95,Healthcare,Transfer,Hyderabad,0
3904,4322,2022-01-23,1115.16,Healthcare,Credit,Hyderabad,0
3905,4512,2023-11-28,3971.25,Healthcare,Debit,Hyderabad,0
3906,1953,2022-06-10,1274.94,Electronics,Transfer,Mumbai,0
3907,2617,2023-03-13,2377.37,Travel,Transfer,Mumbai,0
3908,1698,2022-01-29,3259.82,Food,Debit,Chennai,0
3909,2990,2022-04-12,3440.81,Food,Transfer,Chennai,0
3910,4799,2023-08-14,1687.66,Entertainment,Debit,Delhi,0
3911,4330,2022-09-14,2901.24,Food,Transfer,Chennai,0
3912,1522,2022-11-23,2570.93,Travel,Transfer,Mumbai,0
3913,1650,2023-05-16,3957.54,Retail,Transfer,Chennai,0
3914,2781,2022-04-03,24.94,Electronics,Credit,Mumbai,0
3915,2112,2022-11-05,1896.61,Healthcare,Transfer,Bangalore,0
3916,1870,2023-04-06,4181.43,Food,Debit,Hyderabad,0
3917,2186,2023-07-28,673.45,Retail,Credit,Bangalore,0
3918,1757,2022-01-02,3487.37,Travel,Transfer,Delhi,0
3919,1389,2023-08-05,1666.06,Healthcare,Credit,Mumbai,0
3920,4931,2022-12-21,4785.52,Travel,Transfer,Bangalore,0
3921,3171,2023-07-26,4826.05,Entertainment,Transfer,Mumbai,0
3922,2995,2023-01-18,3186.57,Electronics,Credit,Mumbai,0
3923,2184,2022-03-22,507.82,Entertainment,Transfer,Chennai,0
3924,1804,2023-04-20,2973.77,Entertainment,Debit,Bangalore,0
3925,3507,2023-05-25,1415.65,Travel,Debit,Delhi,0
3926,2641,2022-01-27,1269.64,Healthcare,Credit,Mumbai,0
3927,4369,2022-03-03,1283.95,Retail,Transfer,Chennai,0
3928,1792,2023-08-08,146.38,Travel,Transfer,Delhi,0
3929,2445,2022-12-20,3380.79,Healthcare,Transfer,Bangalore,0
3930,4988,2023-04-10,3635.35,Travel,Credit,Hyderabad,0
3931,2943,2023-11-14,943.18,Electronics,Credit,Chennai,0
3932,2067,2023-02-25,4398.9,Healthcare,Debit,Chennai,0
3933,1878,2023-03-16,3545.75,Healthcare,Transfer,Chennai,0
3934,1943,2022-01-12,4478.22,Entertainment,Debit,Hyderabad,0
3935,1205,2022-07-06,577.05,Healthcare,Transfer,Bangalore,0
3936,3935,2023-11-08,4746.35,Electronics,Transfer,Delhi,1
3937,4863,2022-02-18,3156.85,Travel,Debit,Delhi,0
3938,2678,2022-04-03,4733.09,Retail,Transfer,Mumbai,0
3939,3884,2023-02-24,4572.81,Retail,Debit,Hyderabad,0
3940,2819,2022-10-27,1023.46,Retail,Debit,Delhi,0
3941,4262,2022-12-12,796.1,Entertainment,Transfer,Chennai,0
3942,2696,2022-11-09,2002.46,Food,Transfer,Bangalore,0
3943,4241,2022-04-03,2612.54,Food,Credit,Mumbai,0
3944,3165,2022-08-12,998.23,Travel,Credit,Hyderabad,0
3945,3857,2023-01-29,1314.2,Travel,Credit,Bangalore,1
3946,1122,2022-05-22,207.87,Retail,Credit,Bangalore,0
3947,1155,2022-12-11,4686.82,Entertainment,Transfer,Bangalore,0
3948,4631,2023-10-24,2018.2,Retail,Debit,Bangalore,0
3949,3689,2023-07-17,489.03,Travel,Transfer,Bangalore,0
3950,1818,2022-01-31,1373.75,Retail,Transfer,Delhi,0
3951,4021,2023-07-20,3880.76,Entertainment,Debit,Mumbai,0
3952,1261,2023-09-23,748.31,Retail,Credit,Mumbai,0
3953,1880,2022-04-13,697.67,Electronics,Credit,Bangalore,1
3954,4800,2022-04-19,4784.98,Retail,Credit,Delhi,0
3955,1463,2023-09-17,3055.99,Travel,Transfer,Mumbai,0
3956,4743,2022-01-18,4051.75,Retail,Debit,Hyderabad,0
3957,1770,2023-10-21,18.6,Food,Debit,Delhi,0
3958,4334,2022-11-27,2802.57,Food,Transfer,Bangalore,0
3959,3792,2023-07-11,1267.57,Travel,Debit,Hyderabad,0
3960,3541,2022-02-02,2190.35,Food,Credit,Hyderabad,0
3961,1918,2022-07-17,1859.5,Healthcare,Transfer,Chennai,0
3962,4123,2023-10-18,4975.86,Healthcare,Credit,Delhi,0
3963,2341,2023-02-15,1290.72,Food,Transfer,Delhi,0
3964,4358,2022-04-03,1452.35,Electronics,Transfer,Mumbai,0
3965,2320,2023-05-15,160.87,Retail,Transfer,Chennai,0
3966,4812,2023-11-23,1637.57,Retail,Transfer,Chennai,0
3967,1778,2022-10-05,2577.37,Retail,Debit,Bangalore,0
3968,4260,2022-09-21,4086.33,Travel,Debit,Mumbai,0
3969,4154,2023-06-04,1534.16,Healthcare,Transfer,Chennai,0
3970,3013,2022-11-05,1717.41,Travel,Transfer,Hyderabad,0
3971,2835,2022-08-25,1334.62,Entertainment,Credit,Hyderabad,0
3972,2697,2023-04-24,4461.18,Travel,Transfer,Hyderabad,0
3973,1948,2023-08-18,853.11,Retail,Debit,Hyderabad,1
3974,4906,2022-03-06,3907.95,Healthcare,Credit,Chennai,0
3975,2256,2022-04-30,535.52,Retail,Transfer,Chennai,0
3976,3338,2022-02-17,4304.8,Retail,Credit,Chennai,0
3977,2102,2022-05-03,1692.09,Healthcare,Debit,Mumbai,0
3978,3573,2022-03-26,4443.45,Entertainment,Transfer,Mumbai,0
3979,3704,2023-12-19,793.25,Retail,Transfer,Chennai,0
3980,2020,2023-04-04,2689.47,Healthcare,Transfer,Chennai,0
3981,4896,2022-09-03,3668.18,Electronics,Debit,Mumbai,0
3982,3545,2023-07-04,4992.1,Food,Credit,Mumbai,0
3983,4638,2022-02-18,4356.05,Entertainment,Credit,Bangalore,0
3984,3121,2023-12-18,2551.0,Entertainment,Credit,Chennai,0
3985,3458,2022-10-07,3577.79,Electronics,Credit,Chennai,0
3986,1795,2022-02-21,897.94,Electronics,Debit,Chennai,0
3987,3863,2023-01-14,1692.92,Food,Credit,Delhi,0
3988,4075,2023-07-09,4167.78,Retail,Debit,Chennai,0
3989,4889,2023-08-20,2155.88,Healthcare,Debit,Chennai,0
3990,4707,2022-11-02,4516.86,Travel,Transfer,Bangalore,0
3991,3163,2022-02-11,1313.84,Electronics,Credit,Bangalore,0
3992,4232,2022-08-26,847.87,Travel,Debit,Chennai,0
3993,4582,2023-06-10,2733.7,Entertainment,Credit,Chennai,0
3994,3667,2023-03-15,221.18,Retail,Transfer,Delhi,0
3995,1294,2022-06-03,3776.72,Retail,Credit,Delhi,0
3996,1529,2023-07-04,2350.76,Electronics,Debit,Hyderabad,0
3997,1215,2023-05-31,4769.83,Electronics,Transfer,Delhi,0
3998,4130,2023-10-30,4536.18,Entertainment,Debit,Bangalore,0
3999,4551,2022-01-22,1176.23,Healthcare,Transfer,Chennai,0
4000,1182,2022-04-22,875.94,Electronics,Credit,Bangalore,0
4001,2105,2023-05-06,2057.13,Travel,Credit,Chennai,0
4002,2065,2023-02-20,3569.75,Electronics,Debit,Bangalore,0
4003,2181,2022-10-02,4006.12,Electronics,Credit,Mumbai,0
4004,2597,2022-06-02,4765.34,Electronics,Credit,Hyderabad,0
4005,1634,2022-05-07,322.51,Healthcare,Credit,Chennai,0
4006,1214,2023-08-01,1660.69,Retail,Debit,Chennai,0
4007,1609,2022-12-02,980.75,Travel,Transfer,Delhi,0
4008,1600,2022-11-07,3004.09,Entertainment,Transfer,Hyderabad,0
4009,3244,2022-03-29,2595.04,Travel,Credit,Delhi,0
4010,3953,2023-06-02,2700.57,Retail,Transfer,Bangalore,0
4011,4805,2022-04-15,560.16,Electronics,Transfer,Hyderabad,0
4012,3495,2022-08-21,4463.72,Electronics,Debit,Chennai,0
4013,2120,2023-11-30,4355.28,Travel,Transfer,Delhi,0
4014,1012,2023-12-10,4970.49,Healthcare,Transfer,Chennai,0
4015,4698,2022-11-19,116.62,Entertainment,Debit,Delhi,0
4016,4668,2023-10-26,2847.74,Food,Debit,Chennai,0
4017,2210,2022-03-02,3971.32,Travel,Transfer,Hyderabad,0
4018,3296,2023-01-19,3409.14,Food,Transfer,Delhi,0
4019,2856,2023-01-01,4543.46,Entertainment,Transfer,Hyderabad,0
4020,4998,2023-01-30,1433.28,Entertainment,Transfer,Mumbai,0
4021,2700,2023-12-29,2704.29,Food,Transfer,Delhi,0
4022,4932,2023-07-08,3798.5,Food,Debit,Bangalore,0
4023,1542,2022-07-09,1337.01,Electronics,Transfer,Mumbai,0
4024,1402,2022-09-17,628.25,Electronics,Debit,Delhi,0
4025,2311,2022-01-08,4979.18,Food,Debit,Chennai,0
4026,1077,2022-12-16,50.76,Retail,Debit,Delhi,0
4027,1363,2022-10-06,2702.66,Entertainment,Credit,Delhi,0
4028,3589,2023-03-09,1997.87,Electronics,Debit,Hyderabad,0
4029,2636,2022-11-27,193.25,Food,Debit,Bangalore,0
4030,1038,2022-08-28,4785.23,Healthcare,Credit,Delhi,0
4031,1096,2023-09-28,1015.95,Electronics,Transfer,Mumbai,0
4032,3820,2022-06-18,2595.83,Food,Credit,Bangalore,0
4033,4664,2023-08-25,1511.0,Healthcare,Debit,Hyderabad,0
4034,4911,2023-11-09,80.73,Entertainment,Debit,Hyderabad,0
4035,2659,2022-03-08,4740.74,Food,Debit,Delhi,0
4036,3478,2023-08-16,4845.55,Travel,Credit,Bangalore,0
4037,3354,2023-11-16,4850.4,Electronics,Credit,Chennai,0
4038,1926,2023-06-02,2699.66,Electronics,Transfer,Hyderabad,0
4039,2745,2023-08-15,4855.89,Electronics,Debit,Chennai,0
4040,2015,2023-01-29,3326.12,Travel,Transfer,Hyderabad,0
4041,2454,2023-04-07,3138.81,Healthcare,Transfer,Hyderabad,0
4042,3594,2022-07-27,779.54,Healthcare,Transfer,Chennai,0
4043,3350,2023-11-02,1878.42,Food,Credit,Chennai,0
4044,2505,2023-05-28,953.34,Healthcare,Debit,Mumbai,0
4045,2652,2023-11-21,1506.22,Retail,Debit,Bangalore,0
4046,3809,2022-01-16,2848.29,Electronics,Debit,Chennai,0
4047,3457,2022-04-02,863.86,Retail,Credit,Bangalore,0
4048,1316,2022-07-23,4495.98,Entertainment,Debit,Bangalore,0
4049,3800,2022-06-29,3107.05,Entertainment,Transfer,Chennai,0
4050,1405,2023-07-08,3568.73,Entertainment,Debit,Mumbai,0
4051,1468,2023-11-30,4484.93,Travel,Transfer,Chennai,0
4052,3434,2022-01-25,87.87,Travel,Credit,Mumbai,0
4053,2552,2023-12-25,1481.2,Food,Transfer,Bangalore,0
4054,4410,2023-05-31,3973.09,Entertainment,Credit,Mumbai,0
4055,1777,2023-07-22,121.5,Entertainment,Transfer,Hyderabad,0
4056,3500,2023-07-11,1454.49,Healthcare,Debit,Hyderabad,0
4057,3205,2022-08-23,3044.9,Healthcare,Transfer,Mumbai,0
4058,4274,2023-07-18,2052.9,Entertainment,Debit,Hyderabad,0
4059,4825,2022-09-18,4593.25,Retail,Debit,Delhi,0
4060,3951,2022-06-30,751.78,Retail,Transfer,Bangalore,0
4061,3055,2023-04-12,1561.1,Travel,Transfer,Mumbai,0
4062,4914,2022-10-01,212.25,Travel,Debit,Delhi,0
4063,4203,2023-09-03,3249.6,Healthcare,Credit,Mumbai,0
4064,2919,2022-06-24,262.3,Retail,Debit,Mumbai,0
4065,1852,2023-02-02,290.94,Retail,Transfer,Chennai,0
4066,2401,2022-12-13,2806.84,Entertainment,Transfer,Delhi,0
4067,3557,2023-01-17,1235.54,Travel,Credit,Hyderabad,0
4068,2737,2023-08-28,189.55,Entertainment,Transfer,Delhi,0
4069,2440,2023-10-18,1913.81,Entertainment,Debit,Delhi,0
4070,4267,2023-09-04,1371.61,Entertainment,Credit,Bangalore,0
4071,1485,2023-09-13,4728.03,Healthcare,Debit,Mumbai,0
4072,4775,2022-07-20,2598.4,Food,Credit,Mumbai,0
4073,2454,2022-07-28,3870.47,Healthcare,Transfer,Mumbai,0
4074,4896,2022-08-01,897.19,Entertainment,Credit,Hyderabad,0
4075,4172,2023-01-20,609.62,Travel,Transfer,Chennai,0
4076,3142,2022-08-03,33.14,Retail,Credit,Bangalore,0
4077,4232,2023-04-10,4838.91,Healthcare,Transfer,Hyderabad,0
4078,4911,2023-06-28,4179.22,Travel,Transfer,Hyderabad,0
4079,1371,2023-01-26,2568.73,Retail,Credit,Hyderabad,0
4080,3821,2023-11-28,3734.27,Retail,Debit,Bangalore,0
4081,4625,2022-07-11,2356.52,Retail,Debit,Mumbai,0
4082,3466,2023-03-09,4334.85,Travel,Debit,Bangalore,0
4083,4244,2023-04-15,3570.35,Healthcare,Transfer,Chennai,1
4084,3197,2022-10-28,146.33,Travel,Credit,Mumbai,0
4085,4082,2023-11-19,121.28,Electronics,Debit,Bangalore,0
4086,4646,2023-07-22,261.69,Healthcare,Credit,Bangalore,0
4087,1939,2023-11-27,3692.11,Travel,Transfer,Hyderabad,0
4088,1360,2023-05-04,3724.28,Healthcare,Credit,Hyderabad,0
4089,3013,2022-11-17,506.01,Retail,Credit,Chennai,0
4090,2587,2023-03-17,2358.63,Retail,Transfer,Hyderabad,0
4091,4173,2022-08-04,4765.52,Travel,Debit,Chennai,0
4092,3348,2022-10-24,4785.14,Travel,Credit,Delhi,0
4093,4710,2023-06-18,4600.05,Food,Debit,Delhi,0
4094,3990,2023-12-04,4698.95,Food,Transfer,Delhi,0
4095,3495,2022-07-07,2637.95,Retail,Debit,Hyderabad,0
4096,3039,2023-10-07,2671.4,Travel,Credit,Delhi,0
4097,4241,2022-09-05,4065.0,Retail,Transfer,Delhi,0
4098,4045,2023-12-10,2588.97,Electronics,Debit,Bangalore,0
4099,4013,2023-02-05,2784.15,Electronics,Credit,Hyderabad,0
4100,4128,2022-12-23,2913.05,Travel,Credit,Delhi,0
4101,1010,2023-07-02,4264.48,Electronics,Credit,Bangalore,0
4102,1377,2023-01-21,3472.0,Travel,Debit,Chennai,0
4103,2924,2022-01-15,655.48,Retail,Credit,Hyderabad,0
4104,3992,2022-10-30,1559.38,Travel,Debit,Mumbai,0
4105,3008,2022-07-03,380.81,Travel,Transfer,Delhi,0
4106,2777,2022-07-19,4772.2,Healthcare,Debit,Bangalore,0
4107,1414,2023-04-21,4248.65,Healthcare,Transfer,Hyderabad,0
4108,1908,2022-12-02,2212.97,Travel,Debit,Bangalore,0
4109,2115,2023-07-25,31.78,Healthcare,Debit,Bangalore,0
4110,1650,2023-01-15,396.98,Healthcare,Debit,Delhi,0
4111,2998,2023-04-18,1758.03,Electronics,Transfer,Delhi,0
4112,1915,2022-08-14,815.28,Retail,Credit,Mumbai,0
4113,2737,2023-08-09,2478.22,Healthcare,Transfer,Hyderabad,0
4114,1969,2023-03-10,4382.33,Electronics,Debit,Hyderabad,0
4115,2403,2023-11-24,2994.39,Entertainment,Transfer,Bangalore,0
4116,2885,2023-11-15,998.38,Entertainment,Debit,Chennai,0
4117,4486,2022-06-07,3558.69,Entertainment,Credit,Mumbai,0
4118,3604,2022-09-05,2125.5,Travel,Transfer,Bangalore,0
4119,2435,2023-04-05,252.89,Travel,Credit,Mumbai,0
4120,2235,2023-05-18,3584.53,Retail,Debit,Bangalore,0
4121,4483,2023-10-16,1693.26,Entertainment,Transfer,Mumbai,1
4122,1768,2023-01-15,3867.08,Electronics,Debit,Chennai,1
4123,2161,2022-09-19,3202.22,Food,Debit,Delhi,0
4124,4234,2023-09-26,2604.46,Entertainment,Transfer,Hyderabad,0
4125,1934,2022-11-08,637.87,Electronics,Credit,Hyderabad,0
4126,3167,2022-09-25,1817.3,Electronics,Debit,Chennai,0
4127,1823,2023-02-18,2571.0,Entertainment,Debit,Delhi,0
4128,3277,2022-11-04,661.86,Travel,Debit,Hyderabad,1
4129,3234,2023-01-26,1816.72,Travel,Debit,Hyderabad,0
4130,1705,2022-12-08,3840.36,Entertainment,Credit,Bangalore,0
4131,2414,2023-09-01,1314.89,Entertainment,Transfer,Bangalore,0
4132,4281,2023-04-17,2896.21,Entertainment,Credit,Bangalore,0
4133,1028,2022-02-28,426.95,Healthcare,Debit,Chennai,0
4134,2383,2022-12-08,1953.67,Retail,Transfer,Chennai,0
4135,2262,2022-03-13,2699.98,Healthcare,Credit,Chennai,0
4136,1737,2023-06-03,2296.79,Food,Debit,Delhi,0
4137,3688,2022-08-28,959.08,Electronics,Credit,Chennai,0
4138,2427,2022-05-03,1699.86,Healthcare,Credit,Mumbai,0
4139,1087,2023-12-30,2042.94,Electronics,Debit,Hyderabad,0
4140,2587,2023-05-06,1812.49,Healthcare,Debit,Delhi,0
4141,2992,2022-10-15,4162.16,Entertainment,Debit,Mumbai,0
4142,3725,2022-05-21,4938.15,Electronics,Transfer,Hyderabad,0
4143,3546,2022-12-21,800.23,Healthcare,Debit,Mumbai,0
4144,1552,2022-03-16,1033.7,Retail,Credit,Mumbai,0
4145,4281,2022-03-30,4388.0,Food,Transfer,Delhi,0
4146,1804,2022-10-10,1470.31,Healthcare,Credit,Bangalore,0
4147,2470,2023-11-28,4302.83,Entertainment,Credit,Hyderabad,0
4148,1071,2022-10-11,2348.85,Electronics,Credit,Mumbai,0
4149,3789,2022-06-15,570.41,Electronics,Debit,Mumbai,0
4150,3727,2023-09-09,2796.11,Entertainment,Transfer,Hyderabad,0
4151,2493,2023-08-01,4116.4,Travel,Debit,Bangalore,0
4152,3145,2023-05-09,3972.82,Electronics,Debit,Delhi,0
4153,4529,2022-11-12,1021.0,Healthcare,Credit,Delhi,1
4154,1398,2022-11-05,3156.88,Entertainment,Transfer,Bangalore,0
4155,2587,2023-10-29,2617.95,Travel,Credit,Chennai,0
4156,2047,2022-11-04,3125.65,Electronics,Debit,Mumbai,0
4157,2217,2023-12-02,2590.19,Healthcare,Debit,Mumbai,0
4158,1402,2022-04-13,2443.3,Electronics,Credit,Hyderabad,0
4159,2940,2022-10-19,2283.97,Electronics,Debit,Delhi,0
4160,2736,2023-10-31,1877.92,Retail,Credit,Delhi,0
4161,2948,2023-03-24,355.07,Electronics,Transfer,Delhi,0
4162,2452,2023-07-22,118.27,Travel,Debit,Chennai,0
4163,3145,2023-09-10,3225.69,Electronics,Credit,Bangalore,0
4164,1296,2022-03-17,4790.42,Entertainment,Transfer,Hyderabad,0
4165,3324,2023-10-21,111.7,Electronics,Debit,Mumbai,0
4166,1972,2023-12-20,2381.93,Retail,Debit,Hyderabad,0
4167,2169,2022-01-08,4742.67,Travel,Debit,Chennai,0
4168,4065,2022-07-10,233.68,Electronics,Credit,Mumbai,0
4169,2675,2023-02-07,754.42,Retail,Transfer,Hyderabad,0
4170,1892,2023-11-04,449.94,Travel,Transfer,Hyderabad,0
4171,3290,2022-08-05,3441.16,Travel,Transfer,Chennai,0
4172,1317,2023-07-06,2565.88,Entertainment,Credit,Bangalore,0
4173,3428,2023-01-29,2740.77,Electronics,Transfer,Mumbai,0
4174,3394,2023-10-09,2787.94,Healthcare,Transfer,Chennai,0
4175,4244,2022-07-11,635.2,Travel,Credit,Chennai,0
4176,3320,2022-02-10,1944.35,Electronics,Credit,Bangalore,0
4177,3278,2022-12-06,343.68,Electronics,Credit,Delhi,0
4178,4797,2022-09-13,2672.03,Retail,Transfer,Hyderabad,0
4179,4876,2023-10-02,3211.15,Retail,Debit,Mumbai,0
4180,4826,2023-07-28,2778.53,Electronics,Debit,Hyderabad,0
4181,3397,2023-03-23,559.48,Entertainment,Debit,Delhi,0
4182,3964,2023-01-28,4711.78,Electronics,Credit,Hyderabad,0
4183,1075,2022-01-27,4922.62,Food,Credit,Hyderabad,0
4184,4086,2022-09-08,36.08,Entertainment,Debit,Bangalore,0
4185,2884,2023-03-15,754.83,Retail,Transfer,Bangalore,0
4186,2275,2022-12-14,2367.32,Retail,Transfer,Delhi,0
4187,3048,2022-04-09,2996.84,Electronics,Transfer,Bangalore,0
4188,1039,2023-04-03,4916.48,Retail,Transfer,Mumbai,0
4189,3824,2022-03-11,4654.52,Healthcare,Debit,Bangalore,0
4190,1153,2023-12-12,3090.38,Healthcare,Transfer,Chennai,0
4191,2116,2023-05-18,595.83,Retail,Credit,Chennai,0
4192,2889,2023-02-14,168.2,Electronics,Debit,Mumbai,0
4193,1153,2022-10-02,535.36,Travel,Transfer,Bangalore,0
4194,3769,2023-03-04,4606.04,Electronics,Credit,Delhi,0
4195,1867,2023-03-04,2498.17,Food,Debit,Mumbai,0
4196,2994,2022-04-12,2632.63,Electronics,Credit,Delhi,0
4197,3016,2022-04-09,2044.67,Travel,Debit,Delhi,0
4198,4734,2022-07-01,4204.57,Travel,Transfer,Delhi,0
4199,1671,2022-05-18,4345.8,Entertainment,Transfer,Hyderabad,0
4200,2891,2022-01-16,3505.51,Food,Debit,Chennai,0
4201,3901,2022-09-12,4516.15,Healthcare,Credit,Chennai,0
4202,3078,2023-07-13,3072.74,Healthcare,Transfer,Bangalore,0
4203,3505,2023-10-09,2573.02,Food,Credit,Mumbai,0
4204,1510,2022-02-17,1023.37,Retail,Credit,Bangalore,0
4205,3007,2023-10-30,1079.18,Entertainment,Credit,Chennai,0
4206,4813,2023-09-10,2854.4,Healthcare,Transfer,Mumbai,0
4207,2380,2022-08-15,1797.86,Travel,Debit,Hyderabad,0
4208,1835,2023-04-04,4961.83,Retail,Credit,Bangalore,0
4209,1485,2022-05-12,312.69,Healthcare,Debit,Bangalore,0
4210,1028,2022-02-06,4369.94,Food,Transfer,Delhi,0
4211,2962,2022-10-07,2518.85,Travel,Credit,Hyderabad,0
4212,1374,2023-10-07,2765.85,Food,Credit,Delhi,0
4213,3942,2023-09-02,1632.0,Travel,Debit,Chennai,0
4214,2892,2022-02-20,4413.5,Food,Debit,Chennai,0
4215,4042,2022-10-25,3334.06,Healthcare,Credit,Chennai,0
4216,3314,2023-11-17,4471.14,Healthcare,Transfer,Bangalore,0
4217,3399,2022-04-09,3749.62,Travel,Transfer,Chennai,0
4218,1791,2023-04-02,2756.25,Electronics,Credit,Bangalore,0
4219,4063,2022-12-12,4413.55,Entertainment,Transfer,Delhi,0
4220,3889,2022-10-14,4187.67,Travel,Credit,Hyderabad,0
4221,2574,2022-12-19,2649.91,Travel,Credit,Chennai,0
4222,1071,2023-06-29,438.18,Retail,Credit,Mumbai,0
4223,1078,2022-02-04,70.17,Food,Credit,Mumbai,0
4224,2993,2023-02-06,3609.19,Travel,Transfer,Bangalore,0
4225,2380,2022-05-03,4770.34,Entertainment,Transfer,Bangalore,0
4226,4775,2022-02-10,1574.68,Retail,Transfer,Bangalore,0
4227,4569,2023-09-26,4114.8,Electronics,Debit,Hyderabad,0
4228,2938,2023-01-24,294.45,Healthcare,Credit,Hyderabad,0
4229,3079,2023-07-13,1186.38,Retail,Credit,Delhi,0
4230,3991,2022-11-24,2663.65,Food,Transfer,Mumbai,0
4231,3372,2023-02-09,2813.04,Food,Transfer,Delhi,0
4232,1380,2022-07-21,1706.54,Electronics,Transfer,Mumbai,0
4233,2822,2023-10-09,1189.52,Electronics,Debit,Hyderabad,0
4234,4663,2022-10-26,4463.25,Entertainment,Debit,Hyderabad,0
4235,3854,2023-07-09,3419.42,Food,Credit,Chennai,0
4236,3280,2022-01-30,617.27,Food,Transfer,Mumbai,0
4237,2974,2023-07-10,3495.05,Healthcare,Credit,Delhi,0
4238,1085,2022-04-23,3963.07,Electronics,Credit,Chennai,0
4239,3767,2023-01-13,3019.73,Electronics,Debit,Hyderabad,0
4240,2679,2023-09-29,1003.9,Electronics,Debit,Bangalore,0
4241,1853,2023-12-12,4449.3,Healthcare,Transfer,Mumbai,0
4242,1496,2023-02-26,3495.67,Travel,Debit,Delhi,0
4243,2769,2023-05-20,2628.3,Electronics,Credit,Delhi,0
4244,2134,2023-03-27,3346.43,Travel,Transfer,Bangalore,0
4245,4312,2023-05-24,3394.22,Healthcare,Debit,Chennai,0
4246,4319,2023-12-03,4360.68,Travel,Transfer,Mumbai,0
4247,1060,2022-10-13,829.21,Healthcare,Debit,Chennai,0
4248,1345,2023-11-12,3100.61,Retail,Transfer,Mumbai,0
4249,3405,2022-04-15,2614.38,Retail,Credit,Delhi,0
4250,3060,2023-12-21,159.49,Travel,Transfer,Chennai,0
4251,3965,2022-09-14,4929.6,Food,Debit,Bangalore,0
4252,4438,2023-01-14,815.88,Retail,Debit,Delhi,0
4253,3770,2023-10-19,84.22,Retail,Debit,Delhi,0
4254,4607,2023-07-16,2895.73,Healthcare,Transfer,Mumbai,0
4255,4569,2022-11-05,324.82,Healthcare,Debit,Mumbai,0
4256,2997,2023-10-24,2063.33,Retail,Credit,Hyderabad,0
4257,2268,2023-05-30,3371.99,Entertainment,Credit,Hyderabad,0
4258,3549,2022-05-14,1775.66,Travel,Debit,Delhi,0
4259,1639,2022-07-04,3640.96,Travel,Credit,Mumbai,0
4260,2094,2022-04-19,757.12,Retail,Credit,Chennai,0
4261,1392,2022-02-28,107.52,Travel,Debit,Mumbai,0
4262,2536,2022-01-20,2337.71,Healthcare,Credit,Mumbai,0
4263,3993,2023-02-16,4821.02,Electronics,Transfer,Bangalore,0
4264,4383,2023-12-24,4149.85,Electronics,Debit,Chennai,0
4265,2121,2022-05-28,3809.69,Healthcare,Transfer,Delhi,0
4266,4581,2022-02-13,2064.2,Travel,Debit,Mumbai,0
4267,3210,2022-09-03,116.07,Healthcare,Credit,Bangalore,0
4268,1294,2022-11-14,1399.43,Retail,Debit,Mumbai,0
4269,2972,2022-10-28,4485.73,Healthcare,Transfer,Mumbai,0
4270,1941,2022-08-24,569.54,Travel,Transfer,Hyderabad,0
4271,3344,2022-05-31,1976.42,Electronics,Debit,Mumbai,0
4272,1276,2023-01-30,582.24,Electronics,Debit,Mumbai,0
4273,3957,2023-04-27,2533.28,Food,Debit,Bangalore,0
4274,2823,2022-04-27,1841.81,Entertainment,Transfer,Hyderabad,0
4275,1124,2022-07-19,1908.45,Travel,Transfer,Chennai,0
4276,1849,2023-01-17,1011.46,Food,Credit,Hyderabad,0
4277,1514,2022-02-08,2216.64,Retail,Transfer,Delhi,0
4278,4626,2022-05-24,3747.98,Electronics,Debit,Bangalore,0
4279,4940,2023-03-16,3819.45,Retail,Credit,Chennai,0
4280,2484,2022-10-03,2735.07,Food,Debit,Bangalore,0
4281,4578,2023-03-16,2474.06,Travel,Debit,Mumbai,0
4282,4972,2023-07-21,3759.22,Electronics,Debit,Hyderabad,0
4283,2442,2023-08-17,771.35,Healthcare,Credit,Mumbai,0
4284,2209,2022-08-09,2520.14,Healthcare,Credit,Chennai,0
4285,3030,2023-12-07,819.47,Travel,Debit,Hyderabad,0
4286,2251,2023-03-05,2873.4,Entertainment,Transfer,Chennai,0
4287,3233,2022-10-14,3620.7,Food,Debit,Chennai,0
4288,3068,2022-11-07,1092.74,Travel,Transfer,Chennai,0
4289,2203,2022-12-02,1268.77,Healthcare,Debit,Chennai,0
4290,2409,2023-07-30,1160.47,Electronics,Transfer,Chennai,0
4291,2382,2022-01-25,4815.53,Entertainment,Credit,Hyderabad,0
4292,2420,2022-10-05,3487.91,Healthcare,Credit,Mumbai,0
4293,4357,2022-03-12,260.8,Retail,Credit,Hyderabad,0
4294,3739,2022-06-07,3794.88,Retail,Debit,Delhi,0
4295,3676,2023-11-24,4368.2,Entertainment,Debit,Chennai,0
4296,2032,2022-07-31,4071.08,Entertainment,Debit,Bangalore,0
4297,1837,2022-02-09,3711.11,Retail,Transfer,Delhi,0
4298,2571,2022-04-25,4230.21,Entertainment,Transfer,Bangalore,0
4299,3417,2022-12-01,4937.3,Electronics,Debit,Bangalore,0
4300,2868,2022-09-23,962.57,Food,Debit,Chennai,0
4301,1792,2023-02-05,2569.18,Travel,Transfer,Mumbai,0
4302,2670,2022-10-16,1966.97,Entertainment,Transfer,Chennai,0
4303,1066,2022-03-31,2457.53,Retail,Transfer,Delhi,0
4304,4010,2023-06-20,1666.25,Food,Credit,Mumbai,0
4305,1948,2023-03-11,2569.66,Retail,Credit,Bangalore,0
4306,4857,2022-12-27,3277.37,Food,Credit,Delhi,0
4307,1943,2022-06-13,1377.27,Electronics,Transfer,Bangalore,0
4308,4284,2023-02-09,3044.52,Food,Transfer,Bangalore,0
4309,3608,2022-12-26,4833.13,Retail,Transfer,Bangalore,0
4310,3047,2023-04-08,3256.71,Healthcare,Debit,Delhi,0
4311,1286,2023-11-10,13.66,Entertainment,Debit,Bangalore,0
4312,4872,2022-02-10,3387.21,Food,Credit,Bangalore,0
4313,4043,2022-06-10,2782.77,Food,Credit,Bangalore,0
4314,4801,2022-07-25,2031.1,Food,Transfer,Bangalore,0
4315,3911,2022-04-18,1694.13,Food,Transfer,Hyderabad,0
4316,4135,2023-05-23,2001.59,Entertainment,Transfer,Hyderabad,0
4317,2177,2023-09-28,3684.27,Food,Transfer,Chennai,0
4318,4672,2022-04-07,1130.12,Travel,Transfer,Hyderabad,0
4319,1130,2023-09-07,543.38,Healthcare,Credit,Hyderabad,0
4320,2658,2023-12-05,3770.79,Electronics,Credit,Mumbai,0
4321,1083,2023-09-10,2975.84,Travel,Transfer,Delhi,1
4322,1360,2023-09-07,21.39,Electronics,Credit,Hyderabad,0
4323,1954,2022-05-10,970.97,Healthcare,Debit,Chennai,0
4324,4489,2023-04-16,598.35,Electronics,Transfer,Delhi,0
4325,3175,2023-05-11,2503.24,Travel,Debit,Bangalore,0
4326,4158,2022-10-29,4846.31,Food,Credit,Hyderabad,0
4327,1988,2023-11-15,2356.78,Food,Debit,Mumbai,0
4328,1518,2023-09-04,3490.24,Electronics,Transfer,Delhi,0
4329,1452,2023-08-01,3472.67,Retail,Credit,Mumbai,0
4330,2267,2023-08-20,2830.49,Travel,Debit,Hyderabad,0
4331,2974,2023-01-11,4163.28,Food,Transfer,Chennai,0
4332,2551,2023-06-03,3479.42,Travel,Credit,Delhi,0
4333,1865,2022-03-03,2791.71,Electronics,Credit,Hyderabad,0
4334,3338,2022-04-07,3268.25,Entertainment,Debit,Bangalore,0
4335,1337,2022-05-04,4305.4,Entertainment,Transfer,Chennai,0
4336,2657,2023-09-24,3413.87,Retail,Credit,Chennai,0
4337,3033,2022-09-05,1883.52,Travel,Transfer,Bangalore,0
4338,1281,2023-02-04,4115.39,Electronics,Transfer,Hyderabad,0
4339,1725,2023-10-16,850.82,Retail,Debit,Chennai,0
4340,2387,2023-06-15,2292.38,Retail,Transfer,Hyderabad,0
4341,1012,2023-07-16,1872.5,Retail,Debit,Chennai,0
4342,2465,2023-10-28,3670.2,Retail,Debit,Chennai,0
4343,4542,2022-09-11,1340.75,Electronics,Debit,Bangalore,0
4344,1991,2022-10-28,452.57,Travel,Credit,Chennai,0
4345,2368,2023-02-22,4390.04,Retail,Debit,Bangalore,0
4346,2874,2022-07-23,297.92,Healthcare,Transfer,Delhi,0
4347,2781,2023-11-24,4121.56,Electronics,Credit,Mumbai,0
4348,4707,2022-05-09,4353.64,Entertainment,Debit,Hyderabad,0
4349,2146,2022-02-07,4390.38,Retail,Debit,Chennai,0
4350,4092,2022-10-19,1925.2,Retail,Transfer,Delhi,0
4351,4196,2023-04-19,489.63,Healthcare,Transfer,Hyderabad,0
4352,1631,2022-11-15,4091.32,Electronics,Debit,Delhi,0
4353,3589,2023-07-20,549.45,Entertainment,Transfer,Bangalore,0
4354,2659,2023-06-10,2578.56,Food,Transfer,Mumbai,0
4355,3485,2023-02-12,4609.49,Travel,Credit,Delhi,0
4356,1711,2023-12-27,2238.16,Travel,Debit,Hyderabad,0
4357,1530,2023-01-31,268.88,Food,Transfer,Mumbai,0
4358,3924,2023-11-04,1725.99,Electronics,Credit,Bangalore,0
4359,4971,2023-10-17,4365.12,Retail,Debit,Delhi,0
4360,2013,2024-01-01,4519.47,Food,Transfer,Delhi,0
4361,2660,2023-03-09,3429.7,Retail,Credit,Chennai,0
4362,3996,2022-04-01,384.19,Healthcare,Debit,Mumbai,0
4363,4844,2023-10-20,4221.29,Retail,Transfer,Delhi,0
4364,3504,2023-09-18,2490.73,Travel,Debit,Delhi,0
4365,3405,2022-05-18,723.01,Electronics,Transfer,Bangalore,0
4366,4259,2023-07-02,735.61,Retail,Credit,Delhi,0
4367,1988,2023-08-04,3348.88,Travel,Credit,Chennai,0
4368,2351,2023-11-07,2292.07,Entertainment,Credit,Bangalore,0
4369,1620,2023-06-03,3212.55,Entertainment,Transfer,Delhi,0
4370,4794,2023-09-26,2642.34,Retail,Credit,Delhi,0
4371,4823,2023-06-03,17.35,Electronics,Debit,Hyderabad,0
4372,4341,2023-07-23,3549.68,Healthcare,Transfer,Chennai,0
4373,1869,2022-09-11,3339.73,Food,Debit,Chennai,0
4374,1279,2022-11-15,3406.3,Healthcare,Transfer,Delhi,0
4375,3461,2022-06-30,1276.46,Entertainment,Debit,Delhi,0
4376,3732,2022-06-30,394.36,Travel,Credit,Mumbai,0
4377,2285,2022-05-21,359.38,Entertainment,Credit,Hyderabad,0
4378,4429,2023-07-22,2984.5,Travel,Credit,Chennai,0
4379,4546,2022-12-09,2754.32,Electronics,Debit,Hyderabad,0
4380,1083,2022-03-23,2766.17,Healthcare,Transfer,Chennai,0
4381,1552,2022-07-20,1200.67,Food,Credit,Hyderabad,0
4382,1752,2023-02-12,1788.87,Retail,Transfer,Hyderabad,0
4383,2488,2023-08-05,1792.92,Travel,Transfer,Chennai,0
4384,3730,2023-11-27,902.33,Entertainment,Debit,Bangalore,0
4385,2869,2022-01-15,4081.77,Electronics,Transfer,Hyderabad,0
4386,2511,2023-09-28,856.04,Entertainment,Debit,Hyderabad,0
4387,3479,2023-03-22,2842.88,Healthcare,Debit,Chennai,0
4388,3476,2023-12-04,2469.16,Food,Debit,Bangalore,0
4389,4829,2023-04-04,162.73,Healthcare,Credit,Mumbai,0
4390,1980,2023-06-26,747.58,Food,Transfer,Hyderabad,0
4391,3236,2022-06-04,2645.63,Entertainment,Credit,Mumbai,0
4392,3542,2022-02-14,4427.99,Entertainment,Transfer,Hyderabad,0
4393,2923,2023-09-05,103.5,Electronics,Transfer,Mumbai,0
4394,3749,2022-12-21,4496.01,Healthcare,Transfer,Mumbai,1
4395,1193,2022-04-24,4328.04,Healthcare,Transfer,Mumbai,0
4396,1589,2022-09-29,4025.55,Entertainment,Transfer,Mumbai,0
4397,3473,2022-11-30,963.37,Retail,Transfer,Hyderabad,0
4398,2206,2022-05-12,1556.07,Food,Credit,Delhi,0
4399,2900,2023-05-11,3581.12,Retail,Credit,Bangalore,0
4400,3071,2023-06-14,2818.25,Electronics,Credit,Bangalore,0
4401,4448,2023-07-11,4345.19,Travel,Transfer,Hyderabad,0
4402,4584,2023-02-03,3751.05,Travel,Credit,Mumbai,0
4403,4739,2023-01-22,1777.07,Electronics,Transfer,Bangalore,0
4404,1858,2022-10-07,3676.13,Travel,Debit,Bangalore,0
4405,2284,2022-11-17,668.69,Entertainment,Debit,Delhi,0
4406,4832,2022-08-01,4304.01,Retail,Debit,Delhi,0
4407,1948,2023-10-07,2706.91,Food,Debit,Delhi,0
4408,3766,2022-05-17,214.21,Retail,Debit,Chennai,0
4409,2154,2022-08-03,3375.04,Food,Debit,Hyderabad,0
4410,4077,2023-10-11,2565.38,Entertainment,Credit,Delhi,0
4411,2802,2022-09-18,3594.84,Electronics,Debit,Bangalore,0
4412,4623,2022-11-26,1526.9,Retail,Debit,Mumbai,0
4413,4427,2022-12-29,2681.42,Food,Debit,Bangalore,0
4414,3502,2022-05-15,3177.96,Food,Credit,Bangalore,0
4415,3836,2022-01-05,1096.81,Healthcare,Credit,Bangalore,0
4416,1543,2023-10-14,3679.52,Retail,Transfer,Delhi,0
4417,1395,2023-04-26,4133.27,Retail,Credit,Bangalore,0
4418,3596,2023-06-07,2289.23,Healthcare,Debit,Hyderabad,0
4419,2675,2022-11-14,4507.22,Travel,Credit,Hyderabad,0
4420,1464,2022-03-12,4320.18,Travel,Transfer,Bangalore,0
4421,3423,2022-01-23,1931.08,Travel,Transfer,Hyderabad,0
4422,4106,2023-10-01,3497.04,Electronics,Transfer,Bangalore,0
4423,1946,2023-07-06,3327.19,Retail,Credit,Hyderabad,0
4424,2295,2023-01-19,425.85,Electronics,Transfer,Mumbai,0
4425,1360,2023-06-20,1071.04,Travel,Transfer,Delhi,0
4426,1944,2022-12-05,1833.73,Healthcare,Debit,Bangalore,0
4427,3217,2023-10-22,3731.83,Retail,Transfer,Hyderabad,0
4428,3104,2022-05-19,1641.6,Healthcare,Debit,Delhi,0
4429,4570,2022-01-09,4631.61,Travel,Credit,Bangalore,0
4430,4207,2023-06-20,1366.35,Electronics,Transfer,Hyderabad,0
4431,3950,2022-06-26,2010.2,Healthcare,Transfer,Bangalore,0
4432,2110,2023-05-04,1534.4,Food,Credit,Hyderabad,0
4433,3383,2023-04-05,3478.46,Healthcare,Debit,Delhi,0
4434,1051,2022-10-02,1189.47,Entertainment,Debit,Mumbai,0
4435,4337,2023-01-28,3396.65,Entertainment,Transfer,Bangalore,0
4436,4902,2022-12-29,2334.49,Entertainment,Transfer,Bangalore,0
4437,2309,2023-01-11,3856.74,Electronics,Credit,Delhi,0
4438,2113,2023-08-15,2352.37,Travel,Debit,Mumbai,0
4439,3370,2023-11-26,671.04,Travel,Credit,Delhi,0
4440,3527,2022-10-06,986.84,Travel,Transfer,Chennai,0
4441,2462,2022-05-08,2177.47,Food,Transfer,Mumbai,0
4442,4395,2022-09-03,441.29,Healthcare,Debit,Delhi,0
4443,4463,2023-03-16,2248.74,Entertainment,Credit,Delhi,0
4444,3986,2023-05-31,4841.88,Electronics,Credit,Bangalore,0
4445,1445,2022-08-28,2030.14,Retail,Debit,Bangalore,0
4446,2743,2023-12-29,92.78,Electronics,Debit,Mumbai,0
4447,3262,2022-09-14,2981.06,Food,Credit,Hyderabad,0
4448,2820,2023-01-25,637.12,Food,Transfer,Bangalore,0
4449,1861,2022-12-05,1710.94,Travel,Debit,Chennai,0
4450,3762,2022-09-19,3253.72,Food,Debit,Delhi,0
4451,3749,2023-01-24,3712.71,Retail,Transfer,Mumbai,0
4452,1363,2022-03-03,3663.77,Travel,Debit,Hyderabad,0
4453,1999,2022-09-04,703.32,Entertainment,Credit,Hyderabad,0
4454,4352,2022-04-28,2740.36,Retail,Debit,Bangalore,0
4455,4592,2022-03-07,3329.02,Retail,Debit,Hyderabad,0
4456,1001,2023-04-04,2797.68,Retail,Credit,Hyderabad,0
4457,4814,2022-09-11,1435.25,Electronics,Transfer,Delhi,0
4458,4213,2023-02-23,3934.3,Entertainment,Credit,Hyderabad,0
4459,2157,2022-03-26,2951.41,Entertainment,Transfer,Delhi,1
4460,1257,2023-03-05,42.02,Healthcare,Transfer,Delhi,0
4461,1300,2023-03-16,4421.24,Healthcare,Debit,Bangalore,0
4462,2615,2023-10-28,1288.4,Electronics,Credit,Hyderabad,0
4463,4142,2023-07-20,2143.41,Entertainment,Transfer,Delhi,0
4464,4592,2022-08-09,1423.86,Retail,Transfer,Mumbai,0
4465,2452,2023-10-18,2780.28,Food,Debit,Bangalore,0
4466,4279,2023-05-30,1383.76,Electronics,Debit,Delhi,0
4467,1778,2023-10-07,2187.56,Travel,Transfer,Bangalore,0
4468,4528,2022-10-15,3857.63,Entertainment,Credit,Bangalore,1
4469,3663,2022-01-09,169.72,Travel,Credit,Delhi,0
4470,1252,2022-10-21,2793.31,Electronics,Debit,Delhi,0
4471,1942,2022-12-09,3221.68,Food,Credit,Hyderabad,0
4472,4503,2023-09-07,3913.51,Food,Credit,Bangalore,0
4473,4849,2023-12-13,2783.01,Entertainment,Credit,Hyderabad,0
4474,1153,2022-08-06,3536.74,Electronics,Credit,Hyderabad,0
4475,1963,2023-12-14,1175.28,Electronics,Debit,Hyderabad,0
4476,2545,2022-09-24,777.52,Retail,Credit,Hyderabad,0
4477,1921,2023-02-01,3708.94,Retail,Credit,Chennai,0
4478,4587,2023-07-21,1096.91,Healthcare,Transfer,Delhi,0
4479,4839,2022-10-24,3132.26,Travel,Transfer,Bangalore,0
4480,1050,2022-05-03,3100.06,Entertainment,Transfer,Hyderabad,0
4481,4046,2023-09-23,4276.31,Food,Transfer,Chennai,0
4482,3439,2023-09-23,4926.97,Retail,Transfer,Delhi,0
4483,3278,2022-01-05,3069.46,Travel,Debit,Delhi,0
4484,1711,2023-07-13,4376.5,Entertainment,Credit,Hyderabad,0
4485,3587,2023-11-07,2984.31,Travel,Credit,Mumbai,0
4486,2371,2023-01-24,2619.66,Entertainment,Debit,Delhi,0
4487,4806,2023-09-10,1994.52,Food,Credit,Hyderabad,0
4488,1955,2023-12-06,3382.12,Retail,Credit,Bangalore,0
4489,2904,2023-03-01,653.59,Food,Debit,Bangalore,0
4490,4543,2023-09-25,1354.18,Healthcare,Transfer,Hyderabad,0
4491,1203,2022-03-22,1771.1,Electronics,Credit,Bangalore,0
4492,1872,2023-04-19,1356.94,Entertainment,Debit,Delhi,0
4493,1701,2022-09-25,613.87,Entertainment,Debit,Chennai,0
4494,2318,2023-09-19,2497.4,Entertainment,Credit,Delhi,0
4495,1000,2022-12-07,2065.46,Travel,Transfer,Bangalore,0
4496,4448,2022-10-04,3695.48,Food,Credit,Mumbai,0
4497,2712,2022-05-28,4325.3,Electronics,Debit,Bangalore,0
4498,2505,2023-06-15,4377.88,Electronics,Credit,Hyderabad,0
4499,3053,2023-08-14,1058.93,Entertainment,Debit,Delhi,0
4500,2987,2022-10-19,1753.32,Entertainment,Credit,Chennai,0
4501,2070,2023-01-25,3475.91,Retail,Transfer,Chennai,0
4502,4337,2023-11-30,1615.84,Healthcare,Transfer,Chennai,0
4503,3218,2023-05-14,4444.1,Retail,Debit,Hyderabad,0
4504,1904,2023-07-14,2255.32,Healthcare,Credit,Delhi,0
4505,2110,2023-11-15,469.81,Electronics,Debit,Bangalore,0
4506,1833,2023-08-28,3702.63,Healthcare,Credit,Hyderabad,0
4507,4515,2022-06-23,4612.12,Electronics,Credit,Hyderabad,0
4508,3110,2023-12-03,3724.94,Food,Credit,Bangalore,0
4509,3554,2022-12-24,1448.09,Food,Debit,Hyderabad,0
4510,4790,2023-06-16,4215.37,Healthcare,Transfer,Mumbai,0
4511,2010,2022-12-05,3669.4,Food,Transfer,Chennai,0
4512,2911,2023-09-04,980.26,Retail,Credit,Mumbai,0
4513,4969,2022-10-01,4701.54,Travel,Credit,Mumbai,0
4514,1387,2022-01-26,1539.86,Healthcare,Debit,Bangalore,0
4515,3314,2023-03-18,2090.36,Retail,Credit,Bangalore,0
4516,3769,2023-11-08,1145.18,Electronics,Transfer,Mumbai,0
4517,4181,2022-09-19,4312.0,Travel,Credit,Bangalore,0
4518,3015,2023-06-21,2778.35,Food,Debit,Chennai,0
4519,3557,2023-07-01,4158.27,Retail,Debit,Delhi,0
4520,4560,2023-04-11,3582.2,Entertainment,Debit,Mumbai,0
4521,1740,2023-12-22,1082.57,Retail,Debit,Hyderabad,0
4522,4502,2022-03-30,172.22,Healthcare,Debit,Chennai,0
4523,3620,2022-02-08,3043.99,Travel,Debit,Hyderabad,0
4524,4449,2023-03-26,3362.96,Healthcare,Transfer,Delhi,0
4525,4983,2023-04-29,4714.12,Food,Credit,Delhi,0
4526,4406,2023-12-06,2400.49,Entertainment,Debit,Hyderabad,0
4527,4300,2022-06-02,1102.57,Entertainment,Transfer,Chennai,0
4528,4934,2023-05-05,631.98,Travel,Transfer,Mumbai,0
4529,3456,2022-11-09,4943.63,Retail,Credit,Mumbai,0
4530,4875,2023-03-19,139.8,Entertainment,Debit,Delhi,0
4531,4932,2023-07-26,3108.56,Entertainment,Credit,Hyderabad,0
4532,1375,2022-03-14,729.29,Retail,Transfer,Delhi,0
4533,1750,2023-05-25,2343.8,Travel,Debit,Bangalore,0
4534,1322,2022-02-18,3235.94,Retail,Debit,Bangalore,0
4535,3353,2023-10-24,2985.24,Retail,Debit,Bangalore,0
4536,2996,2023-07-26,4145.59,Travel,Credit,Delhi,0
4537,2888,2022-02-03,2493.07,Travel,Credit,Bangalore,0
4538,4649,2023-07-25,3301.43,Entertainment,Transfer,Delhi,0
4539,2513,2023-12-03,2978.04,Food,Debit,Hyderabad,0
4540,2034,2023-12-08,4852.33,Food,Credit,Delhi,0
4541,1135,2023-12-22,93.08,Entertainment,Transfer,Bangalore,0
4542,1598,2022-01-16,4099.62,Retail,Debit,Mumbai,0
4543,4288,2023-11-26,2575.75,Healthcare,Debit,Hyderabad,0
4544,3645,2022-11-27,357.35,Food,Transfer,Mumbai,0
4545,3144,2023-01-10,2094.26,Travel,Debit,Mumbai,1
4546,1021,2023-11-16,4989.29,Travel,Transfer,Bangalore,0
4547,4704,2023-06-03,1447.79,Travel,Transfer,Bangalore,0
4548,4720,2022-09-15,4481.76,Food,Debit,Bangalore,0
4549,2119,2023-09-17,874.83,Retail,Credit,Delhi,0
4550,2194,2023-09-13,3876.22,Travel,Debit,Mumbai,1
4551,1537,2023-09-20,2229.56,Healthcare,Transfer,Hyderabad,0
4552,1668,2023-12-26,2205.84,Food,Debit,Hyderabad,0
4553,4059,2023-06-12,2066.23,Entertainment,Debit,Mumbai,0
4554,2767,2022-07-28,4517.06,Travel,Credit,Hyderabad,0
4555,2584,2023-02-02,4529.41,Entertainment,Debit,Hyderabad,0
4556,1995,2022-11-03,4497.52,Retail,Debit,Hyderabad,0
4557,1736,2023-09-21,2074.88,Food,Credit,Delhi,0
4558,2018,2022-01-29,2545.43,Electronics,Debit,Bangalore,0
4559,2707,2023-10-11,1405.64,Retail,Debit,Bangalore,0
4560,2482,2023-03-06,935.12,Retail,Transfer,Chennai,0
4561,1687,2022-03-30,4627.0,Healthcare,Credit,Mumbai,0
4562,1226,2022-04-29,3722.84,Entertainment,Debit,Hyderabad,0
4563,1100,2022-11-16,3473.8,Entertainment,Transfer,Mumbai,0
4564,4596,2023-08-13,1454.04,Electronics,Debit,Chennai,0
4565,1215,2023-09-30,3201.39,Electronics,Transfer,Delhi,0
4566,3130,2022-09-22,2542.88,Travel,Debit,Bangalore,0
4567,2712,2023-02-07,2569.82,Electronics,Credit,Chennai,0
4568,4210,2022-03-24,4514.31,Travel,Transfer,Mumbai,0
4569,3646,2023-01-15,2225.73,Entertainment,Debit,Chennai,0
4570,1088,2022-10-11,3976.25,Food,Transfer,Mumbai,0
4571,2952,2023-10-06,3733.75,Healthcare,Transfer,Chennai,0
4572,3715,2022-08-26,4219.17,Entertainment,Transfer,Hyderabad,0
4573,3222,2023-05-18,3183.59,Travel,Credit,Hyderabad,0
4574,1151,2022-06-25,1574.69,Electronics,Debit,Chennai,0
4575,4166,2022-11-10,3590.33,Electronics,Credit,Chennai,0
4576,1446,2023-07-07,4981.15,Food,Credit,Delhi,0
4577,1106,2022-05-13,1569.61,Electronics,Debit,Chennai,0
4578,3382,2023-02-22,4095.57,Electronics,Debit,Delhi,0
4579,1051,2023-03-27,3267.52,Entertainment,Credit,Bangalore,0
4580,3496,2023-05-23,963.44,Entertainment,Credit,Hyderabad,0
4581,2488,2023-06-01,366.08,Food,Debit,Mumbai,0
4582,4242,2022-03-31,2166.46,Travel,Credit,Bangalore,0
4583,2283,2023-05-22,4164.55,Entertainment,Transfer,Chennai,0
4584,4251,2022-11-25,3911.28,Retail,Debit,Mumbai,0
4585,4217,2023-02-07,76.06,Entertainment,Transfer,Hyderabad,1
4586,4482,2022-02-20,2238.58,Retail,Transfer,Bangalore,0
4587,3698,2023-11-20,2953.01,Travel,Credit,Bangalore,0
4588,2139,2022-05-08,1247.16,Food,Debit,Hyderabad,0
4589,4615,2023-11-13,324.58,Travel,Credit,Chennai,0
4590,1698,2023-06-09,634.11,Food,Transfer,Delhi,0
4591,1486,2023-09-26,4798.0,Travel,Credit,Delhi,0
4592,4626,2022-12-25,1408.18,Retail,Debit,Bangalore,0
4593,1964,2023-01-26,1573.13,Entertainment,Debit,Delhi,1
4594,1434,2022-04-23,2617.2,Food,Debit,Delhi,0
4595,4492,2023-09-29,4411.08,Food,Credit,Mumbai,0
4596,1194,2022-09-21,2711.58,Travel,Transfer,Mumbai,0
4597,2967,2023-05-24,3512.36,Retail,Transfer,Mumbai,0
4598,1860,2022-06-08,920.31,Food,Credit,Bangalore,0
4599,1052,2023-09-27,3633.35,Food,Credit,Hyderabad,0
4600,4101,2022-01-09,1688.1,Food,Credit,Chennai,0
4601,1808,2022-05-08,1689.17,Food,Credit,Delhi,0
4602,1798,2022-04-04,3010.89,Electronics,Debit,Bangalore,0
4603,4588,2023-09-16,988.3,Healthcare,Debit,Chennai,0
4604,3769,2023-11-10,1637.19,Travel,Transfer,Hyderabad,0
4605,3426,2022-07-03,3216.03,Food,Credit,Chennai,0
4606,4121,2022-06-27,3755.29,Retail,Transfer,Bangalore,0
4607,2337,2022-05-06,1183.24,Food,Debit,Mumbai,0
4608,1857,2023-01-25,255.86,Electronics,Debit,Mumbai,0
4609,4935,2022-09-09,186.73,Electronics,Credit,Chennai,0
4610,2133,2022-07-03,3061.55,Travel,Credit,Mumbai,0
4611,1182,2022-06-01,4257.3,Travel,Transfer,Bangalore,0
4612,1114,2023-11-14,1427.42,Electronics,Credit,Mumbai,0
4613,1763,2022-09-30,397.4,Healthcare,Transfer,Delhi,0
4614,2263,2022-06-22,2346.39,Food,Transfer,Chennai,0
4615,3520,2022-05-26,1915.83,Travel,Transfer,Hyderabad,0
4616,4321,2022-01-01,903.96,Food,Credit,Delhi,0
4617,1362,2023-12-08,1667.91,Healthcare,Credit,Mumbai,0
4618,2757,2023-11-12,4079.93,Travel,Debit,Bangalore,0
4619,2308,2023-10-05,4506.91,Travel,Debit,Bangalore,0
4620,3493,2023-07-18,670.46,Entertainment,Credit,Bangalore,0
4621,1012,2022-04-25,2801.1,Healthcare,Credit,Delhi,0
4622,3458,2023-04-09,3574.43,Entertainment,Transfer,Delhi,0
4623,1106,2023-08-24,3091.8,Electronics,Debit,Mumbai,0
4624,3003,2023-02-24,4572.02,Food,Credit,Bangalore,0
4625,2530,2023-04-13,508.06,Food,Transfer,Mumbai,0
4626,3411,2023-08-15,2192.81,Electronics,Debit,Bangalore,0
4627,4047,2023-01-15,94.07,Healthcare,Transfer,Hyderabad,0
4628,3248,2023-02-24,2098.9,Food,Transfer,Hyderabad,0
4629,1727,2022-08-23,2744.56,Food,Debit,Mumbai,0
4630,2889,2022-11-05,1259.62,Healthcare,Transfer,Delhi,0
4631,1427,2022-01-14,927.71,Travel,Debit,Chennai,0
4632,3261,2022-03-10,2896.23,Healthcare,Debit,Chennai,0
4633,1271,2023-03-24,2300.72,Retail,Debit,Bangalore,0
4634,1760,2022-01-22,1470.81,Entertainment,Credit,Chennai,0
4635,4199,2022-12-31,1720.98,Travel,Transfer,Hyderabad,0
4636,3149,2022-09-29,1203.35,Healthcare,Transfer,Delhi,0
4637,4419,2022-08-16,532.86,Electronics,Credit,Chennai,0
4638,1801,2022-04-23,4671.05,Food,Debit,Delhi,0
4639,2169,2023-02-07,4484.45,Food,Credit,Chennai,0
4640,2956,2023-12-02,2454.88,Retail,Debit,Chennai,0
4641,2434,2023-11-06,2259.89,Electronics,Transfer,Delhi,0
4642,1529,2022-03-06,1561.31,Retail,Credit,Hyderabad,0
4643,2983,2022-03-01,4550.96,Entertainment,Credit,Bangalore,0
4644,4117,2023-02-09,1946.27,Entertainment,Credit,Mumbai,0
4645,1878,2022-03-05,1887.43,Travel,Debit,Bangalore,0
4646,2735,2022-10-27,693.39,Entertainment,Debit,Bangalore,0
4647,1170,2023-03-13,1686.96,Electronics,Transfer,Delhi,0
4648,3181,2023-03-12,1986.53,Electronics,Credit,Bangalore,0
4649,2649,2023-07-22,2729.51,Retail,Credit,Hyderabad,0
4650,4494,2023-08-13,4375.98,Entertainment,Credit,Chennai,0
4651,4725,2022-03-13,3730.21,Food,Debit,Hyderabad,0
4652,3998,2022-06-21,2103.31,Retail,Transfer,Delhi,0
4653,4832,2022-11-18,2559.66,Entertainment,Debit,Mumbai,0
4654,1750,2022-04-07,2797.83,Retail,Debit,Mumbai,0
4655,3667,2022-06-01,4781.41,Retail,Debit,Delhi,0
4656,2997,2023-03-01,2525.76,Entertainment,Debit,Mumbai,0
4657,3615,2023-06-03,4782.75,Travel,Debit,Bangalore,0
4658,1572,2022-04-23,4821.65,Healthcare,Credit,Bangalore,1
4659,3554,2023-04-15,1480.83,Entertainment,Debit,Hyderabad,0
4660,2831,2022-01-31,2282.7,Retail,Transfer,Hyderabad,0
4661,3072,2023-10-21,4798.99,Electronics,Transfer,Bangalore,0
4662,3344,2022-11-28,4264.78,Retail,Debit,Chennai,1
4663,3228,2023-07-10,597.74,Entertainment,Transfer,Chennai,1
4664,3736,2023-09-30,499.52,Electronics,Debit,Hyderabad,0
4665,4507,2022-06-22,3427.16,Healthcare,Credit,Mumbai,0
4666,1222,2023-09-15,4493.34,Electronics,Debit,Hyderabad,0
4667,3766,2023-09-09,3407.7,Healthcare,Credit,Mumbai,0
4668,2265,2023-08-18,1653.72,Retail,Debit,Delhi,0
4669,2121,2022-03-14,929.7,Retail,Debit,Hyderabad,0
4670,3263,2023-07-22,4499.43,Electronics,Credit,Bangalore,0
4671,2997,2023-12-22,293.64,Food,Transfer,Hyderabad,0
4672,1372,2023-02-08,1411.11,Retail,Debit,Delhi,0
4673,4593,2023-09-30,147.45,Electronics,Credit,Chennai,0
4674,2920,2023-09-25,110.69,Travel,Credit,Chennai,0
4675,1147,2022-09-03,246.47,Entertainment,Credit,Hyderabad,0
4676,1453,2022-12-17,3545.58,Healthcare,Transfer,Hyderabad,0
4677,4766,2022-02-25,2815.52,Retail,Debit,Delhi,0
4678,3654,2023-05-14,3979.69,Food,Debit,Mumbai,0
4679,2632,2022-09-15,1028.88,Travel,Debit,Chennai,0
4680,3917,2022-07-17,956.42,Electronics,Transfer,Hyderabad,0
4681,3122,2023-09-11,933.59,Retail,Transfer,Delhi,0
4682,2523,2022-12-26,3213.7,Entertainment,Credit,Hyderabad,0
4683,3125,2023-01-12,845.01,Food,Debit,Mumbai,0
4684,3846,2023-10-13,1891.94,Food,Transfer,Delhi,0
4685,2566,2023-09-04,1539.49,Retail,Credit,Bangalore,0
4686,3702,2023-08-19,3004.24,Healthcare,Credit,Mumbai,0
4687,2175,2023-12-28,2918.78,Travel,Debit,Delhi,0
4688,4605,2023-04-02,4149.32,Healthcare,Debit,Delhi,1
4689,1753,2022-10-08,2621.68,Healthcare,Transfer,Hyderabad,0
4690,1662,2023-04-12,4005.27,Entertainment,Transfer,Mumbai,0
4691,2581,2023-10-10,2298.74,Food,Transfer,Chennai,0
4692,3284,2023-06-10,2530.56,Food,Transfer,Chennai,0
4693,2596,2022-05-22,485.07,Travel,Credit,Mumbai,0
4694,4703,2023-10-20,2697.08,Food,Debit,Hyderabad,0
4695,3992,2023-05-22,3318.24,Electronics,Transfer,Hyderabad,0
4696,4012,2022-09-26,2435.75,Healthcare,Transfer,Hyderabad,0
4697,1550,2023-10-01,1614.44,Entertainment,Debit,Mumbai,0
4698,1274,2023-08-19,1928.61,Electronics,Debit,Delhi,0
4699,1537,2022-11-02,3313.59,Food,Transfer,Chennai,0
4700,4166,2023-05-12,4120.64,Entertainment,Debit,Hyderabad,0
4701,2141,2022-01-22,4327.52,Food,Credit,Mumbai,0
4702,3300,2022-07-01,4014.11,Food,Credit,Bangalore,0
4703,1573,2022-07-26,2491.39,Electronics,Credit,Hyderabad,0
4704,1798,2022-12-14,4409.01,Healthcare,Transfer,Hyderabad,0
4705,1403,2023-07-03,2131.83,Electronics,Transfer,Hyderabad,0
4706,1145,2023-03-24,1385.99,Travel,Credit,Chennai,0
4707,1987,2023-01-08,41.74,Healthcare,Credit,Bangalore,0
4708,1228,2023-12-10,4708.78,Retail,Credit,Bangalore,0
4709,1206,2023-02-22,4747.78,Entertainment,Debit,Chennai,0
4710,1045,2022-03-19,1761.63,Travel,Credit,Bangalore,0
4711,4900,2022-08-22,2574.07,Travel,Transfer,Chennai,0
4712,3645,2022-01-10,4007.86,Food,Debit,Mumbai,0
4713,2784,2022-01-24,4596.13,Electronics,Credit,Bangalore,0
4714,3950,2022-08-30,4418.91,Healthcare,Transfer,Bangalore,0
4715,2357,2023-04-01,1570.37,Electronics,Credit,Hyderabad,1
4716,1314,2023-04-06,3410.39,Electronics,Transfer,Delhi,0
4717,2841,2022-08-11,4305.04,Retail,Credit,Bangalore,0
4718,2481,2023-06-07,1307.84,Travel,Transfer,Bangalore,0
4719,3087,2023-05-26,2452.44,Electronics,Debit,Hyderabad,0
4720,3456,2023-12-10,2834.41,Entertainment,Transfer,Bangalore,0
4721,4738,2023-03-15,1091.82,Electronics,Transfer,Mumbai,0
4722,3034,2023-10-17,1655.69,Entertainment,Debit,Delhi,0
4723,3219,2022-05-21,1377.62,Healthcare,Credit,Hyderabad,0
4724,3590,2022-09-13,3037.46,Retail,Debit,Chennai,0
4725,2041,2023-11-27,4042.5,Retail,Transfer,Bangalore,0
4726,3537,2023-02-21,4914.7,Food,Debit,Hyderabad,0
4727,1516,2022-09-10,1223.41,Healthcare,Transfer,Chennai,0
4728,4378,2023-04-02,4663.83,Travel,Transfer,Chennai,0
4729,4964,2022-11-22,1340.48,Entertainment,Debit,Chennai,0
4730,4414,2023-02-01,2152.38,Travel,Transfer,Delhi,0
4731,1138,2022-05-29,1520.87,Food,Debit,Chennai,0
4732,3034,2023-05-18,708.66,Electronics,Debit,Delhi,0
4733,3052,2023-12-25,3633.17,Entertainment,Credit,Chennai,0
4734,3024,2022-11-28,1760.4,Entertainment,Credit,Mumbai,0
4735,3592,2022-01-11,4817.27,Electronics,Debit,Chennai,0
4736,4027,2022-04-03,373.83,Travel,Transfer,Delhi,0
4737,2960,2023-03-11,149.59,Healthcare,Credit,Bangalore,0
4738,2291,2022-04-03,2250.23,Healthcare,Credit,Hyderabad,0
4739,2507,2022-05-01,2074.39,Entertainment,Credit,Bangalore,0
4740,3236,2023-02-09,1827.08,Travel,Transfer,Bangalore,0
4741,1786,2023-01-05,378.01,Entertainment,Transfer,Bangalore,0
4742,2819,2022-05-03,3229.81,Entertainment,Debit,Hyderabad,0
4743,2423,2022-02-06,4476.3,Travel,Debit,Mumbai,0
4744,2712,2022-02-11,1301.99,Entertainment,Credit,Bangalore,0
4745,3176,2022-08-29,4935.62,Food,Credit,Hyderabad,0
4746,4125,2023-12-13,4601.04,Food,Transfer,Chennai,0
4747,3682,2022-06-26,2664.36,Retail,Credit,Hyderabad,0
4748,2297,2023-12-10,3376.1,Travel,Credit,Mumbai,0
4749,3556,2023-04-21,3345.01,Travel,Credit,Bangalore,0
4750,1301,2022-09-18,4497.7,Healthcare,Transfer,Chennai,0
4751,4579,2023-08-04,1595.94,Food,Transfer,Hyderabad,0
4752,4054,2022-05-19,4668.63,Food,Credit,Delhi,0
4753,3668,2023-10-29,565.52,Food,Transfer,Mumbai,0
4754,2274,2022-09-10,311.27,Healthcare,Transfer,Mumbai,0
4755,3985,2022-12-06,2181.52,Travel,Transfer,Bangalore,0
4756,2552,2023-12-23,495.32,Entertainment,Debit,Mumbai,0
4757,1066,2022-12-31,3657.56,Retail,Credit,Mumbai,0
4758,3523,2023-04-19,4819.18,Entertainment,Credit,Delhi,0
4759,4232,2023-02-20,726.73,Electronics,Transfer,Mumbai,0
4760,4497,2023-06-10,746.77,Healthcare,Credit,Mumbai,0
4761,3430,2023-03-29,349.28,Food,Transfer,Bangalore,0
4762,2687,2022-08-29,2097.33,Healthcare,Debit,Chennai,0
4763,3360,2023-09-27,3551.41,Food,Credit,Chennai,0
4764,2344,2022-11-05,1763.33,Entertainment,Transfer,Mumbai,0
4765,1486,2023-11-27,831.99,Retail,Transfer,Mumbai,0
4766,3143,2022-04-30,241.88,Travel,Credit,Delhi,0
4767,4689,2023-11-28,3309.49,Travel,Transfer,Delhi,0
4768,4202,2023-07-28,3586.01,Travel,Transfer,Mumbai,0
4769,3113,2022-12-09,808.22,Entertainment,Transfer,Mumbai,0
4770,1481,2022-03-05,2574.27,Travel,Transfer,Hyderabad,0
4771,4512,2022-02-26,1545.47,Healthcare,Transfer,Hyderabad,0
4772,4498,2022-03-01,413.33,Travel,Debit,Delhi,0
4773,3027,2023-11-13,3510.03,Entertainment,Credit,Bangalore,0
4774,3367,2023-10-07,2479.51,Healthcare,Debit,Mumbai,0
4775,3064,2022-12-15,1638.67,Healthcare,Transfer,Mumbai,0
4776,1296,2023-05-26,1205.79,Electronics,Transfer,Chennai,0
4777,4564,2022-07-21,283.69,Entertainment,Debit,Hyderabad,0
4778,2647,2022-07-29,926.59,Retail,Credit,Chennai,0
4779,3914,2022-01-23,2075.59,Retail,Debit,Bangalore,0
4780,3054,2023-09-07,2194.03,Healthcare,Transfer,Chennai,0
4781,4921,2022-04-09,2404.09,Travel,Debit,Hyderabad,0
4782,4184,2022-08-08,818.21,Entertainment,Debit,Chennai,0
4783,2333,2023-04-18,593.14,Food,Debit,Chennai,0
4784,4634,2023-03-21,1705.61,Travel,Credit,Bangalore,0
4785,4064,2022-02-23,2464.36,Retail,Credit,Mumbai,0
4786,2108,2022-01-11,4334.64,Food,Credit,Chennai,0
4787,1304,2022-01-19,4024.27,Retail,Credit,Chennai,0
4788,4132,2022-11-06,4810.54,Retail,Transfer,Delhi,0
4789,4211,2022-05-12,3966.62,Travel,Credit,Hyderabad,0
4790,1090,2022-10-14,4291.38,Entertainment,Credit,Chennai,0
4791,4136,2022-03-11,2403.15,Healthcare,Debit,Mumbai,0
4792,4996,2023-08-08,4987.46,Food,Transfer,Mumbai,0
4793,2240,2022-05-03,3637.34,Entertainment,Credit,Chennai,0
4794,1188,2022-08-06,4178.2,Entertainment,Credit,Mumbai,0
4795,2597,2022-05-21,4643.77,Healthcare,Transfer,Delhi,0
4796,1592,2022-03-18,4025.21,Retail,Transfer,Hyderabad,0
4797,1915,2022-02-05,2113.55,Food,Debit,Bangalore,0
4798,3191,2023-05-30,2266.44,Healthcare,Credit,Mumbai,0
4799,1822,2023-09-20,1443.18,Healthcare,Debit,Hyderabad,0
4800,1861,2022-11-28,808.49,Food,Debit,Chennai,0
4801,3506,2023-07-23,4147.92,Food,Transfer,Hyderabad,0
4802,4156,2022-12-21,1516.92,Electronics,Credit,Mumbai,0
4803,4176,2022-12-25,4386.14,Entertainment,Credit,Chennai,1
4804,3842,2023-07-02,1812.25,Entertainment,Credit,Delhi,0
4805,1215,2022-10-30,1205.68,Healthcare,Debit,Mumbai,0
4806,2741,2022-08-23,1293.15,Healthcare,Transfer,Hyderabad,0
4807,3514,2022-06-30,4663.52,Entertainment,Credit,Mumbai,0
4808,2002,2023-12-04,3663.72,Food,Credit,Hyderabad,0
4809,3510,2023-04-21,533.43,Electronics,Transfer,Bangalore,0
4810,2874,2023-06-27,1243.54,Retail,Debit,Delhi,0
4811,3163,2023-08-02,3374.73,Retail,Debit,Delhi,0
4812,4422,2023-07-30,3880.69,Healthcare,Transfer,Delhi,1
4813,4540,2023-06-30,2968.34,Food,Transfer,Bangalore,0
4814,3484,2022-06-05,205.36,Retail,Credit,Delhi,0
4815,4513,2023-06-05,2722.51,Travel,Transfer,Bangalore,0
4816,1226,2022-07-02,211.25,Travel,Debit,Bangalore,0
4817,2775,2022-12-04,2302.33,Electronics,Credit,Mumbai,0
4818,2923,2023-02-14,4335.45,Food,Debit,Mumbai,0
4819,2378,2023-06-29,2144.7,Travel,Transfer,Mumbai,0
4820,1478,2022-07-21,2963.41,Retail,Transfer,Mumbai,0
4821,1132,2022-03-25,3662.62,Travel,Debit,Chennai,0
4822,2109,2022-07-19,274.09,Retail,Transfer,Hyderabad,0
4823,2732,2022-05-03,862.38,Healthcare,Debit,Hyderabad,0
4824,3523,2022-07-17,4991.75,Travel,Debit,Delhi,0
4825,4419,2022-09-29,1001.29,Retail,Credit,Mumbai,0
4826,4794,2023-08-09,534.13,Retail,Transfer,Chennai,0
4827,4110,2023-07-31,3470.04,Electronics,Transfer,Mumbai,0
4828,1567,2022-03-08,1107.57,Travel,Debit,Delhi,0
4829,1831,2023-12-01,1002.84,Travel,Debit,Bangalore,0
4830,3177,2023-02-20,2326.75,Retail,Debit,Delhi,0
4831,4311,2022-02-10,804.06,Healthcare,Transfer,Mumbai,0
4832,2427,2022-12-11,4633.11,Entertainment,Transfer,Hyderabad,0
4833,3266,2023-11-22,175.19,Retail,Debit,Bangalore,0
4834,1313,2023-05-12,2144.35,Entertainment,Debit,Hyderabad,0
4835,4041,2023-11-26,1691.3,Retail,Transfer,Hyderabad,0
4836,1364,2022-05-23,1727.09,Travel,Debit,Delhi,0
4837,2708,2023-06-04,4580.51,Travel,Transfer,Delhi,0
4838,1278,2022-08-19,3988.53,Healthcare,Credit,Chennai,0
4839,3225,2023-11-22,1706.07,Food,Transfer,Delhi,0
4840,4710,2023-08-21,3054.6,Entertainment,Transfer,Bangalore,0
4841,3276,2023-07-27,4178.25,Healthcare,Credit,Hyderabad,0
4842,4178,2023-10-24,3676.06,Food,Transfer,Mumbai,0
4843,3889,2022-04-18,3997.23,Electronics,Debit,Chennai,0
4844,4514,2022-09-17,2392.0,Electronics,Debit,Delhi,0
4845,4171,2022-04-14,1937.43,Retail,Debit,Hyderabad,0
4846,2958,2023-12-31,3503.75,Food,Credit,Delhi,0
4847,1809,2022-10-11,2413.34,Entertainment,Transfer,Hyderabad,0
4848,4496,2022-10-12,1082.61,Healthcare,Debit,Mumbai,0
4849,2383,2023-04-07,689.61,Retail,Debit,Delhi,0
4850,1977,2022-12-19,1822.05,Retail,Debit,Delhi,0
4851,3555,2023-08-28,3764.23,Entertainment,Transfer,Mumbai,0
4852,3874,2023-03-20,3864.77,Entertainment,Debit,Delhi,0
4853,2840,2022-04-08,1145.12,Retail,Debit,Delhi,0
4854,1315,2023-06-09,2077.0,Travel,Credit,Chennai,0
4855,2738,2023-10-14,499.32,Entertainment,Transfer,Hyderabad,0
4856,4881,2023-10-28,1535.21,Retail,Transfer,Bangalore,0
4857,4897,2022-09-15,2492.75,Electronics,Transfer,Chennai,0
4858,1719,2023-11-02,2433.23,Entertainment,Transfer,Mumbai,0
4859,1524,2022-08-29,2686.53,Travel,Credit,Chennai,0
4860,3887,2023-10-24,2917.68,Electronics,Credit,Mumbai,0
4861,3004,2022-12-05,4920.49,Electronics,Debit,Chennai,0
4862,2008,2022-02-05,3260.05,Retail,Transfer,Mumbai,0
4863,1265,2022-12-31,2790.88,Electronics,Debit,Bangalore,0
4864,4257,2022-05-01,2561.77,Retail,Transfer,Mumbai,0
4865,3713,2023-01-31,3136.22,Food,Credit,Chennai,0
4866,2663,2023-10-05,1860.14,Healthcare,Credit,Delhi,0
4867,4267,2023-09-17,241.84,Food,Credit,Mumbai,0
4868,2314,2023-08-23,1267.37,Food,Debit,Hyderabad,1
4869,4938,2022-06-17,2429.54,Retail,Transfer,Hyderabad,0
4870,2865,2022-02-27,1601.69,Entertainment,Transfer,Hyderabad,0
4871,1060,2022-06-26,4786.96,Food,Debit,Mumbai,0
4872,2117,2023-08-07,2722.7,Electronics,Transfer,Chennai,0
4873,4943,2023-08-25,2203.77,Food,Credit,Mumbai,0
4874,3675,2023-05-12,2970.73,Entertainment,Debit,Bangalore,0
4875,3320,2022-01-26,1098.55,Travel,Debit,Mumbai,0
4876,1070,2023-06-28,1503.62,Electronics,Credit,Chennai,0
4877,4845,2023-11-20,2109.52,Entertainment,Transfer,Bangalore,0
4878,1857,2023-12-14,4895.51,Food,Credit,Delhi,0
4879,1469,2023-04-25,2907.16,Food,Credit,Hyderabad,0
4880,3957,2023-08-17,826.76,Travel,Debit,Mumbai,0
4881,1540,2023-04-12,3030.78,Retail,Debit,Chennai,0
4882,3404,2023-10-30,3127.98,Entertainment,Credit,Mumbai,0
4883,3139,2023-02-06,447.33,Healthcare,Transfer,Hyderabad,0
4884,2715,2022-09-24,3250.41,Entertainment,Debit,Mumbai,0
4885,4823,2023-09-02,2209.49,Electronics,Credit,Mumbai,0
4886,3478,2022-12-27,1805.55,Electronics,Debit,Bangalore,0
4887,2978,2023-10-30,3884.55,Healthcare,Credit,Delhi,0
4888,3929,2023-09-14,1151.31,Healthcare,Credit,Hyderabad,0
4889,2719,2023-05-24,2245.2,Healthcare,Credit,Delhi,0
4890,4233,2022-05-25,2507.71,Retail,Transfer,Bangalore,0
4891,2639,2022-05-05,2474.41,Electronics,Transfer,Chennai,0
4892,2845,2023-12-11,1829.29,Travel,Debit,Chennai,0
4893,3062,2023-12-23,1572.32,Retail,Debit,Chennai,0
4894,1779,2023-12-24,3429.21,Food,Credit,Bangalore,0
4895,2494,2023-03-21,2736.05,Retail,Transfer,Chennai,0
4896,4088,2023-08-10,325.69,Travel,Debit,Mumbai,0
4897,1894,2023-05-28,2357.11,Retail,Transfer,Bangalore,0
4898,4719,2023-07-21,4697.01,Entertainment,Transfer,Bangalore,0
4899,2382,2023-06-29,4739.97,Electronics,Debit,Bangalore,0
4900,4185,2023-11-24,527.58,Retail,Transfer,Hyderabad,0
4901,2195,2022-11-02,3876.39,Healthcare,Transfer,Hyderabad,0
4902,1157,2023-10-28,2865.08,Food,Credit,Delhi,0
4903,1444,2022-09-05,1309.99,Entertainment,Transfer,Chennai,0
4904,3532,2023-10-15,3795.17,Food,Credit,Delhi,0
4905,4183,2022-05-16,837.35,Electronics,Transfer,Chennai,0
4906,2127,2023-12-07,4849.73,Food,Credit,Delhi,0
4907,1294,2023-07-28,367.81,Food,Transfer,Hyderabad,0
4908,3014,2022-11-26,2538.73,Retail,Debit,Hyderabad,0
4909,4534,2023-01-17,4075.43,Healthcare,Transfer,Delhi,0
4910,2902,2023-01-17,4766.13,Food,Debit,Mumbai,0
4911,2558,2022-08-10,1248.4,Food,Credit,Hyderabad,0
4912,1663,2023-03-07,94.28,Entertainment,Transfer,Mumbai,0
4913,3158,2022-11-22,1034.54,Healthcare,Debit,Bangalore,0
4914,3817,2023-05-31,4286.33,Electronics,Debit,Mumbai,0
4915,4186,2022-03-03,1986.86,Travel,Credit,Chennai,0
4916,3588,2023-03-06,2590.98,Travel,Credit,Mumbai,0
4917,1917,2022-08-11,1585.63,Food,Debit,Chennai,0
4918,4489,2023-09-09,4406.85,Food,Debit,Hyderabad,0
4919,1217,2023-11-23,3331.96,Electronics,Debit,Chennai,0
4920,2122,2022-02-07,350.09,Entertainment,Credit,Hyderabad,0
4921,1222,2022-03-16,4952.08,Healthcare,Debit,Delhi,0
4922,4910,2023-11-15,1581.48,Entertainment,Transfer,Chennai,0
4923,2602,2022-10-24,750.78,Food,Debit,Bangalore,0
4924,3235,2023-12-30,1094.79,Electronics,Debit,Mumbai,0
4925,1630,2022-12-30,2886.08,Electronics,Credit,Delhi,0
4926,4129,2022-05-04,2838.17,Food,Debit,Chennai,0
4927,3944,2022-03-23,2787.27,Entertainment,Debit,Hyderabad,0
4928,2028,2022-12-12,1681.06,Electronics,Debit,Bangalore,0
4929,3973,2023-05-24,1079.43,Electronics,Transfer,Hyderabad,0
4930,1458,2022-07-04,1647.91,Electronics,Transfer,Hyderabad,0
4931,3610,2022-03-22,2266.63,Food,Debit,Delhi,0
4932,3910,2023-07-01,2768.14,Retail,Transfer,Chennai,0
4933,1035,2023-03-24,1656.84,Retail,Credit,Bangalore,0
4934,1849,2023-01-12,4925.98,Electronics,Debit,Hyderabad,0
4935,4660,2022-08-14,2597.62,Food,Transfer,Chennai,0
4936,4466,2022-11-30,4102.04,Healthcare,Debit,Chennai,0
4937,3583,2023-05-11,1972.8,Entertainment,Transfer,Hyderabad,0
4938,2832,2023-09-02,3656.75,Retail,Credit,Hyderabad,0
4939,3844,2022-12-06,562.16,Electronics,Debit,Delhi,0
4940,4943,2023-08-31,4806.12,Food,Credit,Mumbai,0
4941,1820,2023-10-27,1996.97,Entertainment,Credit,Chennai,0
4942,2456,2023-05-06,1535.59,Food,Credit,Bangalore,0
4943,4594,2023-05-23,3576.96,Food,Credit,Chennai,0
4944,3147,2023-04-12,3059.03,Healthcare,Debit,Chennai,0
4945,2100,2023-12-29,2220.62,Retail,Debit,Delhi,0
4946,1512,2023-01-05,570.0,Entertainment,Transfer,Hyderabad,0
4947,2785,2022-07-24,4557.48,Food,Transfer,Mumbai,0
4948,1811,2023-11-29,2231.19,Travel,Credit,Bangalore,0
4949,3431,2023-05-03,1749.87,Travel,Transfer,Chennai,0
4950,3169,2023-06-08,1310.05,Entertainment,Transfer,Bangalore,0
4951,1624,2022-02-26,1698.57,Electronics,Credit,Mumbai,0
4952,3798,2022-05-29,1230.7,Retail,Transfer,Hyderabad,0
4953,3197,2023-11-06,4466.98,Entertainment,Debit,Delhi,0
4954,3100,2023-02-11,4424.27,Healthcare,Transfer,Chennai,0
4955,3002,2022-07-24,3530.0,Healthcare,Credit,Chennai,0
4956,2130,2022-10-02,2579.24,Electronics,Transfer,Chennai,0
4957,1060,2022-12-10,4029.01,Entertainment,Transfer,Chennai,0
4958,3899,2022-09-20,4974.34,Entertainment,Credit,Delhi,0
4959,3747,2022-12-14,759.96,Electronics,Debit,Mumbai,0
4960,4086,2022-07-22,137.97,Entertainment,Debit,Delhi,0
4961,2816,2022-01-23,2455.84,Healthcare,Credit,Bangalore,0
4962,3545,2023-11-07,1834.5,Entertainment,Debit,Delhi,0
4963,3673,2022-07-28,2746.04,Electronics,Transfer,Bangalore,0
4964,3147,2023-10-24,423.48,Retail,Debit,Hyderabad,0
4965,2720,2022-07-28,158.37,Travel,Transfer,Hyderabad,0
4966,1741,2022-04-11,1123.82,Healthcare,Transfer,Chennai,0
4967,4198,2023-02-17,4907.23,Travel,Debit,Bangalore,0
4968,2480,2023-08-11,102.58,Retail,Credit,Hyderabad,0
4969,2081,2022-12-11,216.24,Electronics,Credit,Hyderabad,0
4970,3317,2022-10-25,3056.68,Healthcare,Transfer,Mumbai,0
4971,2735,2022-08-03,10.86,Electronics,Credit,Chennai,0
4972,2836,2022-11-08,1377.82,Entertainment,Transfer,Mumbai,0
4973,4093,2022-12-08,4064.86,Retail,Debit,Mumbai,0
4974,2129,2022-12-27,2105.13,Food,Debit,Delhi,0
4975,4669,2022-11-04,4159.01,Electronics,Transfer,Hyderabad,0
4976,1741,2023-08-31,3077.63,Food,Transfer,Chennai,0
4977,4061,2023-01-18,4964.27,Electronics,Credit,Hyderabad,0
4978,2934,2023-03-14,588.78,Electronics,Credit,Delhi,0
4979,4477,2023-04-27,4489.9,Electronics,Transfer,Delhi,0
4980,2728,2023-04-26,2016.32,Healthcare,Credit,Bangalore,0
4981,3051,2023-11-02,4288.38,Travel,Transfer,Chennai,0
4982,3454,2023-10-18,2996.55,Entertainment,Credit,Chennai,0
4983,1580,2022-11-05,1480.05,Healthcare,Transfer,Hyderabad,0
4984,1672,2023-09-26,3153.31,Healthcare,Credit,Chennai,0
4985,2850,2022-02-18,1616.03,Entertainment,Transfer,Mumbai,0
4986,1312,2022-12-01,640.74,Travel,Transfer,Mumbai,0
4987,4938,2023-12-04,4652.59,Travel,Debit,Chennai,0
4988,3047,2023-12-09,4485.52,Healthcare,Transfer,Bangalore,0
4989,1182,2023-10-10,2655.97,Food,Debit,Delhi,0
4990,3935,2023-01-27,3189.14,Entertainment,Debit,Mumbai,0
4991,2990,2022-03-15,1879.92,Healthcare,Debit,Hyderabad,0
4992,1409,2022-02-07,4539.51,Electronics,Debit,Hyderabad,0
4993,4245,2023-08-05,2816.17,Retail,Credit,Chennai,0
4994,3188,2022-12-11,1352.11,Travel,Credit,Bangalore,0
4995,4808,2023-01-01,4666.27,Electronics,Transfer,Mumbai,0
4996,1760,2022-04-08,2777.75,Travel,Transfer,Chennai,0
4997,4749,2022-04-28,1610.07,Healthcare,Credit,Hyderabad,0
4998,1442,2022-08-19,3297.05,Entertainment,Debit,Hyderabad,0
4999,4549,2022-07-15,2002.31,Electronics,Debit,Chennai,0
5000,2550,2023-07-10,3501.71,Entertainment,Debit,Delhi,0
